object_path,asset_name,asset_class_path,parent_class_path,native_parent_class_path,provisional_tier,provisional_reasons_json,descendant_count,referencer_count,component_reuse_count,cross_domain_reference_count,registry_usage_count,native_call_count,query_hit_count,existing_report_count,tier_sample_rank,sample_method
/Game/PrimalEarth/Human/Male/Animations/ASA/TPV/Movement/HM_TPV_Emote_Easter_Sunbathe_Full.HM_TPV_Emote_Easter_Sunbathe_Full,HM_TPV_Emote_Easter_Sunbathe_Full,/Script/Engine.AnimMontage,UNKNOWN,UNKNOWN,0,"[""global_or_system_registration"",""referenced_by_assets"",""lightweight_catalog_only""]",0,4,0,1,2,0,,,1,top structural and demand signals within provisional tier
/Game/PrimalEarth/Human/Female/Hair/FacialDreadlocks/SK_Female_FacialHair_DreadBeard_Long.SK_Female_FacialHair_DreadBeard_Long,SK_Female_FacialHair_DreadBeard_Long,/Script/Engine.SkeletalMesh,UNKNOWN,UNKNOWN,0,"[""global_or_system_registration"",""referenced_by_assets"",""lightweight_catalog_only""]",0,7,0,1,1,0,,,2,top structural and demand signals within provisional tier
/Game/PrimalEarth/Human/Male/Hair/FacialStark/SK_StarkBeard_FacialHair.SK_StarkBeard_FacialHair,SK_StarkBeard_FacialHair,/Script/Engine.SkeletalMesh,UNKNOWN,UNKNOWN,0,"[""global_or_system_registration"",""referenced_by_assets"",""lightweight_catalog_only""]",0,7,0,1,1,0,,,3,top structural and demand signals within provisional tier
/Game/ScorchedEarth/Human/Female/Animations/ASA/TPV/Movement/HF_TPV_Emote_SE_Standoff_Montage.HF_TPV_Emote_SE_Standoff_Montage,HF_TPV_Emote_SE_Standoff_Montage,/Script/Engine.AnimMontage,UNKNOWN,UNKNOWN,0,"[""global_or_system_registration"",""referenced_by_assets"",""lightweight_catalog_only""]",0,5,0,1,1,0,,,4,top structural and demand signals within provisional tier
/Game/ScorchedEarth/Human/Male/Animations/ASA/TPV/Movement/HM_TPV_Emote_SE_Standoff_Montage.HM_TPV_Emote_SE_Standoff_Montage,HM_TPV_Emote_SE_Standoff_Montage,/Script/Engine.AnimMontage,UNKNOWN,UNKNOWN,0,"[""global_or_system_registration"",""referenced_by_assets"",""lightweight_catalog_only""]",0,5,0,1,1,0,,,5,top structural and demand signals within provisional tier
/Game/PrimalEarth/ExplorerNotes/DearJaneNotes/SK_DearJane_Note.SK_DearJane_Note,SK_DearJane_Note,/Script/Engine.SkeletalMesh,UNKNOWN,UNKNOWN,0,"[""global_or_system_registration"",""referenced_by_assets"",""lightweight_catalog_only""]",0,4,0,1,1,0,,,6,top structural and demand signals within provisional tier
/Game/PrimalEarth/Human/Female/Hair/Eye/SK_Female_Hair_Eyelashes.SK_Female_Hair_Eyelashes,SK_Female_Hair_Eyelashes,/Script/Engine.SkeletalMesh,UNKNOWN,UNKNOWN,0,"[""global_or_system_registration"",""referenced_by_assets"",""lightweight_catalog_only""]",0,4,0,1,1,0,,,7,top structural and demand signals within provisional tier
/Game/ASA/CoreBlueprints/ActorTrackFilters/PrimalDinoTrackFilter_ParentClass.PrimalDinoTrackFilter_ParentClass,PrimalDinoTrackFilter_ParentClass,/Script/Engine.Blueprint,/Game/ASA/CoreBlueprints/ActorTrackFilters/CharacterTrackFilter_SearchName.CharacterTrackFilter_SearchName_C,/Script/ShooterGame.DinoTrackFilterOption,0,"[""has_descendants"",""referenced_by_assets"",""lightweight_catalog_only""]",13,2,0,1,0,0,,,8,top structural and demand signals within provisional tier
/Game/PrimalEarth/Structures/BuildingBases/WaterPipeBaseBP.WaterPipeBaseBP,WaterPipeBaseBP,/Script/Engine.Blueprint,/Game/PrimalEarth/Structures/BuildingBases/CableBaseBP.CableBaseBP_C,/Script/ShooterGame.PrimalStructureWaterPipe,0,"[""has_descendants"",""referenced_by_assets"",""lightweight_catalog_only""]",13,1,0,1,0,0,,,9,top structural and demand signals within provisional tier
/Game/PrimalEarth/Structures/Tileset/GarageDoors/Small/StructureBase_GarageDoor_Small.StructureBase_GarageDoor_Small,StructureBase_GarageDoor_Small,/Script/Engine.Blueprint,/Game/PrimalEarth/Structures/Tileset/GarageDoors/StructureBase_GarageDoor.StructureBase_GarageDoor_C,/Script/ShooterGame.PrimalStructureDoor,0,"[""has_descendants"",""referenced_by_assets"",""lightweight_catalog_only""]",12,2,0,1,0,0,,,10,top structural and demand signals within provisional tier
/Game/PrimalEarth/CoreBlueprints/Weapons/WeapMachinedSniper.WeapMachinedSniper,WeapMachinedSniper,/Script/Engine.Blueprint,/Script/ShooterGame.ShooterWeapon_Instant,/Script/ShooterGame.ShooterWeapon_Instant,0,"[""has_descendants"",""referenced_by_assets"",""lightweight_catalog_only""]",11,2,0,1,0,0,,,11,top structural and demand signals within provisional tier
/Game/Genesis2/Missions/ModularMission/WhaleGallery/WhaleGallery_Submodule_SpawnCreatures_Drones_Main.WhaleGallery_Submodule_SpawnCreatures_Drones_Main,WhaleGallery_Submodule_SpawnCreatures_Drones_Main,/Script/Engine.Blueprint,/Game/Genesis2/Missions/ModularMission/MissionModule_zSubmodule_SpawnCreatures_Base.MissionModule_zSubmodule_SpawnCreatures_Base_C,UNKNOWN,0,"[""has_descendants"",""referenced_by_assets"",""lightweight_catalog_only""]",10,4,0,1,0,0,,,12,top structural and demand signals within provisional tier
/Game/Packs/Wasteland/Vehicles/Car/RearEndMod/BaseClass/PrimalItem_Car_Rearmod_Base.PrimalItem_Car_Rearmod_Base,PrimalItem_Car_Rearmod_Base,/Script/Engine.Blueprint,/Game/Packs/Wasteland/Vehicles/Car/BaseClasses/PrimalItem_Car_Equipment_Base.PrimalItem_Car_Equipment_Base_C,/Script/ShooterGame.PrimalItem,0,"[""has_descendants"",""referenced_by_assets"",""lightweight_catalog_only""]",10,2,0,1,0,0,,,13,top structural and demand signals within provisional tier
/Game/PrimalEarth/Structures/Tileset/GarageDoors/Large/StructureBase_GarageDoor_Large.StructureBase_GarageDoor_Large,StructureBase_GarageDoor_Large,/Script/Engine.Blueprint,/Game/PrimalEarth/Structures/Tileset/GarageDoors/StructureBase_GarageDoor.StructureBase_GarageDoor_C,/Script/ShooterGame.PrimalStructureDoor,0,"[""has_descendants"",""referenced_by_assets"",""lightweight_catalog_only""]",10,2,0,1,0,0,,,14,top structural and demand signals within provisional tier
/Game/PrimalEarth/Structures/Tileset/GarageDoors/Medium/StructureBase_GarageDoor_Medium.StructureBase_GarageDoor_Medium,StructureBase_GarageDoor_Medium,/Script/Engine.Blueprint,/Game/PrimalEarth/Structures/Tileset/GarageDoors/StructureBase_GarageDoor.StructureBase_GarageDoor_C,/Script/ShooterGame.PrimalStructureDoor,0,"[""has_descendants"",""referenced_by_assets"",""lightweight_catalog_only""]",10,2,0,1,0,0,,,15,top structural and demand signals within provisional tier
/Game/PrimalEarth/CoreBlueprints/Items/Trophies/PrimalItemTrophy_Broodmother.PrimalItemTrophy_Broodmother,PrimalItemTrophy_Broodmother,/Script/Engine.Blueprint,/Game/PrimalEarth/CoreBlueprints/Items/Trophies/PrimalItemTrophyGenericWall.PrimalItemTrophyGenericWall_C,/Script/ShooterGame.PrimalItem,0,"[""has_descendants"",""referenced_by_assets"",""lightweight_catalog_only""]",9,3,0,1,0,0,,,16,top structural and demand signals within provisional tier
/Game/PrimalEarth/Dinos/BaseBPs/DinoSettings_Pescavore.DinoSettings_Pescavore,DinoSettings_Pescavore,/Script/Engine.Blueprint,/Game/PrimalEarth/Dinos/BaseBPs/DinoSettings_Carnivore.DinoSettings_Carnivore_C,/Script/ShooterGame.PrimalDinoSettings,0,"[""has_descendants"",""referenced_by_assets"",""lightweight_catalog_only""]",9,3,0,1,0,0,,,17,top structural and demand signals within provisional tier
/Game/Packs/Wasteland/Vehicles/Car/FrontEndMod/BaseClass/PrimalItem_Car_FrontMod_Base.PrimalItem_Car_FrontMod_Base,PrimalItem_Car_FrontMod_Base,/Script/Engine.Blueprint,/Game/Packs/Wasteland/Vehicles/Car/BaseClasses/PrimalItem_Car_Equipment_Base.PrimalItem_Car_Equipment_Base_C,/Script/ShooterGame.PrimalItem,0,"[""has_descendants"",""referenced_by_assets"",""lightweight_catalog_only""]",9,2,0,1,0,0,,,18,top structural and demand signals within provisional tier
/Game/EndGame/Dinos/Tank/EndTank_Character_Base_BP.EndTank_Character_Base_BP,EndTank_Character_Base_BP,/Script/Engine.Blueprint,/Game/PrimalEarth/CoreBlueprints/Dino_Character_BP.Dino_Character_BP_C,/Script/ShooterGame.PrimalDinoCharacter,0,"[""has_descendants"",""referenced_by_assets"",""cross_domain_references"",""lightweight_catalog_only""]",8,2,0,2,0,0,,,19,top structural and demand signals within provisional tier
/Game/ASA/Dinos/SpiritBear/States/Base/StateReq_SBear_CanAttack.StateReq_SBear_CanAttack,StateReq_SBear_CanAttack,/Script/Engine.Blueprint,/Game/ASA/Dinos/SpiritBear/Gameplay/ToMerge/v2/StateReqs/StateReq_Base.StateReq_Base_C,/Script/ShooterGame.Object_WithWorldContext,0,"[""has_descendants"",""referenced_by_assets"",""lightweight_catalog_only""]",8,8,0,1,0,0,,,20,top structural and demand signals within provisional tier
/Game/Aberration/WeaponClimbingPick/Climbing_ImpactEffect.Climbing_ImpactEffect,Climbing_ImpactEffect,/Script/Engine.Blueprint,/Script/Engine.Actor,/Script/Engine.Actor,0,"[""has_descendants"",""referenced_by_assets"",""lightweight_catalog_only""]",8,8,0,1,0,0,,,21,top structural and demand signals within provisional tier
/Game/LostColony/Missions/Bossfight/Modules/Fights/LostQueen/Attacks/DmgType_Melee_LostQueen.DmgType_Melee_LostQueen,DmgType_Melee_LostQueen,/Script/Engine.Blueprint,/Game/PrimalEarth/CoreBlueprints/DamageTypes/DmgType_Melee_Torpidity_None_StoneWeapon.DmgType_Melee_Torpidity_None_StoneWeapon_C,/Script/ShooterGame.ShooterDamageType,0,"[""has_descendants"",""referenced_by_assets"",""lightweight_catalog_only""]",8,8,0,1,0,0,,,22,top structural and demand signals within provisional tier
/Game/LostColony/Weapons/TekSpear/ProjSpear_Tek_Inst.ProjSpear_Tek_Inst,ProjSpear_Tek_Inst,/Script/Engine.Blueprint,/Game/LostColony/Weapons/TekSpear/ProjSpear_Tek.ProjSpear_Tek_C,/Script/ShooterGame.PrimalProjectileArrow,0,"[""has_descendants"",""referenced_by_assets"",""lightweight_catalog_only""]",8,8,0,1,0,0,,,23,top structural and demand signals within provisional tier
/Game/Packs/Frontier/Structures/TrainTracks/Structure_TrainTrack_Straight_Base.Structure_TrainTrack_Straight_Base,Structure_TrainTrack_Straight_Base,/Script/Engine.Blueprint,/Game/Packs/Frontier/Structures/TrainTracks/Structure_TrainTrack_Base.Structure_TrainTrack_Base_C,/Script/ShooterGame.PrimalStructure,0,"[""has_descendants"",""referenced_by_assets"",""lightweight_catalog_only""]",8,8,0,1,0,0,,,24,top structural and demand signals within provisional tier
/Game/PrimalEarth/CoreBlueprints/GeneTraits/TraitBPs/Carrier/Trait_CarrierBase.Trait_CarrierBase,Trait_CarrierBase,/Script/Engine.Blueprint,/Game/PrimalEarth/CoreBlueprints/GeneTraits/TraitBPs/Trait_Base.Trait_Base_C,/Script/ShooterGame.GeneTrait,0,"[""has_descendants"",""referenced_by_assets"",""lightweight_catalog_only""]",8,8,0,1,0,0,,,25,top structural and demand signals within provisional tier
/Game/PrimalEarth/Structures/Tileset/RoofHalf/StructureBase_Roof_Half.StructureBase_Roof_Half,StructureBase_Roof_Half,/Script/Engine.Blueprint,/Game/PrimalEarth/Structures/BuildingBases/TilesetBases/StructureBase_Slope_Half.StructureBase_Slope_Half_C,/Script/ShooterGame.PrimalStructure,0,"[""has_descendants"",""referenced_by_assets"",""lightweight_catalog_only""]",8,8,0,1,0,0,,,26,top structural and demand signals within provisional tier
/Game/PrimalEarth/CoreBlueprints/Items/Armor/Shields/PrimalItemArmor_Shield.PrimalItemArmor_Shield,PrimalItemArmor_Shield,/Script/Engine.Blueprint,/Game/PrimalEarth/CoreBlueprints/Items/Armor/Base/PrimalItemArmorGeneric.PrimalItemArmorGeneric_C,/Script/ShooterGame.PrimalItem,0,"[""has_descendants"",""referenced_by_assets"",""lightweight_catalog_only""]",8,7,0,1,0,0,,,27,top structural and demand signals within provisional tier
/Game/Dragontopia/Dragons/Base/Attacks/Projectiles/DracoProjectileTrail_Emitter.DracoProjectileTrail_Emitter,DracoProjectileTrail_Emitter,/Script/Engine.Blueprint,/Script/ShooterGame.PrimalEmitterSpawnable,/Script/ShooterGame.PrimalEmitterSpawnable,0,"[""has_descendants"",""referenced_by_assets"",""lightweight_catalog_only""]",8,5,0,1,0,0,,,28,top structural and demand signals within provisional tier
/Game/LostColony/Missions/Overworld/Outpost/Items/PrimalItemStructure_LC_Outpost_Base.PrimalItemStructure_LC_Outpost_Base,PrimalItemStructure_LC_Outpost_Base,/Script/Engine.Blueprint,/Game/PrimalEarth/CoreBlueprints/Items/Structures/BuildingBases/PrimalItemStructureGeneric.PrimalItemStructureGeneric_C,/Script/ShooterGame.PrimalItem,0,"[""has_descendants"",""referenced_by_assets"",""lightweight_catalog_only""]",8,2,0,1,0,0,,,29,top structural and demand signals within provisional tier
/Game/PrimalEarth/CoreBlueprints/Weapons/PrimalItem_WeaponBaseHatchet.PrimalItem_WeaponBaseHatchet,PrimalItem_WeaponBaseHatchet,/Script/Engine.Blueprint,/Game/PrimalEarth/CoreBlueprints/Weapons/PrimalItemWeaponGenericAmmoless.PrimalItemWeaponGenericAmmoless_C,/Script/ShooterGame.PrimalItem,0,"[""has_descendants"",""referenced_by_assets"",""cross_domain_references"",""lightweight_catalog_only""]",7,6,0,2,0,0,,,30,top structural and demand signals within provisional tier
/Game/PrimalEarth/Dinos/BaseBPs/DinoSettings_Omnivore_Medium_Moschops.DinoSettings_Omnivore_Medium_Moschops,DinoSettings_Omnivore_Medium_Moschops,/Script/Engine.Blueprint,/Game/PrimalEarth/Dinos/BaseBPs/DinoSettings_Carnivore_Medium.DinoSettings_Carnivore_Medium_C,/Script/ShooterGame.PrimalDinoSettings,0,"[""has_descendants"",""referenced_by_assets"",""lightweight_catalog_only""]",7,9,0,1,0,0,,,31,top structural and demand signals within provisional tier
/Game/ClubARk/Rewards/RepairKit/PrimalItem_RepairKit_Base.PrimalItem_RepairKit_Base,PrimalItem_RepairKit_Base,/Script/Engine.Blueprint,/Game/PrimalEarth/CoreBlueprints/Items/PrimalItem_Base.PrimalItem_Base_C,/Script/ShooterGame.PrimalItem,0,"[""has_descendants"",""referenced_by_assets"",""lightweight_catalog_only""]",7,8,0,1,0,0,,,32,top structural and demand signals within provisional tier
/Game/Genesis2/Missions/Race2/Canoe/Canoe_BP_Race.Canoe_BP_Race,Canoe_BP_Race,/Script/Engine.Blueprint,/Game/Genesis2/Dinos/Canoe/Canoe_BP.Canoe_BP_C,UNKNOWN,0,"[""has_descendants"",""referenced_by_assets"",""lightweight_catalog_only""]",7,7,0,1,0,0,,,33,top structural and demand signals within provisional tier
/Game/LostColony/Missions/Overworld/Outpost/Defend/Structures/PrimalItemStructure_LC_Outpost_Defend.PrimalItemStructure_LC_Outpost_Defend,PrimalItemStructure_LC_Outpost_Defend,/Script/Engine.Blueprint,/Game/LostColony/Missions/Overworld/Outpost/Items/PrimalItemStructure_LC_Outpost_Base.PrimalItemStructure_LC_Outpost_Base_C,/Script/ShooterGame.PrimalItem,0,"[""has_descendants"",""referenced_by_assets"",""lightweight_catalog_only""]",7,7,0,1,0,0,,,34,top structural and demand signals within provisional tier
/Game/PrimalEarth/Structures/BuildingBases/TilesetBases/StructureBase_Slope_Shallow_Half.StructureBase_Slope_Shallow_Half,StructureBase_Slope_Shallow_Half,/Script/Engine.Blueprint,/Game/PrimalEarth/Structures/BuildingBases/StructureBaseBP.StructureBaseBP_C,/Script/ShooterGame.PrimalStructure,0,"[""has_descendants"",""referenced_by_assets"",""lightweight_catalog_only""]",7,7,0,1,0,0,,,35,top structural and demand signals within provisional tier
/Game/PrimalEarth/Structures/BuildingBases/WaterTankBaseBP_NoInv.WaterTankBaseBP_NoInv,WaterTankBaseBP_NoInv,/Script/Engine.Blueprint,/Script/ShooterGame.PrimalStructureItemContainer_CropPlot_VisualItems,/Script/ShooterGame.PrimalStructureItemContainer_CropPlot_VisualItems,0,"[""has_descendants"",""referenced_by_assets"",""lightweight_catalog_only""]",7,7,0,1,0,0,,,36,top structural and demand signals within provisional tier
/Game/PrimalEarth/Structures/Tileset/DoorwayShort/Base_Doorframe_Short.Base_Doorframe_Short,Base_Doorframe_Short,/Script/Engine.Blueprint,/Game/PrimalEarth/Structures/BuildingBases/Doorframe_Base_SM.Doorframe_Base_SM_C,/Script/ShooterGame.PrimalStructure,0,"[""has_descendants"",""referenced_by_assets"",""lightweight_catalog_only""]",7,7,0,1,0,0,,,37,top structural and demand signals within provisional tier
/Game/PrimalEarth/Structures/Tileset/HalfWalls/StructureBase_Wall_Half.StructureBase_Wall_Half,StructureBase_Wall_Half,/Script/Engine.Blueprint,/Game/PrimalEarth/Structures/BuildingBases/StructureBaseBP.StructureBaseBP_C,/Script/ShooterGame.PrimalStructure,0,"[""has_descendants"",""referenced_by_assets"",""lightweight_catalog_only""]",7,7,0,1,0,0,,,38,top structural and demand signals within provisional tier
/Game/PrimalEarth/Structures/Tileset/RoofCorners/StructureBase_Roof_Corner_Left.StructureBase_Roof_Corner_Left,StructureBase_Roof_Corner_Left,/Script/Engine.Blueprint,/Game/PrimalEarth/Structures/Tileset/RoofCorners/StructureBase_Roof_Corner.StructureBase_Roof_Corner_C,/Script/ShooterGame.PrimalStructure,0,"[""has_descendants"",""referenced_by_assets"",""lightweight_catalog_only""]",7,7,0,1,0,0,,,39,top structural and demand signals within provisional tier
/Game/PrimalEarth/Structures/Tileset/RoofCorners/StructureBase_Roof_Corner_Left_Inverted.StructureBase_Roof_Corner_Left_Inverted,StructureBase_Roof_Corner_Left_Inverted,/Script/Engine.Blueprint,/Game/PrimalEarth/Structures/Tileset/RoofCorners/StructureBase_Roof_Corner.StructureBase_Roof_Corner_C,/Script/ShooterGame.PrimalStructure,0,"[""has_descendants"",""referenced_by_assets"",""lightweight_catalog_only""]",7,7,0,1,0,0,,,40,top structural and demand signals within provisional tier
/Game/PrimalEarth/Structures/Tileset/RoofCorners/StructureBase_Roof_Corner_Right.StructureBase_Roof_Corner_Right,StructureBase_Roof_Corner_Right,/Script/Engine.Blueprint,/Game/PrimalEarth/Structures/Tileset/RoofCorners/StructureBase_Roof_Corner.StructureBase_Roof_Corner_C,/Script/ShooterGame.PrimalStructure,0,"[""has_descendants"",""referenced_by_assets"",""lightweight_catalog_only""]",7,7,0,1,0,0,,,41,top structural and demand signals within provisional tier
/Game/PrimalEarth/Structures/Tileset/RoofCorners/StructureBase_Roof_Corner_Right_Inverted.StructureBase_Roof_Corner_Right_Inverted,StructureBase_Roof_Corner_Right_Inverted,/Script/Engine.Blueprint,/Game/PrimalEarth/Structures/Tileset/RoofCorners/StructureBase_Roof_Corner.StructureBase_Roof_Corner_C,/Script/ShooterGame.PrimalStructure,0,"[""has_descendants"",""referenced_by_assets"",""lightweight_catalog_only""]",7,7,0,1,0,0,,,42,top structural and demand signals within provisional tier
/Game/PrimalEarth/Structures/Tileset/TriangleRoofs/StructureBase_Roof_Tri_Inverted.StructureBase_Roof_Tri_Inverted,StructureBase_Roof_Tri_Inverted,/Script/Engine.Blueprint,/Game/PrimalEarth/Structures/Tileset/TriangleRoofs/StructureBase_Roof_Tri.StructureBase_Roof_Tri_C,/Script/ShooterGame.PrimalStructure,0,"[""has_descendants"",""referenced_by_assets"",""lightweight_catalog_only""]",7,7,0,1,0,0,,,43,top structural and demand signals within provisional tier
/Game/LostColony/Missions/Bossfight/Modules/Fights/LostQueen/Attacks/DinoAttackStateMelee_LostQueen_HeavyAttack.DinoAttackStateMelee_LostQueen_HeavyAttack,DinoAttackStateMelee_LostQueen_HeavyAttack,/Script/Engine.Blueprint,/Game/PrimalEarth/CoreAI/DinoAttackStateMelee.DinoAttackStateMelee_C,/Script/ShooterGame.PrimalAIStateDinoMeleeState,0,"[""has_descendants"",""referenced_by_assets"",""lightweight_catalog_only""]",7,5,0,1,0,0,,,44,top structural and demand signals within provisional tier
/Game/PrimalEarth/CoreBlueprints/Items/Consumables/BaseBPs/PrimalItemCustomFoodRecipe_Base.PrimalItemCustomFoodRecipe_Base,PrimalItemCustomFoodRecipe_Base,/Script/Engine.Blueprint,/Game/PrimalEarth/CoreBlueprints/Items/Consumables/BaseBPs/PrimalItemConsumableEatable.PrimalItemConsumableEatable_C,/Script/ShooterGame.PrimalItem,0,"[""has_descendants"",""referenced_by_assets"",""lightweight_catalog_only""]",7,4,0,1,0,0,,,45,top structural and demand signals within provisional tier
/Game/PrimalEarth/CoreBlueprints/Dino_Character_BP_Nocturnal.Dino_Character_BP_Nocturnal,Dino_Character_BP_Nocturnal,/Script/Engine.Blueprint,/Game/PrimalEarth/CoreBlueprints/Dino_Character_BP.Dino_Character_BP_C,/Script/ShooterGame.PrimalDinoCharacter,0,"[""has_descendants"",""referenced_by_assets"",""lightweight_catalog_only""]",7,3,0,1,0,0,,,46,top structural and demand signals within provisional tier
/Game/Packs/Wasteland/Vehicles/Car/Cab/BaseClass/PrimalItem_Car_Cab_Base.PrimalItem_Car_Cab_Base,PrimalItem_Car_Cab_Base,/Script/Engine.Blueprint,/Game/Packs/Wasteland/Vehicles/Car/BaseClasses/PrimalItem_Car_Equipment_Base.PrimalItem_Car_Equipment_Base_C,/Script/ShooterGame.PrimalItem,0,"[""has_descendants"",""referenced_by_assets"",""lightweight_catalog_only""]",7,2,0,1,0,0,,,47,top structural and demand signals within provisional tier
/Game/Packs/Wasteland/Vehicles/Car/EngineCompartment/BaseClass/PrimalItem_Car_Engine_Base.PrimalItem_Car_Engine_Base,PrimalItem_Car_Engine_Base,/Script/Engine.Blueprint,/Game/Packs/Wasteland/Vehicles/Car/BaseClasses/PrimalItem_Car_Equipment_Base.PrimalItem_Car_Equipment_Base_C,/Script/ShooterGame.PrimalItem,0,"[""has_descendants"",""referenced_by_assets"",""lightweight_catalog_only""]",7,2,0,1,0,0,,,48,top structural and demand signals within provisional tier
/Game/Packs/Wasteland/Vehicles/Car/Bed/BaseClass/PrimalItem_Car_Bed_Base.PrimalItem_Car_Bed_Base,PrimalItem_Car_Bed_Base,/Script/Engine.Blueprint,/Game/Packs/Wasteland/Vehicles/Car/BaseClasses/PrimalItem_Car_Equipment_Base.PrimalItem_Car_Equipment_Base_C,/Script/ShooterGame.PrimalItem,0,"[""has_descendants"",""referenced_by_assets"",""lightweight_catalog_only""]",7,1,0,1,0,0,,,49,top structural and demand signals within provisional tier
/Game/PrimalEarth/CoreBlueprints/ItemLootSets/LootItemSet_SupplyDrop_Level45.LootItemSet_SupplyDrop_Level45,LootItemSet_SupplyDrop_Level45,/Script/Engine.Blueprint,/Script/ShooterGame.PrimalSupplyCrateItemSet,/Script/ShooterGame.PrimalSupplyCrateItemSet,0,"[""has_descendants"",""referenced_by_assets"",""cross_domain_references"",""lightweight_catalog_only""]",6,4,0,3,0,0,,,50,top structural and demand signals within provisional tier
/Game/PrimalEarth/CoreBlueprints/PlayerPawnTest_Child.PlayerPawnTest_Child,PlayerPawnTest_Child,/Script/Engine.Blueprint,/Game/PrimalEarth/CoreBlueprints/PlayerPawnTest.PlayerPawnTest_C,/Script/ShooterGame.ShooterCharacter,0,"[""has_descendants"",""referenced_by_assets"",""cross_domain_references"",""lightweight_catalog_only""]",6,4,0,3,0,0,,,51,top structural and demand signals within provisional tier
/Game/LostColony/CoreBlueprints/Items/CursedWeapons/WeapSword_Cursed.WeapSword_Cursed,WeapSword_Cursed,/Script/Engine.Blueprint,/Game/PrimalEarth/CoreBlueprints/Weapons/WeapSword.WeapSword_C,/Script/ShooterGame.ShooterWeapon_Melee,0,"[""has_descendants"",""referenced_by_assets"",""cross_domain_references"",""lightweight_catalog_only""]",6,7,0,2,0,0,,,52,top structural and demand signals within provisional tier
/Game/Packs/Wasteland/Vehicles/Car/Bed/BaseClass/PrimalItem_Car_Bed_WC.PrimalItem_Car_Bed_WC,PrimalItem_Car_Bed_WC,/Script/Engine.Blueprint,/Game/Packs/Wasteland/Vehicles/Car/Bed/BaseClass/PrimalItem_Car_Bed_Base.PrimalItem_Car_Bed_Base_C,/Script/ShooterGame.PrimalItem,0,"[""has_descendants"",""referenced_by_assets"",""cross_domain_references"",""lightweight_catalog_only""]",6,7,0,2,0,0,,,53,top structural and demand signals within provisional tier
/Game/PrimalEarth/CoreBlueprints/DamageTypes/DmgType_ProjectileWithImpactFX_TranqMore.DmgType_ProjectileWithImpactFX_TranqMore,DmgType_ProjectileWithImpactFX_TranqMore,/Script/Engine.Blueprint,/Game/PrimalEarth/CoreBlueprints/DamageTypes/DmgType_ProjectileWithImpactFX_Tranq.DmgType_ProjectileWithImpactFX_Tranq_C,UNKNOWN,0,"[""has_descendants"",""referenced_by_assets"",""cross_domain_references"",""lightweight_catalog_only""]",6,7,0,2,0,0,,,54,top structural and demand signals within provisional tier
/Game/PrimalEarth/CoreBlueprints/Items/Consumables/BaseBPs/PrimalItemConsumable_MulticraftItem_Base.PrimalItemConsumable_MulticraftItem_Base,PrimalItemConsumable_MulticraftItem_Base,/Script/Engine.Blueprint,/Game/PrimalEarth/CoreBlueprints/Items/Consumables/BaseBPs/PrimalItemConsumableGeneric.PrimalItemConsumableGeneric_C,/Script/ShooterGame.PrimalItem,0,"[""has_descendants"",""referenced_by_assets"",""cross_domain_references"",""lightweight_catalog_only""]",6,7,0,2,0,0,,,55,top structural and demand signals within provisional tier
/Game/PrimalEarth/Dinos/CrystalWyvern/CrystalWyvern_Character_BP_Base.CrystalWyvern_Character_BP_Base,CrystalWyvern_Character_BP_Base,/Script/Engine.Blueprint,/Game/PrimalEarth/CoreBlueprints/Dino_Character_BP.Dino_Character_BP_C,/Script/ShooterGame.PrimalDinoCharacter,0,"[""has_descendants"",""referenced_by_assets"",""cross_domain_references"",""lightweight_catalog_only""]",6,7,0,2,0,0,,,56,top structural and demand signals within provisional tier
/Game/PrimalEarth/Structures/BuildingBases/Door_Single_Base.Door_Single_Base,Door_Single_Base,/Script/Engine.Blueprint,/Game/PrimalEarth/Structures/BuildingBases/Door_Base_SM.Door_Base_SM_C,/Script/ShooterGame.PrimalStructureDoor,0,"[""has_descendants"",""referenced_by_assets"",""cross_domain_references"",""lightweight_catalog_only""]",6,7,0,2,0,0,,,57,top structural and demand signals within provisional tier
/Game/PrimalEarth/Structures/BuildingBases/Door_Window_Base.Door_Window_Base,Door_Window_Base,/Script/Engine.Blueprint,/Game/PrimalEarth/Structures/BuildingBases/Door_Base_SM.Door_Base_SM_C,/Script/ShooterGame.PrimalStructureDoor,0,"[""has_descendants"",""referenced_by_assets"",""cross_domain_references"",""lightweight_catalog_only""]",6,7,0,2,0,0,,,58,top structural and demand signals within provisional tier
/Game/Packs/TidesOfFortune/CoreBlueprints/Projectiles/BP_Proj_ShipCannon_ToF_Base.BP_Proj_ShipCannon_ToF_Base,BP_Proj_ShipCannon_ToF_Base,/Script/Engine.Blueprint,/Script/ShooterGame.PrimalShipCannonProjectile,/Script/ShooterGame.PrimalShipCannonProjectile,0,"[""has_descendants"",""referenced_by_assets"",""cross_domain_references"",""lightweight_catalog_only""]",6,6,0,2,0,0,,,59,top structural and demand signals within provisional tier
/Game/Packs/Wasteland/Vehicles/Car/Cab/BaseClass/PrimalItem_Car_Cab_WC.PrimalItem_Car_Cab_WC,PrimalItem_Car_Cab_WC,/Script/Engine.Blueprint,/Game/Packs/Wasteland/Vehicles/Car/Cab/BaseClass/PrimalItem_Car_Cab_Base.PrimalItem_Car_Cab_Base_C,/Script/ShooterGame.PrimalItem,0,"[""has_descendants"",""referenced_by_assets"",""cross_domain_references"",""lightweight_catalog_only""]",6,6,0,2,0,0,,,60,top structural and demand signals within provisional tier
/Game/Packs/Wasteland/Vehicles/Car/EngineCompartment/BaseClass/PrimalItem_Car_Engine_WC.PrimalItem_Car_Engine_WC,PrimalItem_Car_Engine_WC,/Script/Engine.Blueprint,/Game/Packs/Wasteland/Vehicles/Car/EngineCompartment/BaseClass/PrimalItem_Car_Engine_Base.PrimalItem_Car_Engine_Base_C,/Script/ShooterGame.PrimalItem,0,"[""has_descendants"",""referenced_by_assets"",""cross_domain_references"",""lightweight_catalog_only""]",6,6,0,2,0,0,,,61,top structural and demand signals within provisional tier
/Game/PrimalEarth/CoreBlueprints/Items/Structures/BuildingBases/PrimalItemStructure_BaseTrapdoor.PrimalItemStructure_BaseTrapdoor,PrimalItemStructure_BaseTrapdoor,/Script/Engine.Blueprint,/Game/PrimalEarth/CoreBlueprints/Items/Structures/BuildingBases/PrimalItemStructure_BaseDoor.PrimalItemStructure_BaseDoor_C,/Script/ShooterGame.PrimalItem,0,"[""has_descendants"",""referenced_by_assets"",""cross_domain_references"",""lightweight_catalog_only""]",6,6,0,2,0,0,,,62,top structural and demand signals within provisional tier
/Game/Genesis2/Missions/ModularMission/Assault/Turrets/PrimalStructureTurretPlant_Assault.PrimalStructureTurretPlant_Assault,PrimalStructureTurretPlant_Assault,/Script/Engine.Blueprint,/Script/ShooterGame.PrimalStructureTurretPlant,/Script/ShooterGame.PrimalStructureTurretPlant,0,"[""has_descendants"",""referenced_by_assets"",""cross_domain_references"",""lightweight_catalog_only""]",6,4,0,2,0,0,,,63,top structural and demand signals within provisional tier
/Game/Packs/Steampunk/CoreBlueprints/Items/Embryo/PrimalItemConsumable_Embryo_Base.PrimalItemConsumable_Embryo_Base,PrimalItemConsumable_Embryo_Base,/Script/Engine.Blueprint,/Game/PrimalEarth/CoreBlueprints/Items/Consumables/PrimalItemConsumable_Egg.PrimalItemConsumable_Egg_C,/Script/ShooterGame.PrimalItem,0,"[""has_descendants"",""referenced_by_assets"",""lightweight_catalog_only""]",6,9,0,1,0,0,,,64,top structural and demand signals within provisional tier
/Game/ASA/Dinos/SpiritBear/Gameplay/ToMerge/v2/StateReqs/Inputs/StateReq_MatchingHeldInput.StateReq_MatchingHeldInput,StateReq_MatchingHeldInput,/Script/Engine.Blueprint,/Game/ASA/Dinos/SpiritBear/Gameplay/ToMerge/v2/StateReqs/StateReq_Base.StateReq_Base_C,/Script/ShooterGame.Object_WithWorldContext,0,"[""has_descendants"",""referenced_by_assets"",""lightweight_catalog_only""]",6,8,0,1,0,0,,,65,top structural and demand signals within provisional tier
/Game/Extinction/CoreBlueprints/Tribute/EX_BossTeleporter.EX_BossTeleporter,EX_BossTeleporter,/Script/Engine.Blueprint,/Script/ShooterGame.PrimalBuff,/Script/ShooterGame.PrimalBuff,0,"[""has_descendants"",""referenced_by_assets"",""lightweight_catalog_only""]",6,7,0,1,0,0,,,66,top structural and demand signals within provisional tier
/Game/PrimalEarth/Structures/Tileset/DoorShort/Base_Door_Short.Base_Door_Short,Base_Door_Short,/Script/Engine.Blueprint,/Game/PrimalEarth/Structures/BuildingBases/Door_Base_SM.Door_Base_SM_C,/Script/ShooterGame.PrimalStructureDoor,0,"[""has_descendants"",""referenced_by_assets"",""lightweight_catalog_only""]",6,7,0,1,0,0,,,67,top structural and demand signals within provisional tier
/Game/Extinction/CoreBlueprints/Items/Tribute/PrimalItem_BossTributeEX.PrimalItem_BossTributeEX,PrimalItem_BossTributeEX,/Script/Engine.Blueprint,/Game/PrimalEarth/CoreBlueprints/Items/PrimalItem_Base.PrimalItem_Base_C,/Script/ShooterGame.PrimalItem,0,"[""has_descendants"",""referenced_by_assets"",""lightweight_catalog_only""]",6,6,0,1,0,0,,,68,top structural and demand signals within provisional tier
/Game/Genesis2/Missions/ModularMission/Assault/Turrets/PrimalStructureTurret_Assault.PrimalStructureTurret_Assault,PrimalStructureTurret_Assault,/Script/Engine.Blueprint,/Script/ShooterGame.PrimalStructureTurret,/Script/ShooterGame.PrimalStructureTurret,0,"[""has_descendants"",""referenced_by_assets"",""lightweight_catalog_only""]",6,6,0,1,0,0,,,69,top structural and demand signals within provisional tier
/Game/LostColony/Missions/Overworld/Outpost/Defend/Structures/Support/Generator/Structure_Generator_StructureSlot_Radius.Structure_Generator_StructureSlot_Radius,Structure_Generator_StructureSlot_Radius,/Script/Engine.Blueprint,/Game/LostColony/Missions/Overworld/Outpost/Defend/Structures/Support/Generator/Structure_Generator_StructureSlot.Structure_Generator_StructureSlot_C,/Script/ShooterGame.PrimalStructure,0,"[""has_descendants"",""referenced_by_assets"",""lightweight_catalog_only""]",6,6,0,1,0,0,,,70,top structural and demand signals within provisional tier
/Game/LostColony/Structures/TekBunker/Modules/SnapPointTests/BP_BunkerModule_SnapTest.BP_BunkerModule_SnapTest,BP_BunkerModule_SnapTest,/Script/Engine.Blueprint,/Game/LostColony/Structures/TekBunker/Modules/BP_BunkerModule.BP_BunkerModule_C,/Script/ShooterGame.PrimalStructureUnderwaterBase,0,"[""has_descendants"",""referenced_by_assets"",""lightweight_catalog_only""]",6,6,0,1,0,0,,,71,top structural and demand signals within provisional tier
/Game/Packs/DLC/DLCBase.DLCBase,DLCBase,/Script/Engine.Blueprint,/Script/ShooterGame.DLC,/Script/ShooterGame.DLC,0,"[""has_descendants"",""referenced_by_assets"",""lightweight_catalog_only""]",6,6,0,1,0,0,,,72,top structural and demand signals within provisional tier
/Game/Packs/Frontier/Structures/TrainTracks/Auto/StructureBase_TrainTrack_Auto.StructureBase_TrainTrack_Auto,StructureBase_TrainTrack_Auto,/Script/Engine.Blueprint,/Script/ShooterGame.PrimalStructure,/Script/ShooterGame.PrimalStructure,0,"[""has_descendants"",""referenced_by_assets"",""lightweight_catalog_only""]",6,6,0,1,0,0,,,73,top structural and demand signals within provisional tier
/Game/Packs/Frontier/Structures/TrainTracks/Structure_TrainTrack_Split_Base.Structure_TrainTrack_Split_Base,Structure_TrainTrack_Split_Base,/Script/Engine.Blueprint,/Game/Packs/Frontier/Structures/TrainTracks/Structure_TrainTrack_Base.Structure_TrainTrack_Base_C,/Script/ShooterGame.PrimalStructure,0,"[""has_descendants"",""referenced_by_assets"",""lightweight_catalog_only""]",6,6,0,1,0,0,,,74,top structural and demand signals within provisional tier
/Game/PrimalEarth/CoreBlueprints/Spawners/DinoSpawnEntriesCaveTek_Hard.DinoSpawnEntriesCaveTek_Hard,DinoSpawnEntriesCaveTek_Hard,/Script/Engine.Blueprint,/Game/PrimalEarth/CoreBlueprints/Spawners/DinoSpawnEntriesCaveTek_Medium.DinoSpawnEntriesCaveTek_Medium_C,/Script/ShooterGame.NPCSpawnEntriesContainer,0,"[""has_descendants"",""referenced_by_assets"",""lightweight_catalog_only""]",6,6,0,1,0,0,,,75,top structural and demand signals within provisional tier
/Game/PrimalEarth/Structures/Tileset/Foundations/Quarter_Thin/Floor_Quarter_Thin_Base.Floor_Quarter_Thin_Base,Floor_Quarter_Thin_Base,/Script/Engine.Blueprint,/Game/PrimalEarth/Structures/Tileset/Foundations/Quarter/Floor_Quarter_Base.Floor_Quarter_Base_C,/Script/ShooterGame.PrimalStructure,0,"[""has_descendants"",""referenced_by_assets"",""lightweight_catalog_only""]",6,6,0,1,0,0,,,76,top structural and demand signals within provisional tier
/Game/PrimalEarth/Structures/Tileset/Pillars/Flat/Pillar_Flat_Base.Pillar_Flat_Base,Pillar_Flat_Base,/Script/Engine.Blueprint,/Game/PrimalEarth/Structures/Tileset/Pillars/StructureBase_Pillar.StructureBase_Pillar_C,/Script/ShooterGame.PrimalStructure,0,"[""has_descendants"",""referenced_by_assets"",""lightweight_catalog_only""]",6,6,0,1,0,0,,,77,top structural and demand signals within provisional tier
/Game/PrimalEarth/Structures/Tileset/Pillars/Flat_Half/Pillar_Flat_Half_Base.Pillar_Flat_Half_Base,Pillar_Flat_Half_Base,/Script/Engine.Blueprint,/Game/PrimalEarth/Structures/Tileset/Pillars/StructureBase_Pillar.StructureBase_Pillar_C,/Script/ShooterGame.PrimalStructure,0,"[""has_descendants"",""referenced_by_assets"",""lightweight_catalog_only""]",6,6,0,1,0,0,,,78,top structural and demand signals within provisional tier
/Game/PrimalEarth/Structures/Tileset/Pillars/Flat_Half_Thin/Pillar_Flat_Half_Thin_Base.Pillar_Flat_Half_Thin_Base,Pillar_Flat_Half_Thin_Base,/Script/Engine.Blueprint,/Game/PrimalEarth/Structures/Tileset/Pillars/StructureBase_Pillar.StructureBase_Pillar_C,/Script/ShooterGame.PrimalStructure,0,"[""has_descendants"",""referenced_by_assets"",""lightweight_catalog_only""]",6,6,0,1,0,0,,,79,top structural and demand signals within provisional tier
/Game/PrimalEarth/Structures/Tileset/Pillars/Flat_Thin/Pillar_Flat_Thin_Base.Pillar_Flat_Thin_Base,Pillar_Flat_Thin_Base,/Script/Engine.Blueprint,/Game/PrimalEarth/Structures/Tileset/Pillars/StructureBase_Pillar.StructureBase_Pillar_C,/Script/ShooterGame.PrimalStructure,0,"[""has_descendants"",""referenced_by_assets"",""lightweight_catalog_only""]",6,6,0,1,0,0,,,80,top structural and demand signals within provisional tier
/Game/PrimalEarth/Structures/Tileset/Pillars/Half/Pillar_Half_Base.Pillar_Half_Base,Pillar_Half_Base,/Script/Engine.Blueprint,/Game/PrimalEarth/Structures/Tileset/Pillars/StructureBase_Pillar.StructureBase_Pillar_C,/Script/ShooterGame.PrimalStructure,0,"[""has_descendants"",""referenced_by_assets"",""lightweight_catalog_only""]",6,6,0,1,0,0,,,81,top structural and demand signals within provisional tier
/Game/PrimalEarth/Structures/Tileset/Pillars/Half_Thin/Pillar_Half_Thin_Base.Pillar_Half_Thin_Base,Pillar_Half_Thin_Base,/Script/Engine.Blueprint,/Game/PrimalEarth/Structures/Tileset/Pillars/StructureBase_Pillar.StructureBase_Pillar_C,/Script/ShooterGame.PrimalStructure,0,"[""has_descendants"",""referenced_by_assets"",""lightweight_catalog_only""]",6,6,0,1,0,0,,,82,top structural and demand signals within provisional tier
/Game/PrimalEarth/Structures/Tileset/Pillars/Thin/Pillar_Thin_Base.Pillar_Thin_Base,Pillar_Thin_Base,/Script/Engine.Blueprint,/Game/PrimalEarth/Structures/Tileset/Pillars/StructureBase_Pillar.StructureBase_Pillar_C,/Script/ShooterGame.PrimalStructure,0,"[""has_descendants"",""referenced_by_assets"",""lightweight_catalog_only""]",6,6,0,1,0,0,,,83,top structural and demand signals within provisional tier
/Game/PrimalEarth/Structures/Tileset/RailingsHalf/StructureBase_Railing_Half_Inverted.StructureBase_Railing_Half_Inverted,StructureBase_Railing_Half_Inverted,/Script/Engine.Blueprint,/Game/PrimalEarth/Structures/Tileset/RailingsHalf/StructureBase_Railing_Half.StructureBase_Railing_Half_C,/Script/ShooterGame.PrimalStructure,0,"[""has_descendants"",""referenced_by_assets"",""lightweight_catalog_only""]",6,6,0,1,0,0,,,84,top structural and demand signals within provisional tier
/Game/PrimalEarth/Structures/Tileset/RailingsHalf/StructureBase_Railing_Half_Shallow.StructureBase_Railing_Half_Shallow,StructureBase_Railing_Half_Shallow,/Script/Engine.Blueprint,/Game/PrimalEarth/Structures/Tileset/RailingsHalf/StructureBase_Railing_Half.StructureBase_Railing_Half_C,/Script/ShooterGame.PrimalStructure,0,"[""has_descendants"",""referenced_by_assets"",""lightweight_catalog_only""]",6,6,0,1,0,0,,,85,top structural and demand signals within provisional tier
/Game/PrimalEarth/Structures/Tileset/RailingsHalf/StructureBase_Railing_Half_Shallow_Inverted.StructureBase_Railing_Half_Shallow_Inverted,StructureBase_Railing_Half_Shallow_Inverted,/Script/Engine.Blueprint,/Game/PrimalEarth/Structures/Tileset/RailingsHalf/StructureBase_Railing_Half.StructureBase_Railing_Half_C,/Script/ShooterGame.PrimalStructure,0,"[""has_descendants"",""referenced_by_assets"",""lightweight_catalog_only""]",6,6,0,1,0,0,,,86,top structural and demand signals within provisional tier
/Game/PrimalEarth/Structures/Tileset/RailingsHalf/StructureBase_Railing_Half_Shallow_Right.StructureBase_Railing_Half_Shallow_Right,StructureBase_Railing_Half_Shallow_Right,/Script/Engine.Blueprint,/Game/PrimalEarth/Structures/Tileset/RailingsHalf/StructureBase_Railing_Half.StructureBase_Railing_Half_C,/Script/ShooterGame.PrimalStructure,0,"[""has_descendants"",""referenced_by_assets"",""lightweight_catalog_only""]",6,6,0,1,0,0,,,87,top structural and demand signals within provisional tier
/Game/PrimalEarth/Structures/Tileset/RailingsHalf/StructureBase_Railing_Half_Shallow_Right_Inverted.StructureBase_Railing_Half_Shallow_Right_Inverted,StructureBase_Railing_Half_Shallow_Right_Inverted,/Script/Engine.Blueprint,/Game/PrimalEarth/Structures/Tileset/RailingsHalf/StructureBase_Railing_Half.StructureBase_Railing_Half_C,/Script/ShooterGame.PrimalStructure,0,"[""has_descendants"",""referenced_by_assets"",""lightweight_catalog_only""]",6,6,0,1,0,0,,,88,top structural and demand signals within provisional tier
/Game/PrimalEarth/Structures/Tileset/RailingsHalf/StructureBase_Railing_Half_Sloped.StructureBase_Railing_Half_Sloped,StructureBase_Railing_Half_Sloped,/Script/Engine.Blueprint,/Game/PrimalEarth/Structures/Tileset/RailingsHalf/StructureBase_Railing_Half.StructureBase_Railing_Half_C,/Script/ShooterGame.PrimalStructure,0,"[""has_descendants"",""referenced_by_assets"",""lightweight_catalog_only""]",6,6,0,1,0,0,,,89,top structural and demand signals within provisional tier
/Game/PrimalEarth/Structures/Tileset/RailingsHalf/StructureBase_Railing_Half_Sloped_Inverted.StructureBase_Railing_Half_Sloped_Inverted,StructureBase_Railing_Half_Sloped_Inverted,/Script/Engine.Blueprint,/Game/PrimalEarth/Structures/Tileset/RailingsHalf/StructureBase_Railing_Half.StructureBase_Railing_Half_C,/Script/ShooterGame.PrimalStructure,0,"[""has_descendants"",""referenced_by_assets"",""lightweight_catalog_only""]",6,6,0,1,0,0,,,90,top structural and demand signals within provisional tier
/Game/PrimalEarth/Structures/Tileset/RailingsHalf/StructureBase_Railing_Half_Sloped_Right.StructureBase_Railing_Half_Sloped_Right,StructureBase_Railing_Half_Sloped_Right,/Script/Engine.Blueprint,/Game/PrimalEarth/Structures/Tileset/RailingsHalf/StructureBase_Railing_Half.StructureBase_Railing_Half_C,/Script/ShooterGame.PrimalStructure,0,"[""has_descendants"",""referenced_by_assets"",""lightweight_catalog_only""]",6,6,0,1,0,0,,,91,top structural and demand signals within provisional tier
/Game/PrimalEarth/Structures/Tileset/RailingsHalf/StructureBase_Railing_Half_Sloped_Right_Inverted.StructureBase_Railing_Half_Sloped_Right_Inverted,StructureBase_Railing_Half_Sloped_Right_Inverted,/Script/Engine.Blueprint,/Game/PrimalEarth/Structures/Tileset/RailingsHalf/StructureBase_Railing_Half.StructureBase_Railing_Half_C,/Script/ShooterGame.PrimalStructure,0,"[""has_descendants"",""referenced_by_assets"",""lightweight_catalog_only""]",6,6,0,1,0,0,,,92,top structural and demand signals within provisional tier
/Game/PrimalEarth/Structures/Tileset/RampCorners/StructureBase_Ramp_Corner_Left.StructureBase_Ramp_Corner_Left,StructureBase_Ramp_Corner_Left,/Script/Engine.Blueprint,/Game/PrimalEarth/Structures/Tileset/RampCorners/StructureBase_Ramp_Corner.StructureBase_Ramp_Corner_C,/Script/ShooterGame.PrimalStructure,0,"[""has_descendants"",""referenced_by_assets"",""lightweight_catalog_only""]",6,6,0,1,0,0,,,93,top structural and demand signals within provisional tier
/Game/PrimalEarth/Structures/Tileset/RampCorners/StructureBase_Ramp_Corner_Left_Inverted.StructureBase_Ramp_Corner_Left_Inverted,StructureBase_Ramp_Corner_Left_Inverted,/Script/Engine.Blueprint,/Game/PrimalEarth/Structures/Tileset/RampCorners/StructureBase_Ramp_Corner.StructureBase_Ramp_Corner_C,/Script/ShooterGame.PrimalStructure,0,"[""has_descendants"",""referenced_by_assets"",""lightweight_catalog_only""]",6,6,0,1,0,0,,,94,top structural and demand signals within provisional tier
/Game/PrimalEarth/Structures/Tileset/RampCorners/StructureBase_Ramp_Corner_Right.StructureBase_Ramp_Corner_Right,StructureBase_Ramp_Corner_Right,/Script/Engine.Blueprint,/Game/PrimalEarth/Structures/Tileset/RampCorners/StructureBase_Ramp_Corner.StructureBase_Ramp_Corner_C,/Script/ShooterGame.PrimalStructure,0,"[""has_descendants"",""referenced_by_assets"",""lightweight_catalog_only""]",6,6,0,1,0,0,,,95,top structural and demand signals within provisional tier
/Game/PrimalEarth/Structures/Tileset/RampCorners/StructureBase_Ramp_Corner_Right_Inverted.StructureBase_Ramp_Corner_Right_Inverted,StructureBase_Ramp_Corner_Right_Inverted,/Script/Engine.Blueprint,/Game/PrimalEarth/Structures/Tileset/RampCorners/StructureBase_Ramp_Corner.StructureBase_Ramp_Corner_C,/Script/ShooterGame.PrimalStructure,0,"[""has_descendants"",""referenced_by_assets"",""lightweight_catalog_only""]",6,6,0,1,0,0,,,96,top structural and demand signals within provisional tier
/Game/PrimalEarth/Structures/Tileset/RampHalf/StructureBase_Ramp_Half.StructureBase_Ramp_Half,StructureBase_Ramp_Half,/Script/Engine.Blueprint,/Game/PrimalEarth/Structures/BuildingBases/TilesetBases/StructureBase_Slope_Shallow_Half.StructureBase_Slope_Shallow_Half_C,/Script/ShooterGame.PrimalStructure,0,"[""has_descendants"",""referenced_by_assets"",""lightweight_catalog_only""]",6,6,0,1,0,0,,,97,top structural and demand signals within provisional tier
/Game/PrimalEarth/Structures/Tileset/SlopedWallsShallow/Base_Wall_Sloped_Shallow_Left.Base_Wall_Sloped_Shallow_Left,Base_Wall_Sloped_Shallow_Left,/Script/Engine.Blueprint,/Game/PrimalEarth/Structures/Tileset/SlopedWallsShallow/Base_Wall_Sloped_Shallow.Base_Wall_Sloped_Shallow_C,/Script/ShooterGame.PrimalStructure,0,"[""has_descendants"",""referenced_by_assets"",""lightweight_catalog_only""]",6,6,0,1,0,0,,,98,top structural and demand signals within provisional tier
/Game/PrimalEarth/Structures/Tileset/SlopedWallsShallow/Base_Wall_Sloped_Shallow_Left_Inverted.Base_Wall_Sloped_Shallow_Left_Inverted,Base_Wall_Sloped_Shallow_Left_Inverted,/Script/Engine.Blueprint,/Game/PrimalEarth/Structures/Tileset/SlopedWallsShallow/Base_Wall_Sloped_Shallow.Base_Wall_Sloped_Shallow_C,/Script/ShooterGame.PrimalStructure,0,"[""has_descendants"",""referenced_by_assets"",""lightweight_catalog_only""]",6,6,0,1,0,0,,,99,top structural and demand signals within provisional tier
/Game/PrimalEarth/Structures/Tileset/SlopedWallsShallow/Base_Wall_Sloped_Shallow_Right.Base_Wall_Sloped_Shallow_Right,Base_Wall_Sloped_Shallow_Right,/Script/Engine.Blueprint,/Game/PrimalEarth/Structures/Tileset/SlopedWallsShallow/Base_Wall_Sloped_Shallow.Base_Wall_Sloped_Shallow_C,/Script/ShooterGame.PrimalStructure,0,"[""has_descendants"",""referenced_by_assets"",""lightweight_catalog_only""]",6,6,0,1,0,0,,,100,top structural and demand signals within provisional tier
/Game/PrimalEarth/Structures/Tileset/SlopedWallsShallow/Base_Wall_Sloped_Shallow_Right_Inverted.Base_Wall_Sloped_Shallow_Right_Inverted,Base_Wall_Sloped_Shallow_Right_Inverted,/Script/Engine.Blueprint,/Game/PrimalEarth/Structures/Tileset/SlopedWallsShallow/Base_Wall_Sloped_Shallow.Base_Wall_Sloped_Shallow_C,/Script/ShooterGame.PrimalStructure,0,"[""has_descendants"",""referenced_by_assets"",""lightweight_catalog_only""]",6,6,0,1,0,0,,,101,top structural and demand signals within provisional tier
/Game/PrimalEarth/Structures/Tileset/SpiralStairs/StairSM_Inverted_Base.StairSM_Inverted_Base,StairSM_Inverted_Base,/Script/Engine.Blueprint,/Game/PrimalEarth/Structures/Tileset/SpiralStairs/StructureBase_Stairs_Spiral.StructureBase_Stairs_Spiral_C,/Script/ShooterGame.PrimalStructure,0,"[""has_descendants"",""referenced_by_assets"",""lightweight_catalog_only""]",6,6,0,1,0,0,,,102,top structural and demand signals within provisional tier
/Game/PrimalEarth/Structures/Tileset/StairsHalf/StructureBase_Stairs_Half.StructureBase_Stairs_Half,StructureBase_Stairs_Half,/Script/Engine.Blueprint,/Game/PrimalEarth/Structures/BuildingBases/TilesetBases/StructureBase_Slope_Half.StructureBase_Slope_Half_C,/Script/ShooterGame.PrimalStructure,0,"[""has_descendants"",""referenced_by_assets"",""lightweight_catalog_only""]",6,6,0,1,0,0,,,103,top structural and demand signals within provisional tier
/Game/PrimalEarth/Structures/Tileset/ThinFoundations/Base_Foundation_Thin_Tri.Base_Foundation_Thin_Tri,Base_Foundation_Thin_Tri,/Script/Engine.Blueprint,/Game/PrimalEarth/StructuresPlus/Structures/Foundations/Base_Foundation_Tri.Base_Foundation_Tri_C,/Script/ShooterGame.PrimalStructure,0,"[""has_descendants"",""referenced_by_assets"",""lightweight_catalog_only""]",6,6,0,1,0,0,,,104,top structural and demand signals within provisional tier
/Game/PrimalEarth/Structures/Tileset/ThinFoundations/Floor_Base_Thin.Floor_Base_Thin,Floor_Base_Thin,/Script/Engine.Blueprint,/Game/PrimalEarth/Structures/BuildingBases/Floor_Base_SM.Floor_Base_SM_C,/Script/ShooterGame.PrimalStructure,0,"[""has_descendants"",""referenced_by_assets"",""lightweight_catalog_only""]",6,6,0,1,0,0,,,105,top structural and demand signals within provisional tier
/Game/PrimalEarth/StructuresPlus/Structures/Ramps/Base_Ramp.Base_Ramp,Base_Ramp,/Script/Engine.Blueprint,/Game/PrimalEarth/Structures/BuildingBases/TilesetBases/StructureBase_Slope.StructureBase_Slope_C,/Script/ShooterGame.PrimalStructure,0,"[""has_descendants"",""referenced_by_assets"",""lightweight_catalog_only""]",6,6,0,1,0,0,,,106,top structural and demand signals within provisional tier
/Game/Extinction/CoreBlueprints/HordeCrates/ElementNode_Base_Horde.ElementNode_Base_Horde,ElementNode_Base_Horde,/Script/Engine.Blueprint,/Game/Extinction/CoreBlueprints/HordeCrates/SupplyCrate_Base_Horde.SupplyCrate_Base_Horde_C,/Script/ShooterGame.PrimalStructureItemContainer_HordeCrate,0,"[""has_descendants"",""referenced_by_assets"",""lightweight_catalog_only""]",6,5,0,1,0,0,,,107,top structural and demand signals within provisional tier
/Game/PrimalEarth/Test/DroppedItemGenericLowQuality.DroppedItemGenericLowQuality,DroppedItemGenericLowQuality,/Script/Engine.Blueprint,/Script/ShooterGame.DroppedItemLowQuality,/Script/ShooterGame.DroppedItemLowQuality,0,"[""has_descendants"",""referenced_by_assets"",""lightweight_catalog_only""]",6,5,0,1,0,0,,,108,top structural and demand signals within provisional tier
/Game/Dragontopia/Dragons/Eclipsar/Attacks/Projectiles/ProjDracoBall_EclpisarProjectile.ProjDracoBall_EclpisarProjectile,ProjDracoBall_EclpisarProjectile,/Script/Engine.Blueprint,/Game/Dragontopia/Dragons/Base/Attacks/Projectiles/ProjDracoBall.ProjDracoBall_C,/Script/ShooterGame.PrimalProjectileDilo,0,"[""has_descendants"",""referenced_by_assets"",""lightweight_catalog_only""]",6,3,0,1,0,0,,,109,top structural and demand signals within provisional tier
/Game/LostColony/CoreBlueprints/Items/PrimalItemResource_LostColony_Sigil_BASE.PrimalItemResource_LostColony_Sigil_BASE,PrimalItemResource_LostColony_Sigil_BASE,/Script/Engine.Blueprint,/Game/PrimalEarth/CoreBlueprints/Resources/PrimalItemResourceGeneric.PrimalItemResourceGeneric_C,/Script/ShooterGame.PrimalItem,0,"[""has_descendants"",""referenced_by_assets"",""lightweight_catalog_only""]",6,3,0,1,0,0,,,110,top structural and demand signals within provisional tier
/Game/Packs/Frontier/Structures/TrainTracks/Structure_TrainTrack_Curve_Base.Structure_TrainTrack_Curve_Base,Structure_TrainTrack_Curve_Base,/Script/Engine.Blueprint,/Game/Packs/Frontier/Structures/TrainTracks/Structure_TrainTrack_Base.Structure_TrainTrack_Base_C,/Script/ShooterGame.PrimalStructure,0,"[""has_descendants"",""referenced_by_assets"",""lightweight_catalog_only""]",6,3,0,1,0,0,,,111,top structural and demand signals within provisional tier
/Game/Packs/Steampunk/Dinos/JumpingSpider/ProjWebBall_JumpingSpider_Base.ProjWebBall_JumpingSpider_Base,ProjWebBall_JumpingSpider_Base,/Script/Engine.Blueprint,/Game/PrimalEarth/CoreBlueprints/Projectiles/ProjWebBall_small.ProjWebBall_small_C,/Script/ShooterGame.ShooterProjectile,0,"[""has_descendants"",""referenced_by_assets"",""lightweight_catalog_only""]",6,3,0,1,0,0,,,112,top structural and demand signals within provisional tier
/Game/Packs/Wasteland/Vehicles/Car/Turret/BaseClass/PrimalItem_Car_Turret_Base.PrimalItem_Car_Turret_Base,PrimalItem_Car_Turret_Base,/Script/Engine.Blueprint,/Game/Packs/Wasteland/Vehicles/Car/BaseClasses/PrimalItem_Car_Equipment_Base.PrimalItem_Car_Equipment_Base_C,/Script/ShooterGame.PrimalItem,0,"[""has_descendants"",""referenced_by_assets"",""lightweight_catalog_only""]",6,3,0,1,0,0,,,113,top structural and demand signals within provisional tier
/Game/ASA/CoreBlueprints/Camera/PrimalCameraConfig_BP_Base.PrimalCameraConfig_BP_Base,PrimalCameraConfig_BP_Base,/Script/Engine.Blueprint,/Script/ShooterGame.PrimalCameraConfig,/Script/ShooterGame.PrimalCameraConfig,0,"[""has_descendants"",""referenced_by_assets"",""lightweight_catalog_only""]",6,2,0,1,0,0,,,114,top structural and demand signals within provisional tier
/Game/ScorchedEarth/Dinos/Moth/Moth_Character_BP_Base.Moth_Character_BP_Base,Moth_Character_BP_Base,/Script/Engine.Blueprint,/Game/PrimalEarth/CoreBlueprints/Dino_Character_BP.Dino_Character_BP_C,/Script/ShooterGame.PrimalDinoCharacter,0,"[""has_descendants"",""referenced_by_assets"",""lightweight_catalog_only""]",6,2,0,1,0,0,,,115,top structural and demand signals within provisional tier
/Game/Base/GameplayComponents/Mechanics/StateMachine/v3/StateReqs/StateHistory/StateReq_RecentState_V3.StateReq_RecentState_V3,StateReq_RecentState_V3,/Script/Engine.Blueprint,/Game/Base/GameplayComponents/Mechanics/StateMachine/v3/StateReqs/StateReq_Base_v3.StateReq_Base_v3_C,/Script/ShooterGame.Object_WithWorldContext,0,"[""has_descendants"",""referenced_by_assets"",""lightweight_catalog_only""]",6,1,0,1,0,0,,,116,top structural and demand signals within provisional tier
/Game/PrimalEarth/Test/PrimalItemConsumable_Egg_Wyvern.PrimalItemConsumable_Egg_Wyvern,PrimalItemConsumable_Egg_Wyvern,/Script/Engine.Blueprint,/Game/PrimalEarth/CoreBlueprints/Items/Consumables/PrimalItemConsumable_Egg_Special.PrimalItemConsumable_Egg_Special_C,/Script/ShooterGame.PrimalItem,0,"[""has_descendants"",""referenced_by_assets"",""lightweight_catalog_only""]",6,1,0,1,0,0,,,117,top structural and demand signals within provisional tier
/Game/PrimalEarth/CoreBlueprints/BaseAnimBlueprints/DinoBlueprintBase_RootBoneNameInterpSpeed.DinoBlueprintBase_RootBoneNameInterpSpeed,DinoBlueprintBase_RootBoneNameInterpSpeed,/Script/Engine.AnimBlueprint,/Script/ShooterGame.PrimalAnimInstance,/Script/ShooterGame.PrimalAnimInstance,0,"[""has_descendants"",""referenced_by_assets"",""cross_domain_references"",""lightweight_catalog_only""]",5,5,0,3,0,0,,,118,top structural and demand signals within provisional tier
/Game/PrimalEarth/CoreBlueprints/Weapons/PrimalItem_WeaponBasePick.PrimalItem_WeaponBasePick,PrimalItem_WeaponBasePick,/Script/Engine.Blueprint,/Game/PrimalEarth/CoreBlueprints/Weapons/PrimalItemWeaponGenericAmmoless.PrimalItemWeaponGenericAmmoless_C,/Script/ShooterGame.PrimalItem,0,"[""has_descendants"",""referenced_by_assets"",""cross_domain_references"",""lightweight_catalog_only""]",5,5,0,3,0,0,,,119,top structural and demand signals within provisional tier
/Game/PrimalEarth/Structures/BuildingBases/Gate_Base.Gate_Base,Gate_Base,/Script/Engine.Blueprint,/Game/PrimalEarth/Structures/BuildingBases/Door_Base_SM.Door_Base_SM_C,/Script/ShooterGame.PrimalStructureDoor,0,"[""has_descendants"",""referenced_by_assets"",""cross_domain_references"",""lightweight_catalog_only""]",5,5,0,3,0,0,,,120,top structural and demand signals within provisional tier
/Game/PrimalEarth/Structures/BuildingBases/Gate_Large_Base.Gate_Large_Base,Gate_Large_Base,/Script/Engine.Blueprint,/Game/PrimalEarth/Structures/BuildingBases/Door_Base_SM.Door_Base_SM_C,/Script/ShooterGame.PrimalStructureDoor,0,"[""has_descendants"",""referenced_by_assets"",""cross_domain_references"",""lightweight_catalog_only""]",5,5,0,3,0,0,,,121,top structural and demand signals within provisional tier
/Game/PrimalEarth/Structures/SM_BaseCeilingDoorGiant_BP.SM_BaseCeilingDoorGiant_BP,SM_BaseCeilingDoorGiant_BP,/Script/Engine.Blueprint,/Game/PrimalEarth/Structures/BuildingBases/Door_Base_SM.Door_Base_SM_C,/Script/ShooterGame.PrimalStructureDoor,0,"[""has_descendants"",""referenced_by_assets"",""cross_domain_references"",""lightweight_catalog_only""]",5,5,0,3,0,0,,,122,top structural and demand signals within provisional tier
/Game/PrimalEarth/CoreBlueprints/Projectiles/ProjArrow_Flame_Crossbow.ProjArrow_Flame_Crossbow,ProjArrow_Flame_Crossbow,/Script/Engine.Blueprint,/Game/PrimalEarth/CoreBlueprints/Projectiles/ProjArrow_Flame.ProjArrow_Flame_C,/Script/ShooterGame.PrimalProjectileArrow,0,"[""has_descendants"",""referenced_by_assets"",""cross_domain_references"",""lightweight_catalog_only""]",5,4,0,3,0,0,,,123,top structural and demand signals within provisional tier
/Game/Aberration/CoreBlueprints/DamageTypes/DmgType_Rockwell_TentaShock.DmgType_Rockwell_TentaShock,DmgType_Rockwell_TentaShock,/Script/Engine.Blueprint,/Game/PrimalEarth/CoreBlueprints/DamageTypes/DmgType_Melee_Dino_Carnivore_Small.DmgType_Melee_Dino_Carnivore_Small_C,/Script/ShooterGame.ShooterDamageType,0,"[""has_descendants"",""referenced_by_assets"",""cross_domain_references"",""lightweight_catalog_only""]",5,3,0,3,0,0,,,124,top structural and demand signals within provisional tier
/Game/Genesis/Dinos/EelBoss/Proj_EelBoss_ElectricityBall.Proj_EelBoss_ElectricityBall,Proj_EelBoss_ElectricityBall,/Script/Engine.Blueprint,/Script/ShooterGame.ShooterProjectile,/Script/ShooterGame.ShooterProjectile,0,"[""has_descendants"",""referenced_by_assets"",""cross_domain_references"",""lightweight_catalog_only""]",5,8,0,2,0,0,,,125,top structural and demand signals within provisional tier
/Game/Packs/TidesOfFortune/Structures/BountyBoard/Gameplay/BaseClasses/PrimalItem_GiveHexagons_Base.PrimalItem_GiveHexagons_Base,PrimalItem_GiveHexagons_Base,/Script/Engine.Blueprint,/Game/PrimalEarth/CoreBlueprints/Items/Consumables/BaseBPs/PrimalItemConsumableGeneric.PrimalItemConsumableGeneric_C,/Script/ShooterGame.PrimalItem,0,"[""has_descendants"",""referenced_by_assets"",""cross_domain_references"",""lightweight_catalog_only""]",5,7,0,2,0,0,,,126,top structural and demand signals within provisional tier
/Game/PrimalEarth/Structures/BuildingBases/StructureTurretBaseBP.StructureTurretBaseBP,StructureTurretBaseBP,/Script/Engine.Blueprint,/Script/ShooterGame.PrimalStructureTurret,/Script/ShooterGame.PrimalStructureTurret,0,"[""has_descendants"",""referenced_by_assets"",""cross_domain_references"",""lightweight_catalog_only""]",5,7,0,2,0,0,,,127,top structural and demand signals within provisional tier
/Game/PrimalEarth/Test/PrimalItemConsumable_Egg_Raptor.PrimalItemConsumable_Egg_Raptor,PrimalItemConsumable_Egg_Raptor,/Script/Engine.Blueprint,/Game/PrimalEarth/CoreBlueprints/Items/Consumables/PrimalItemConsumable_Egg_Small.PrimalItemConsumable_Egg_Small_C,/Script/ShooterGame.PrimalItem,0,"[""has_descendants"",""referenced_by_assets"",""cross_domain_references"",""lightweight_catalog_only""]",5,7,0,2,0,0,,,128,top structural and demand signals within provisional tier
/Game/PrimalEarth/Test/PrimalItemConsumable_Egg_Rex.PrimalItemConsumable_Egg_Rex,PrimalItemConsumable_Egg_Rex,/Script/Engine.Blueprint,/Game/PrimalEarth/CoreBlueprints/Items/Consumables/PrimalItemConsumable_Egg_XtraLarge.PrimalItemConsumable_Egg_XtraLarge_C,/Script/ShooterGame.PrimalItem,0,"[""has_descendants"",""referenced_by_assets"",""cross_domain_references"",""lightweight_catalog_only""]",5,7,0,2,0,0,,,129,top structural and demand signals within provisional tier
/Game/PrimalEarth/CoreBlueprints/Projectiles/ProjHarpoon_Tranq.ProjHarpoon_Tranq,ProjHarpoon_Tranq,/Script/Engine.Blueprint,/Game/PrimalEarth/CoreBlueprints/Projectiles/ProjHarpoon.ProjHarpoon_C,/Script/ShooterGame.PrimalProjectileArrow,0,"[""has_descendants"",""referenced_by_assets"",""cross_domain_references"",""lightweight_catalog_only""]",5,6,0,2,0,0,,,130,top structural and demand signals within provisional tier
/Game/PrimalEarth/Test/PrimalItemConsumable_Egg_Gigant.PrimalItemConsumable_Egg_Gigant,PrimalItemConsumable_Egg_Gigant,/Script/Engine.Blueprint,/Game/PrimalEarth/CoreBlueprints/Items/Consumables/PrimalItemConsumable_Egg_XtraLarge.PrimalItemConsumable_Egg_XtraLarge_C,/Script/ShooterGame.PrimalItem,0,"[""has_descendants"",""referenced_by_assets"",""cross_domain_references"",""lightweight_catalog_only""]",5,6,0,2,0,0,,,131,top structural and demand signals within provisional tier
/Game/PrimalEarth/Test/PrimalItemConsumable_Egg_Quetz.PrimalItemConsumable_Egg_Quetz,PrimalItemConsumable_Egg_Quetz,/Script/Engine.Blueprint,/Game/PrimalEarth/CoreBlueprints/Items/Consumables/PrimalItemConsumable_Egg_XtraLarge.PrimalItemConsumable_Egg_XtraLarge_C,/Script/ShooterGame.PrimalItem,0,"[""has_descendants"",""referenced_by_assets"",""cross_domain_references"",""lightweight_catalog_only""]",5,6,0,2,0,0,,,132,top structural and demand signals within provisional tier
/Game/PrimalEarth/CoreBlueprints/Projectiles/ProjArrow_Tranq_Bolt.ProjArrow_Tranq_Bolt,ProjArrow_Tranq_Bolt,/Script/Engine.Blueprint,/Game/PrimalEarth/CoreBlueprints/Projectiles/ProjArrow.ProjArrow_C,/Script/ShooterGame.PrimalProjectileArrow,0,"[""has_descendants"",""referenced_by_assets"",""cross_domain_references"",""lightweight_catalog_only""]",5,4,0,2,0,0,,,133,top structural and demand signals within provisional tier
/Game/PrimalEarth/Dinos/Chalicotherium/ChalicoProj_Base.ChalicoProj_Base,ChalicoProj_Base,/Script/Engine.Blueprint,/Script/ShooterGame.ShooterProjectile,UNKNOWN,0,"[""has_descendants"",""referenced_by_assets"",""cross_domain_references"",""lightweight_catalog_only""]",5,4,0,2,0,0,,,134,top structural and demand signals within provisional tier
/Game/PrimalEarth/CoreBlueprints/Dino_Character_BP_Climber_ForceAllowBoss.Dino_Character_BP_Climber_ForceAllowBoss,Dino_Character_BP_Climber_ForceAllowBoss,/Script/Engine.Blueprint,/Game/PrimalEarth/CoreBlueprints/Dino_Character_BP_Climber.Dino_Character_BP_Climber_C,UNKNOWN,0,"[""has_descendants"",""referenced_by_assets"",""cross_domain_references"",""lightweight_catalog_only""]",5,2,0,2,0,0,,,135,top structural and demand signals within provisional tier
/Game/LostColony/Structures/PlantProtoSpeciesR/Items/PrimalItemConsumable_Seed_PlantProtoSpeciesR.PrimalItemConsumable_Seed_PlantProtoSpeciesR,PrimalItemConsumable_Seed_PlantProtoSpeciesR,/Script/Engine.Blueprint,/Game/Genesis2/Structures/PlantSpeciesR/PrimalItemConsumable_Seed_PlantSpeciesR.PrimalItemConsumable_Seed_PlantSpeciesR_C,/Script/ShooterGame.PrimalItem,0,"[""has_descendants"",""referenced_by_assets"",""lightweight_catalog_only""]",5,8,0,1,0,0,,,136,top structural and demand signals within provisional tier
/Game/PrimalEarth/Dinos/Trike/BionicTrike_Character_BP.BionicTrike_Character_BP,BionicTrike_Character_BP,/Script/Engine.Blueprint,/Game/PrimalEarth/Dinos/Trike/Trike_Character_BP.Trike_Character_BP_C,/Script/ShooterGame.PrimalDinoCharacter,0,"[""has_descendants"",""referenced_by_assets"",""lightweight_catalog_only""]",5,8,0,1,0,0,,,137,top structural and demand signals within provisional tier
/Game/Art_Tools/Level_Tools/PCG/PCG_Core/Parent/BP_PCG_Biome_Base.BP_PCG_Biome_Base,BP_PCG_Biome_Base,/Script/Engine.Blueprint,/Script/Engine.Actor,/Script/Engine.Actor,0,"[""has_descendants"",""referenced_by_assets"",""lightweight_catalog_only""]",5,7,0,1,0,0,,,138,top structural and demand signals within provisional tier
/Game/Genesis/Dinos/Bots/Pirates/Characters/MiniBosses/Pirate_Character_BP_MiniBoss.Pirate_Character_BP_MiniBoss,Pirate_Character_BP_MiniBoss,/Script/Engine.Blueprint,/Game/Genesis/Dinos/Bots/Pirates/Base/Pirate_Character_BP_Base.Pirate_Character_BP_Base_C,/Script/ShooterGame.PrimalBotCharacter,0,"[""has_descendants"",""referenced_by_assets"",""lightweight_catalog_only""]",5,7,0,1,0,0,,,139,top structural and demand signals within provisional tier
/Game/Genesis2/Missions/ModularMission/WhaleGallery/EnemySpawners/WhaleGallery_Submodule_SpawnCreatures_Drones_01.WhaleGallery_Submodule_SpawnCreatures_Drones_01,WhaleGallery_Submodule_SpawnCreatures_Drones_01,/Script/Engine.Blueprint,/Game/Genesis2/Missions/ModularMission/WhaleGallery/WhaleGallery_Submodule_SpawnCreatures_Drones_Main.WhaleGallery_Submodule_SpawnCreatures_Drones_Main_C,UNKNOWN,0,"[""has_descendants"",""referenced_by_assets"",""lightweight_catalog_only""]",5,7,0,1,0,0,,,140,top structural and demand signals within provisional tier
/Game/PrimalEarth/UI/PreviewScene/PreviewScene_Base.PreviewScene_Base,PreviewScene_Base,/Script/Engine.Blueprint,/Script/ShooterGame.PrimalPreviewSceneSetup,/Script/ShooterGame.PrimalPreviewSceneSetup,0,"[""has_descendants"",""referenced_by_assets"",""lightweight_catalog_only""]",5,7,0,1,0,0,,,141,top structural and demand signals within provisional tier
/Game/PrimalEarth/WeaponSpyglass/Animations/TPV/TPV_Spyglass_MaleAnimBP.TPV_Spyglass_MaleAnimBP,TPV_Spyglass_MaleAnimBP,/Script/Engine.AnimBlueprint,/Game/PrimalEarth/CoreBlueprints/BaseAnimBlueprints/BaseHumanAnimBP.BaseHumanAnimBP_C,/Script/Engine.AnimInstance,0,"[""has_descendants"",""referenced_by_assets"",""lightweight_catalog_only""]",5,7,0,1,0,0,,,142,top structural and demand signals within provisional tier
/Game/ASA/Dinos/YiLing/Feathers/DmgType_Projectile_YiLingFeather.DmgType_Projectile_YiLingFeather,DmgType_Projectile_YiLingFeather,/Script/Engine.Blueprint,/Game/PrimalEarth/CoreBlueprints/DamageTypes/DmgType_Projectile.DmgType_Projectile_C,/Script/ShooterGame.ShooterDamageType,0,"[""has_descendants"",""referenced_by_assets"",""lightweight_catalog_only""]",5,6,0,1,0,0,,,143,top structural and demand signals within provisional tier
/Game/ASA/Dinos/YiLing/Feathers/YiLingFeatherImpactEmitter.YiLingFeatherImpactEmitter,YiLingFeatherImpactEmitter,/Script/Engine.Blueprint,/Script/ShooterGame.PrimalEmitterSpawnable,/Script/ShooterGame.PrimalEmitterSpawnable,0,"[""has_descendants"",""referenced_by_assets"",""lightweight_catalog_only""]",5,6,0,1,0,0,,,144,top structural and demand signals within provisional tier
/Game/Genesis/CoreBlueprints/Environment/Sky/Capture/GEN_SkyCapture.GEN_SkyCapture,GEN_SkyCapture,/Script/Engine.Blueprint,/Script/Engine.SceneCaptureCube,UNKNOWN,0,"[""has_descendants"",""referenced_by_assets"",""lightweight_catalog_only""]",5,6,0,1,0,0,,,145,top structural and demand signals within provisional tier
/Game/Genesis2/Missions/ModularMission/Gauntlet2/RisingWater/Gauntlet2_Module_Kill_RisingWater.Gauntlet2_Module_Kill_RisingWater,Gauntlet2_Module_Kill_RisingWater,/Script/Engine.Blueprint,/Game/Genesis2/Missions/ModularMission/Gauntlet2/MissionModule_Kill_Gauntlet.MissionModule_Kill_Gauntlet_C,UNKNOWN,0,"[""has_descendants"",""referenced_by_assets"",""lightweight_catalog_only""]",5,6,0,1,0,0,,,146,top structural and demand signals within provisional tier
/Game/Genesis2/Missions/ModularMission/Gauntlet2/RisingWater/Gauntlet2_Submodule_SpawnCreatures_RisingWater.Gauntlet2_Submodule_SpawnCreatures_RisingWater,Gauntlet2_Submodule_SpawnCreatures_RisingWater,/Script/Engine.Blueprint,/Game/Genesis2/Missions/ModularMission/Gauntlet2/MissionModule_zSubmodule_SpawnCreatures_Gauntlet.MissionModule_zSubmodule_SpawnCreatures_Gauntlet_C,UNKNOWN,0,"[""has_descendants"",""referenced_by_assets"",""lightweight_catalog_only""]",5,6,0,1,0,0,,,147,top structural and demand signals within provisional tier
/Game/Genesis2/Missions/ModularMission/Gauntlet2/Simulation/Gauntlet2_Module_Kill_Simulation.Gauntlet2_Module_Kill_Simulation,Gauntlet2_Module_Kill_Simulation,/Script/Engine.Blueprint,/Game/Genesis2/Missions/ModularMission/Gauntlet2/MissionModule_Kill_Gauntlet.MissionModule_Kill_Gauntlet_C,UNKNOWN,0,"[""has_descendants"",""referenced_by_assets"",""lightweight_catalog_only""]",5,6,0,1,0,0,,,148,top structural and demand signals within provisional tier
/Game/Genesis2/Missions/ModularMission/Gauntlet2/Simulation/Gauntlet2_Submodule_SpawnCreatures_Simulation.Gauntlet2_Submodule_SpawnCreatures_Simulation,Gauntlet2_Submodule_SpawnCreatures_Simulation,/Script/Engine.Blueprint,/Game/Genesis2/Missions/ModularMission/Gauntlet2/MissionModule_zSubmodule_SpawnCreatures_Gauntlet.MissionModule_zSubmodule_SpawnCreatures_Gauntlet_C,UNKNOWN,0,"[""has_descendants"",""referenced_by_assets"",""lightweight_catalog_only""]",5,6,0,1,0,0,,,149,top structural and demand signals within provisional tier
/Game/LostColony/Dinos/LostChargePet/ChargePetEyeBeamProj.ChargePetEyeBeamProj,ChargePetEyeBeamProj,/Script/Engine.Blueprint,/Script/ShooterGame.ShooterProjectile,/Script/ShooterGame.ShooterProjectile,0,"[""has_descendants"",""referenced_by_assets"",""lightweight_catalog_only""]",5,6,0,1,0,0,,,150,top structural and demand signals within provisional tier
/Game/LostColony/Dinos/LostChargePet/ProjMesmerize.ProjMesmerize,ProjMesmerize,/Script/Engine.Blueprint,/Script/ShooterGame.ShooterProjectile,/Script/ShooterGame.ShooterProjectile,0,"[""has_descendants"",""referenced_by_assets"",""lightweight_catalog_only""]",5,6,0,1,0,0,,,151,top structural and demand signals within provisional tier
/Game/LostColony/Structures/PlantProtoSpeciesR/Structures/Structure_PlantProtoSpeciesR.Structure_PlantProtoSpeciesR,Structure_PlantProtoSpeciesR,/Script/Engine.Blueprint,/Game/Genesis2/Structures/PlantSpeciesR/Structure_PlantSpeciesR.Structure_PlantSpeciesR_C,/Script/ShooterGame.PrimalStructure,0,"[""has_descendants"",""referenced_by_assets"",""lightweight_catalog_only""]",5,6,0,1,0,0,,,152,top structural and demand signals within provisional tier
/Game/Packs/Steampunk/Structures/EmbryoIncubator/Animations/Embryo_AnimBP_BASE.Embryo_AnimBP_BASE,Embryo_AnimBP_BASE,/Script/Engine.AnimBlueprint,/Script/Engine.AnimInstance,/Script/Engine.AnimInstance,0,"[""has_descendants"",""referenced_by_assets"",""lightweight_catalog_only""]",5,6,0,1,0,0,,,153,top structural and demand signals within provisional tier
/Game/Packs/Wasteland/Vehicles/Car/Turret/BaseClass/PrimalItem_Car_Turret_WC.PrimalItem_Car_Turret_WC,PrimalItem_Car_Turret_WC,/Script/Engine.Blueprint,/Game/Packs/Wasteland/Vehicles/Car/Turret/BaseClass/PrimalItem_Car_Turret_Base.PrimalItem_Car_Turret_Base_C,/Script/ShooterGame.PrimalItem,0,"[""has_descendants"",""referenced_by_assets"",""lightweight_catalog_only""]",5,6,0,1,0,0,,,154,top structural and demand signals within provisional tier
/Game/PrimalEarth/Structures/Skins/Easter/Extras/Blueprints/StructureSkin_GardenSmithy.StructureSkin_GardenSmithy,StructureSkin_GardenSmithy,/Script/Engine.Blueprint,/Game/PrimalEarth/Structures/Skins/StructureSkinBase_MultiSwap.StructureSkinBase_MultiSwap_C,/Script/ShooterGame.PrimalStructureItemContainer,0,"[""has_descendants"",""referenced_by_assets"",""lightweight_catalog_only""]",5,6,0,1,0,0,,,155,top structural and demand signals within provisional tier
/Game/ASA/Dinos/Cat/Props/CatPropEmitter.CatPropEmitter,CatPropEmitter,/Script/Engine.Blueprint,/Script/ShooterGame.PrimalEmitterSpawnable,/Script/ShooterGame.PrimalEmitterSpawnable,0,"[""has_descendants"",""referenced_by_assets"",""lightweight_catalog_only""]",5,5,0,1,0,0,,,156,top structural and demand signals within provisional tier
/Game/ASA/Dinos/SpiritBear/Gameplay/ToMerge/v2/StateReqs/StateHistory/StateReq_RecentState.StateReq_RecentState,StateReq_RecentState,/Script/Engine.Blueprint,/Game/ASA/Dinos/SpiritBear/Gameplay/ToMerge/v2/StateReqs/StateReq_Base.StateReq_Base_C,/Script/ShooterGame.Object_WithWorldContext,0,"[""has_descendants"",""referenced_by_assets"",""lightweight_catalog_only""]",5,5,0,1,0,0,,,157,top structural and demand signals within provisional tier
/Game/ASA/Dinos/YiLing/Feathers/ProjYiLingFeather.ProjYiLingFeather,ProjYiLingFeather,/Script/Engine.Blueprint,/Script/ShooterGame.ShooterProjectile,/Script/ShooterGame.ShooterProjectile,0,"[""has_descendants"",""referenced_by_assets"",""lightweight_catalog_only""]",5,5,0,1,0,0,,,158,top structural and demand signals within provisional tier
/Game/Extinction/Dinos/Spindles/DinoAttackState_Spindles_Base.DinoAttackState_Spindles_Base,DinoAttackState_Spindles_Base,/Script/Engine.Blueprint,/Script/ShooterGame.PrimalAIStateBPBase,UNKNOWN,0,"[""has_descendants"",""referenced_by_assets"",""lightweight_catalog_only""]",5,5,0,1,0,0,,,159,top structural and demand signals within provisional tier
/Game/LostColony/Dinos/DevilFox/SlidingDino_Character_Base_BP.SlidingDino_Character_Base_BP,SlidingDino_Character_Base_BP,/Script/Engine.Blueprint,/Game/PrimalEarth/CoreBlueprints/Dino_Character_BP.Dino_Character_BP_C,/Script/ShooterGame.PrimalDinoCharacter,0,"[""has_descendants"",""referenced_by_assets"",""lightweight_catalog_only""]",5,5,0,1,0,0,,,160,top structural and demand signals within provisional tier
/Game/LostColony/Weapons/TekSpear/States/Base/StateReq_RecentState_TekSpear.StateReq_RecentState_TekSpear,StateReq_RecentState_TekSpear,/Script/Engine.Blueprint,/Game/Base/GameplayComponents/Mechanics/StateMachine/v3/StateReqs/StateHistory/StateReq_RecentState_V3.StateReq_RecentState_V3_C,/Script/ShooterGame.Object_WithWorldContext,0,"[""has_descendants"",""referenced_by_assets"",""lightweight_catalog_only""]",5,5,0,1,0,0,,,161,top structural and demand signals within provisional tier
/Game/Packs/TidesOfFortune/Structures/Fishtank/Layouts/Fishtank_Layout.Fishtank_Layout,Fishtank_Layout,/Script/Engine.Blueprint,/Script/Engine.Actor,/Script/Engine.Actor,0,"[""has_descendants"",""referenced_by_assets"",""lightweight_catalog_only""]",5,5,0,1,0,0,,,162,top structural and demand signals within provisional tier
/Game/PrimalEarth/CoreBlueprints/BaseAnimBlueprints/DinoBlueprintBase_RootTransform_FishtankCompatible.DinoBlueprintBase_RootTransform_FishtankCompatible,DinoBlueprintBase_RootTransform_FishtankCompatible,/Script/Engine.AnimBlueprint,/Game/PrimalEarth/CoreBlueprints/BaseAnimBlueprints/DinoBlueprintBase_RootTransform.DinoBlueprintBase_RootTransform_C,/Script/ShooterGame.PrimalDinoAnimInstance,0,"[""has_descendants"",""referenced_by_assets"",""lightweight_catalog_only""]",5,5,0,1,0,0,,,163,top structural and demand signals within provisional tier
/Game/PrimalEarth/CoreBlueprints/Items/Consumables/BaseBPs/PrimalItemConsumable_CakeSlice.PrimalItemConsumable_CakeSlice,PrimalItemConsumable_CakeSlice,/Script/Engine.Blueprint,/Game/PrimalEarth/CoreBlueprints/Items/Consumables/BaseBPs/PrimalItemConsumableGeneric.PrimalItemConsumableGeneric_C,/Script/ShooterGame.PrimalItem,0,"[""has_descendants"",""referenced_by_assets"",""lightweight_catalog_only""]",5,5,0,1,0,0,,,164,top structural and demand signals within provisional tier
/Game/PrimalEarth/CoreBlueprints/Items/WeaponAttachments/PrimalItemWeaponAttachmentGeneric.PrimalItemWeaponAttachmentGeneric,PrimalItemWeaponAttachmentGeneric,/Script/Engine.Blueprint,/Game/PrimalEarth/CoreBlueprints/Items/PrimalItem_Base.PrimalItem_Base_C,/Script/ShooterGame.PrimalItem,0,"[""has_descendants"",""referenced_by_assets"",""lightweight_catalog_only""]",5,5,0,1,0,0,,,165,top structural and demand signals within provisional tier
/Game/PrimalEarth/Structures/Tileset/GarageDoors/Small/StructureBase_GarageDoor_Small_Horizontal.StructureBase_GarageDoor_Small_Horizontal,StructureBase_GarageDoor_Small_Horizontal,/Script/Engine.Blueprint,/Game/PrimalEarth/Structures/Tileset/GarageDoors/Small/StructureBase_GarageDoor_Small.StructureBase_GarageDoor_Small_C,/Script/ShooterGame.PrimalStructureDoor,0,"[""has_descendants"",""referenced_by_assets"",""lightweight_catalog_only""]",5,5,0,1,0,0,,,166,top structural and demand signals within provisional tier
/Game/PrimalEarth/Structures/Tileset/GarageDoors/Small/StructureBase_GarageDoor_Small_Vertical.StructureBase_GarageDoor_Small_Vertical,StructureBase_GarageDoor_Small_Vertical,/Script/Engine.Blueprint,/Game/PrimalEarth/Structures/Tileset/GarageDoors/Small/StructureBase_GarageDoor_Small.StructureBase_GarageDoor_Small_C,/Script/ShooterGame.PrimalStructureDoor,0,"[""has_descendants"",""referenced_by_assets"",""lightweight_catalog_only""]",5,5,0,1,0,0,,,167,top structural and demand signals within provisional tier
/Game/PrimalEarth/Structures/Tileset/SecretDoorways/Door_Secret_Base.Door_Secret_Base,Door_Secret_Base,/Script/Engine.Blueprint,/Game/PrimalEarth/Structures/BuildingBases/Door_Base_SM.Door_Base_SM_C,/Script/ShooterGame.PrimalStructureDoor,0,"[""has_descendants"",""referenced_by_assets"",""lightweight_catalog_only""]",5,5,0,1,0,0,,,168,top structural and demand signals within provisional tier
/Game/Extinction/CoreBlueprints/DinoSettings_Corrupt_Herbivore.DinoSettings_Corrupt_Herbivore,DinoSettings_Corrupt_Herbivore,/Script/Engine.Blueprint,/Game/Extinction/CoreBlueprints/DinoSettings_Corrupt.DinoSettings_Corrupt_C,/Script/ShooterGame.PrimalDinoSettings,0,"[""has_descendants"",""referenced_by_assets"",""lightweight_catalog_only""]",5,4,0,1,0,0,,,169,top structural and demand signals within provisional tier
/Game/Extinction/CoreBlueprints/DinoSettings_Kaiju.DinoSettings_Kaiju,DinoSettings_Kaiju,/Script/Engine.Blueprint,/Game/PrimalEarth/Dinos/BaseBPs/DinoSettings_Base.DinoSettings_Base_C,/Script/ShooterGame.PrimalDinoSettings,0,"[""has_descendants"",""referenced_by_assets"",""lightweight_catalog_only""]",5,4,0,1,0,0,,,170,top structural and demand signals within provisional tier
/Game/Genesis/Environment/VR/IBL/VR_Master_Easy.VR_Master_Easy,VR_Master_Easy,/Script/Engine.Blueprint,/Game/PrimalEarth/LightingProbes/CustomIBL_Capture_Blueprint_Working.CustomIBL_Capture_Blueprint_Working_C,UNKNOWN,0,"[""has_descendants"",""referenced_by_assets"",""lightweight_catalog_only""]",5,4,0,1,0,0,,,171,top structural and demand signals within provisional tier
/Game/ASA/Dinos/ShoulderDragon/PrimalItemConsumable_Egg_ShoulderDragon.PrimalItemConsumable_Egg_ShoulderDragon,PrimalItemConsumable_Egg_ShoulderDragon,/Script/Engine.Blueprint,/Game/PrimalEarth/CoreBlueprints/Items/Consumables/PrimalItemConsumable_Egg_Small.PrimalItemConsumable_Egg_Small_C,/Script/ShooterGame.PrimalItem,0,"[""has_descendants"",""referenced_by_assets"",""lightweight_catalog_only""]",5,2,0,1,0,0,,,172,top structural and demand signals within provisional tier
/Game/Aberration/Dinos/CaveWolf/CaveWolf_Character_Base_BP.CaveWolf_Character_Base_BP,CaveWolf_Character_Base_BP,/Script/Engine.Blueprint,/Game/PrimalEarth/CoreBlueprints/Dino_Character_BP_Pack.Dino_Character_BP_Pack_C,/Script/ShooterGame.PrimalDinoCharacter,0,"[""has_descendants"",""referenced_by_assets"",""lightweight_catalog_only""]",5,2,0,1,0,0,,,173,top structural and demand signals within provisional tier
/Game/Dragontopia/Dragons/Eclipsar/Attacks/Projectiles/DracoProjectileTrail_Eclipsar_Emitter.DracoProjectileTrail_Eclipsar_Emitter,DracoProjectileTrail_Eclipsar_Emitter,/Script/Engine.Blueprint,/Game/Dragontopia/Dragons/Base/Attacks/Projectiles/DracoProjectileTrail_Emitter.DracoProjectileTrail_Emitter_C,/Script/ShooterGame.PrimalEmitterSpawnable,0,"[""has_descendants"",""referenced_by_assets"",""lightweight_catalog_only""]",5,2,0,1,0,0,,,174,top structural and demand signals within provisional tier
/SOTFGameModeMod/TSOTF/Core/Dinos/Summon/TributeTerminal_Base_SOTF.TributeTerminal_Base_SOTF,TributeTerminal_Base_SOTF,/Script/Engine.Blueprint,/Game/PrimalEarth/Structures/BuildingBases/StructureItemContainerBaseBP.StructureItemContainerBaseBP_C,/Script/ShooterGame.PrimalStructureItemContainer,0,"[""has_descendants"",""referenced_by_assets"",""lightweight_catalog_only""]",5,1,0,1,0,0,,,175,top structural and demand signals within provisional tier
/Game/PrimalEarth/CoreBlueprints/DamageTypes/DmgType_Instant_PiercingGeneral.DmgType_Instant_PiercingGeneral,DmgType_Instant_PiercingGeneral,/Script/Engine.Blueprint,/Game/PrimalEarth/CoreBlueprints/DamageTypes/DmgType_Instant.DmgType_Instant_C,/Script/ShooterGame.ShooterDamageType,0,"[""has_descendants"",""referenced_by_assets"",""cross_domain_references"",""lightweight_catalog_only""]",4,6,0,3,0,0,,,176,top structural and demand signals within provisional tier
/Game/PrimalEarth/CoreBlueprints/Projectiles/ProjArrow_Tranq.ProjArrow_Tranq,ProjArrow_Tranq,/Script/Engine.Blueprint,/Game/PrimalEarth/CoreBlueprints/Projectiles/ProjArrow.ProjArrow_C,UNKNOWN,0,"[""has_descendants"",""referenced_by_assets"",""cross_domain_references"",""lightweight_catalog_only""]",4,6,0,3,0,0,,,177,top structural and demand signals within provisional tier
/Game/PrimalEarth/CoreBlueprints/DamageTypes/DmgType_Instant_PiercingFull.DmgType_Instant_PiercingFull,DmgType_Instant_PiercingFull,/Script/Engine.Blueprint,/Game/PrimalEarth/CoreBlueprints/DamageTypes/DmgType_Instant.DmgType_Instant_C,/Script/ShooterGame.ShooterDamageType,0,"[""has_descendants"",""referenced_by_assets"",""cross_domain_references"",""lightweight_catalog_only""]",4,5,0,3,0,0,,,178,top structural and demand signals within provisional tier
/Game/PrimalEarth/CoreBlueprints/BaseAnimBlueprints/DinoBlueprintBase_RootTransform_FlySwimming.DinoBlueprintBase_RootTransform_FlySwimming,DinoBlueprintBase_RootTransform_FlySwimming,/Script/Engine.AnimBlueprint,/Script/ShooterGame.PrimalAnimInstance,/Script/ShooterGame.PrimalAnimInstance,0,"[""has_descendants"",""referenced_by_assets"",""cross_domain_references"",""lightweight_catalog_only""]",4,4,0,3,0,0,,,179,top structural and demand signals within provisional tier
/Game/PrimalEarth/Test/PrimalItemConsumable_Egg_Allo.PrimalItemConsumable_Egg_Allo,PrimalItemConsumable_Egg_Allo,/Script/Engine.Blueprint,/Game/PrimalEarth/CoreBlueprints/Items/Consumables/PrimalItemConsumable_Egg_Large.PrimalItemConsumable_Egg_Large_C,/Script/ShooterGame.PrimalItem,0,"[""has_descendants"",""referenced_by_assets"",""cross_domain_references"",""lightweight_catalog_only""]",4,4,0,3,0,0,,,180,top structural and demand signals within provisional tier
/Game/Genesis/Dinos/BiomeVariants/Volcano_Allosaurus/Volcano_Allo_Character_BP.Volcano_Allo_Character_BP,Volcano_Allo_Character_BP,/Script/Engine.Blueprint,/Game/PrimalEarth/Dinos/Allosaurus/Allo_Character_BP.Allo_Character_BP_C,/Script/ShooterGame.PrimalDinoCharacter,0,"[""has_descendants"",""referenced_by_assets"",""cross_domain_references"",""lightweight_catalog_only""]",4,9,0,2,0,0,,,181,top structural and demand signals within provisional tier
/Game/LostColony/Dinos/BossBat/BossBat_Character_BP.BossBat_Character_BP,BossBat_Character_BP,/Script/Engine.Blueprint,/Game/PrimalEarth/CoreBlueprints/Dino_Character_BP_DivingFlyer.Dino_Character_BP_DivingFlyer_C,/Script/ShooterGame.PrimalDinoCharacter,0,"[""has_descendants"",""referenced_by_assets"",""cross_domain_references"",""lightweight_catalog_only""]",4,7,0,2,0,0,,,182,top structural and demand signals within provisional tier
/Game/PrimalEarth/Dinos/Raptor/BionicRaptor_Character_BP_Malfunctioned.BionicRaptor_Character_BP_Malfunctioned,BionicRaptor_Character_BP_Malfunctioned,/Script/Engine.Blueprint,/Game/PrimalEarth/Dinos/Raptor/BionicRaptor_Character_BP.BionicRaptor_Character_BP_C,/Script/ShooterGame.PrimalDinoCharacter,0,"[""has_descendants"",""referenced_by_assets"",""cross_domain_references"",""lightweight_catalog_only""]",4,7,0,2,0,0,,,183,top structural and demand signals within provisional tier
/Game/PrimalEarth/Test/PrimalItemConsumable_Egg_Stego.PrimalItemConsumable_Egg_Stego,PrimalItemConsumable_Egg_Stego,/Script/Engine.Blueprint,/Game/PrimalEarth/CoreBlueprints/Items/Consumables/PrimalItemConsumable_Egg_Medium.PrimalItemConsumable_Egg_Medium_C,/Script/ShooterGame.PrimalItem,0,"[""has_descendants"",""referenced_by_assets"",""cross_domain_references"",""lightweight_catalog_only""]",4,7,0,2,0,0,,,184,top structural and demand signals within provisional tier
/Game/ASA/Dinos/Iceworm/Iceworm_Character_Minion_BP_smaller.Iceworm_Character_Minion_BP_smaller,Iceworm_Character_Minion_BP_smaller,/Script/Engine.Blueprint,/Game/ScorchedEarth/Dinos/Deathworm/Deathworm_Character_BP.Deathworm_Character_BP_C,/Script/ShooterGame.PrimalDinoCharacter,0,"[""has_descendants"",""referenced_by_assets"",""cross_domain_references"",""lightweight_catalog_only""]",4,6,0,2,0,0,,,185,top structural and demand signals within provisional tier
/Game/Genesis/Dinos/BiomeVariants/Lava_Golem/Volcano_Golem_Character_BP.Volcano_Golem_Character_BP,Volcano_Golem_Character_BP,/Script/Engine.Blueprint,/Game/ScorchedEarth/Dinos/RockGolem/RockGolem_Character_BP.RockGolem_Character_BP_C,/Script/ShooterGame.PrimalDinoCharacter,0,"[""has_descendants"",""referenced_by_assets"",""cross_domain_references"",""lightweight_catalog_only""]",4,6,0,2,0,0,,,186,top structural and demand signals within provisional tier
/Game/Packs/Steampunk/Dinos/JumpingSpider/WebWeapon/DmgType_Projectile_Web_JumpingSpider_Base.DmgType_Projectile_Web_JumpingSpider_Base,DmgType_Projectile_Web_JumpingSpider_Base,/Script/Engine.Blueprint,/Game/PrimalEarth/CoreBlueprints/DamageTypes/DmgType_Projectile_Web.DmgType_Projectile_Web_C,/Script/ShooterGame.ShooterDamageType,0,"[""has_descendants"",""referenced_by_assets"",""cross_domain_references"",""lightweight_catalog_only""]",4,6,0,2,0,0,,,187,top structural and demand signals within provisional tier
/Game/PrimalEarth/CoreAI/DinoAttackStateMinions.DinoAttackStateMinions,DinoAttackStateMinions,/Script/Engine.Blueprint,/Script/ShooterGame.PrimalAIStateDinoSpiderMinions,UNKNOWN,0,"[""has_descendants"",""referenced_by_assets"",""cross_domain_references"",""lightweight_catalog_only""]",4,6,0,2,0,0,,,188,top structural and demand signals within provisional tier
/Game/PrimalEarth/CoreBlueprints/Weapons/WeapStonePick.WeapStonePick,WeapStonePick,/Script/Engine.Blueprint,/Game/PrimalEarth/CoreBlueprints/Weapons/WeapBasePick.WeapBasePick_C,/Script/ShooterGame.ShooterWeapon_Melee,0,"[""has_descendants"",""referenced_by_assets"",""cross_domain_references"",""lightweight_catalog_only""]",4,6,0,2,0,0,,,189,top structural and demand signals within provisional tier
/Game/PrimalEarth/Dinos/Stego/BionicStego_Character_BP_Malfunctioned.BionicStego_Character_BP_Malfunctioned,BionicStego_Character_BP_Malfunctioned,/Script/Engine.Blueprint,/Game/PrimalEarth/Dinos/Stego/BionicStego_Character_BP.BionicStego_Character_BP_C,/Script/ShooterGame.PrimalDinoCharacter,0,"[""has_descendants"",""referenced_by_assets"",""cross_domain_references"",""lightweight_catalog_only""]",4,6,0,2,0,0,,,190,top structural and demand signals within provisional tier
/Game/PrimalEarth/Dinos/Trike/BionicTrike_Character_BP_Malfunctioned.BionicTrike_Character_BP_Malfunctioned,BionicTrike_Character_BP_Malfunctioned,/Script/Engine.Blueprint,/Game/PrimalEarth/Dinos/Trike/BionicTrike_Character_BP.BionicTrike_Character_BP_C,/Script/ShooterGame.PrimalDinoCharacter,0,"[""has_descendants"",""referenced_by_assets"",""cross_domain_references"",""lightweight_catalog_only""]",4,6,0,2,0,0,,,191,top structural and demand signals within provisional tier
/Game/ASA/CoreBlueprints/Camera/DinoCameraConfig_Base_BP.DinoCameraConfig_Base_BP,DinoCameraConfig_Base_BP,/Script/Engine.Blueprint,/Game/ASA/CoreBlueprints/Camera/PrimalCameraConfig_BP_Base.PrimalCameraConfig_BP_Base_C,/Script/ShooterGame.PrimalCameraConfig,0,"[""has_descendants"",""referenced_by_assets"",""cross_domain_references"",""lightweight_catalog_only""]",4,5,0,2,0,0,,,192,top structural and demand signals within provisional tier
/Game/Genesis2/Missions/ModularMission/Assault/Turrets/PrimalStructureTurretPlant_Assault_PlantX.PrimalStructureTurretPlant_Assault_PlantX,PrimalStructureTurretPlant_Assault_PlantX,/Script/Engine.Blueprint,/Game/Genesis2/Missions/ModularMission/Assault/Turrets/PrimalStructureTurretPlant_Assault.PrimalStructureTurretPlant_Assault_C,UNKNOWN,0,"[""has_descendants"",""referenced_by_assets"",""cross_domain_references"",""lightweight_catalog_only""]",4,5,0,2,0,0,,,193,top structural and demand signals within provisional tier
/Game/PrimalEarth/Test/PrimalItemConsumable_Egg_Carno.PrimalItemConsumable_Egg_Carno,PrimalItemConsumable_Egg_Carno,/Script/Engine.Blueprint,/Game/PrimalEarth/CoreBlueprints/Items/Consumables/PrimalItemConsumable_Egg_Medium.PrimalItemConsumable_Egg_Medium_C,/Script/ShooterGame.PrimalItem,0,"[""has_descendants"",""referenced_by_assets"",""cross_domain_references"",""lightweight_catalog_only""]",4,5,0,2,0,0,,,194,top structural and demand signals within provisional tier
/Game/PrimalEarth/Test/PrimalItemConsumable_Egg_Turtle.PrimalItemConsumable_Egg_Turtle,PrimalItemConsumable_Egg_Turtle,/Script/Engine.Blueprint,/Game/PrimalEarth/CoreBlueprints/Items/Consumables/PrimalItemConsumable_Egg_Medium.PrimalItemConsumable_Egg_Medium_C,/Script/ShooterGame.PrimalItem,0,"[""has_descendants"",""referenced_by_assets"",""cross_domain_references"",""lightweight_catalog_only""]",4,5,0,2,0,0,,,195,top structural and demand signals within provisional tier
/Game/PrimalEarth/UI/Wardrobe/W_WardrobeItemSelector.W_WardrobeItemSelector,W_WardrobeItemSelector,/Script/UMGEditor.WidgetBlueprint,/Script/ShooterGame.WardrobeItemSelector,/Script/ShooterGame.WardrobeItemSelector,0,"[""has_descendants"",""referenced_by_assets"",""cross_domain_references"",""lightweight_catalog_only""]",4,5,0,2,0,0,,,196,top structural and demand signals within provisional tier
/Game/PrimalEarth/CoreBlueprints/BaseAnimBlueprints/DinoBlueprintBase_RootBoneName_Swimmer.DinoBlueprintBase_RootBoneName_Swimmer,DinoBlueprintBase_RootBoneName_Swimmer,/Script/Engine.AnimBlueprint,/Script/ShooterGame.PrimalAnimInstance,/Script/ShooterGame.PrimalAnimInstance,0,"[""has_descendants"",""referenced_by_assets"",""cross_domain_references"",""lightweight_catalog_only""]",4,4,0,2,0,0,,,197,top structural and demand signals within provisional tier
/Game/PrimalEarth/CoreBlueprints/Items/Structures/Misc/PrimalItemStructure_Bed_Base.PrimalItemStructure_Bed_Base,PrimalItemStructure_Bed_Base,/Script/Engine.Blueprint,/Game/PrimalEarth/CoreBlueprints/Items/Structures/BuildingBases/PrimalItemStructureGeneric.PrimalItemStructureGeneric_C,/Script/ShooterGame.PrimalItem,0,"[""has_descendants"",""referenced_by_assets"",""cross_domain_references"",""lightweight_catalog_only""]",4,4,0,2,0,0,,,198,top structural and demand signals within provisional tier
/Game/PrimalEarth/CoreBlueprints/Projectiles/ProjDart_Tranq.ProjDart_Tranq,ProjDart_Tranq,/Script/Engine.Blueprint,/Game/PrimalEarth/CoreBlueprints/Projectiles/ProjArrow.ProjArrow_C,UNKNOWN,0,"[""has_descendants"",""referenced_by_assets"",""cross_domain_references"",""lightweight_catalog_only""]",4,4,0,2,0,0,,,199,top structural and demand signals within provisional tier
/Game/PrimalEarth/Dinos/Dimorphodon/Dimorph_Character_BP_Aggressive.Dimorph_Character_BP_Aggressive,Dimorph_Character_BP_Aggressive,/Script/Engine.Blueprint,/Game/PrimalEarth/Dinos/Dimorphodon/Dimorph_Character_BP.Dimorph_Character_BP_C,/Script/ShooterGame.PrimalDinoCharacter,0,"[""has_descendants"",""referenced_by_assets"",""cross_domain_references"",""lightweight_catalog_only""]",4,4,0,2,0,0,,,200,top structural and demand signals within provisional tier
/Game/PrimalEarth/Structures/BuildingBases/StructureTurretAOEBaseBP.StructureTurretAOEBaseBP,StructureTurretAOEBaseBP,/Script/Engine.Blueprint,/Script/ShooterGame.PrimalStructureTurretAOE,/Script/ShooterGame.PrimalStructureTurretAOE,0,"[""has_descendants"",""referenced_by_assets"",""cross_domain_references"",""lightweight_catalog_only""]",4,4,0,2,0,0,,,201,top structural and demand signals within provisional tier
/Game/PrimalEarth/Test/PrimalItemConsumable_Egg_Kaprosuchus.PrimalItemConsumable_Egg_Kaprosuchus,PrimalItemConsumable_Egg_Kaprosuchus,/Script/Engine.Blueprint,/Game/PrimalEarth/CoreBlueprints/Items/Consumables/PrimalItemConsumable_Egg_Medium.PrimalItemConsumable_Egg_Medium_C,/Script/ShooterGame.PrimalItem,0,"[""has_descendants"",""referenced_by_assets"",""cross_domain_references"",""lightweight_catalog_only""]",4,4,0,2,0,0,,,202,top structural and demand signals within provisional tier
/Game/Genesis2/Missions/ModularMission/ShootingGallery/TargetingModules/ShootingGallery_Submodule_FireProjectiles_L00.ShootingGallery_Submodule_FireProjectiles_L00,ShootingGallery_Submodule_FireProjectiles_L00,/Script/Engine.Blueprint,/Game/Genesis2/Missions/ModularMission/ShootingGallery/ShootingGallery_Submodule_FireProjectiles_Main.ShootingGallery_Submodule_FireProjectiles_Main_C,UNKNOWN,0,"[""has_descendants"",""referenced_by_assets"",""lightweight_catalog_only""]",4,8,0,1,0,0,,,203,top structural and demand signals within provisional tier
/Game/Genesis2/Missions/ModularMission/ShootingGallery/TargetingModules/ShootingGallery_Submodule_FireProjectiles_L01.ShootingGallery_Submodule_FireProjectiles_L01,ShootingGallery_Submodule_FireProjectiles_L01,/Script/Engine.Blueprint,/Game/Genesis2/Missions/ModularMission/ShootingGallery/ShootingGallery_Submodule_FireProjectiles_Main.ShootingGallery_Submodule_FireProjectiles_Main_C,UNKNOWN,0,"[""has_descendants"",""referenced_by_assets"",""lightweight_catalog_only""]",4,8,0,1,0,0,,,204,top structural and demand signals within provisional tier
/Game/Genesis/Dinos/Bots/Unused/Bot_WithInstantWeapon_BP.Bot_WithInstantWeapon_BP,Bot_WithInstantWeapon_BP,/Script/Engine.Blueprint,/Game/Genesis/Dinos/Bots/Bot_Character_BP.Bot_Character_BP_C,/Script/ShooterGame.PrimalBotCharacter,0,"[""has_descendants"",""referenced_by_assets"",""lightweight_catalog_only""]",4,7,0,1,0,0,,,205,top structural and demand signals within provisional tier
/Game/Genesis2/Missions/ModularMission/FinalBattleAlt/Gen2_FinalBattleAlt_Tentacle.Gen2_FinalBattleAlt_Tentacle,Gen2_FinalBattleAlt_Tentacle,/Script/Engine.Blueprint,/Game/Genesis2/Environment/Hazards/TentacleHazard/Tentacle_HazardBP.Tentacle_HazardBP_C,UNKNOWN,0,"[""has_descendants"",""referenced_by_assets"",""lightweight_catalog_only""]",4,7,0,1,0,0,,,206,top structural and demand signals within provisional tier
/Game/Genesis2/Missions/ModularMission/ShootingGallery/TargetingModules/ShootingGallery_Submodule_FireProjectiles_L02.ShootingGallery_Submodule_FireProjectiles_L02,ShootingGallery_Submodule_FireProjectiles_L02,/Script/Engine.Blueprint,/Game/Genesis2/Missions/ModularMission/ShootingGallery/ShootingGallery_Submodule_FireProjectiles_Main.ShootingGallery_Submodule_FireProjectiles_Main_C,UNKNOWN,0,"[""has_descendants"",""referenced_by_assets"",""lightweight_catalog_only""]",4,7,0,1,0,0,,,207,top structural and demand signals within provisional tier
/Game/Genesis2/Missions/ModularMission/ShootingGallery/TargetingModules/ShootingGallery_Submodule_FireProjectiles_L03.ShootingGallery_Submodule_FireProjectiles_L03,ShootingGallery_Submodule_FireProjectiles_L03,/Script/Engine.Blueprint,/Game/Genesis2/Missions/ModularMission/ShootingGallery/ShootingGallery_Submodule_FireProjectiles_Main.ShootingGallery_Submodule_FireProjectiles_Main_C,UNKNOWN,0,"[""has_descendants"",""referenced_by_assets"",""lightweight_catalog_only""]",4,7,0,1,0,0,,,208,top structural and demand signals within provisional tier
/Game/Genesis2/Missions/ModularMission/ShootingGallery/TargetingModules/ShootingGallery_Submodule_FireProjectiles_R00.ShootingGallery_Submodule_FireProjectiles_R00,ShootingGallery_Submodule_FireProjectiles_R00,/Script/Engine.Blueprint,/Game/Genesis2/Missions/ModularMission/ShootingGallery/ShootingGallery_Submodule_FireProjectiles_Main.ShootingGallery_Submodule_FireProjectiles_Main_C,UNKNOWN,0,"[""has_descendants"",""referenced_by_assets"",""lightweight_catalog_only""]",4,7,0,1,0,0,,,209,top structural and demand signals within provisional tier
/Game/Genesis2/Missions/ModularMission/ShootingGallery/TargetingModules/ShootingGallery_Submodule_FireProjectiles_R01.ShootingGallery_Submodule_FireProjectiles_R01,ShootingGallery_Submodule_FireProjectiles_R01,/Script/Engine.Blueprint,/Game/Genesis2/Missions/ModularMission/ShootingGallery/ShootingGallery_Submodule_FireProjectiles_Main.ShootingGallery_Submodule_FireProjectiles_Main_C,UNKNOWN,0,"[""has_descendants"",""referenced_by_assets"",""lightweight_catalog_only""]",4,7,0,1,0,0,,,210,top structural and demand signals within provisional tier
/Game/Genesis2/Missions/ModularMission/ShootingGallery/TargetingModules/ShootingGallery_Submodule_FireProjectiles_R02.ShootingGallery_Submodule_FireProjectiles_R02,ShootingGallery_Submodule_FireProjectiles_R02,/Script/Engine.Blueprint,/Game/Genesis2/Missions/ModularMission/ShootingGallery/ShootingGallery_Submodule_FireProjectiles_Main.ShootingGallery_Submodule_FireProjectiles_Main_C,UNKNOWN,0,"[""has_descendants"",""referenced_by_assets"",""lightweight_catalog_only""]",4,7,0,1,0,0,,,211,top structural and demand signals within provisional tier
/Game/Genesis2/Missions/ModularMission/ShootingGallery/TargetingModules/ShootingGallery_Submodule_FireProjectiles_R03.ShootingGallery_Submodule_FireProjectiles_R03,ShootingGallery_Submodule_FireProjectiles_R03,/Script/Engine.Blueprint,/Game/Genesis2/Missions/ModularMission/ShootingGallery/ShootingGallery_Submodule_FireProjectiles_Main.ShootingGallery_Submodule_FireProjectiles_Main_C,UNKNOWN,0,"[""has_descendants"",""referenced_by_assets"",""lightweight_catalog_only""]",4,7,0,1,0,0,,,212,top structural and demand signals within provisional tier
/DinoDefense/2DPlatformer/Effects/LensAndFilmPostProcess_Global.LensAndFilmPostProcess_Global,LensAndFilmPostProcess_Global,/Script/Engine.Blueprint,/DinoDefense/2DPlatformer/Effects/LensAndFilmPostProcess/Blueprints/LensAndFilmPostProcess.LensAndFilmPostProcess_C,/Script/Engine.Actor,0,"[""has_descendants"",""referenced_by_assets"",""lightweight_catalog_only""]",4,6,0,1,0,0,,,213,top structural and demand signals within provisional tier
/Game/Genesis2/Missions/ModularMission/ShootingGallery/ShootingGallery_Submodule_RandomSet_FireComets.ShootingGallery_Submodule_RandomSet_FireComets,ShootingGallery_Submodule_RandomSet_FireComets,/Script/Engine.Blueprint,/Game/Genesis2/Missions/ModularMission/MissionModule_zSubmodule_RandomSubmoduleSet_Base.MissionModule_zSubmodule_RandomSubmoduleSet_Base_C,UNKNOWN,0,"[""has_descendants"",""referenced_by_assets"",""lightweight_catalog_only""]",4,6,0,1,0,0,,,214,top structural and demand signals within provisional tier
/Game/PrimalEarth/CoreBlueprints/Weapons/WeapStoneHatchet.WeapStoneHatchet,WeapStoneHatchet,/Script/Engine.Blueprint,/Game/PrimalEarth/CoreBlueprints/Weapons/WeapBaseHatchet.WeapBaseHatchet_C,/Script/ShooterGame.ShooterWeapon_Melee,0,"[""has_descendants"",""referenced_by_assets"",""lightweight_catalog_only""]",4,6,0,1,0,0,,,215,top structural and demand signals within provisional tier
/Game/ASA/Dinos/ShoulderDragon/PrimalItemConsumable_Egg_ShoulderDragon_Fertilized.PrimalItemConsumable_Egg_ShoulderDragon_Fertilized,PrimalItemConsumable_Egg_ShoulderDragon_Fertilized,/Script/Engine.Blueprint,/Game/ASA/Dinos/ShoulderDragon/PrimalItemConsumable_Egg_ShoulderDragon.PrimalItemConsumable_Egg_ShoulderDragon_C,/Script/ShooterGame.PrimalItem,0,"[""has_descendants"",""referenced_by_assets"",""lightweight_catalog_only""]",4,5,0,1,0,0,,,216,top structural and demand signals within provisional tier
/Game/ASA/Dinos/ShoulderDragon/Weapon/PrimalItem_WeaponShoulderDragon.PrimalItem_WeaponShoulderDragon,PrimalItem_WeaponShoulderDragon,/Script/Engine.Blueprint,/Game/PrimalEarth/CoreBlueprints/Weapons/PrimalItemWeaponGenericGun.PrimalItemWeaponGenericGun_C,/Script/ShooterGame.PrimalItem,0,"[""has_descendants"",""referenced_by_assets"",""lightweight_catalog_only""]",4,5,0,1,0,0,,,217,top structural and demand signals within provisional tier
/Game/ASA/Dinos/ShoulderDragon/Weapon/WeapShoulderDragon.WeapShoulderDragon,WeapShoulderDragon,/Script/Engine.Blueprint,/Script/ShooterGame.ShooterWeapon_Instant,/Script/ShooterGame.ShooterWeapon_Instant,0,"[""has_descendants"",""referenced_by_assets"",""lightweight_catalog_only""]",4,5,0,1,0,0,,,218,top structural and demand signals within provisional tier
/Game/ASA/UI/ColorPicker/ColorPicker_ASA_Widget.ColorPicker_ASA_Widget,ColorPicker_ASA_Widget,/Script/UMGEditor.WidgetBlueprint,/Script/ShooterGame.PrimalUserWidget,/Script/ShooterGame.PrimalUserWidget,0,"[""has_descendants"",""referenced_by_assets"",""lightweight_catalog_only""]",4,5,0,1,0,0,,,219,top structural and demand signals within provisional tier
/Game/EndGame/Dinos/Endboss/EndBoss_ProjEnergyBeam.EndBoss_ProjEnergyBeam,EndBoss_ProjEnergyBeam,/Script/Engine.Blueprint,/Script/ShooterGame.ShooterProjectile,UNKNOWN,0,"[""has_descendants"",""referenced_by_assets"",""lightweight_catalog_only""]",4,5,0,1,0,0,,,220,top structural and demand signals within provisional tier
/Game/Genesis/CoreBlueprints/Environment/Sky/BP_Sky_Sphere_Gen1.BP_Sky_Sphere_Gen1,BP_Sky_Sphere_Gen1,/Script/Engine.Blueprint,/Script/ShooterGame.SkyBoxLoader,UNKNOWN,0,"[""has_descendants"",""referenced_by_assets"",""lightweight_catalog_only""]",4,5,0,1,0,0,,,221,top structural and demand signals within provisional tier
/Game/Genesis/Weapons/FishingNet/WeapFishingNet_Base.WeapFishingNet_Base,WeapFishingNet_Base,/Script/Engine.Blueprint,/Script/ShooterGame.PrimalWeaponGrenade,/Script/ShooterGame.PrimalWeaponGrenade,0,"[""has_descendants"",""referenced_by_assets"",""lightweight_catalog_only""]",4,5,0,1,0,0,,,222,top structural and demand signals within provisional tier
/Game/Genesis2/Environment/Corruption/Lighting/BP_GEN2_DayTime_PointLight_Base.BP_GEN2_DayTime_PointLight_Base,BP_GEN2_DayTime_PointLight_Base,/Script/Engine.Blueprint,/Script/Engine.PointLight,UNKNOWN,0,"[""has_descendants"",""referenced_by_assets"",""lightweight_catalog_only""]",4,5,0,1,0,0,,,223,top structural and demand signals within provisional tier
/Game/LostColony/CoreBlueprints/Items/CursedWeapons/WeapMetalHatchet_Cursed.WeapMetalHatchet_Cursed,WeapMetalHatchet_Cursed,/Script/Engine.Blueprint,/Game/PrimalEarth/CoreBlueprints/Weapons/WeapMetalHatchet.WeapMetalHatchet_C,/Script/ShooterGame.ShooterWeapon_Melee,0,"[""has_descendants"",""referenced_by_assets"",""lightweight_catalog_only""]",4,5,0,1,0,0,,,224,top structural and demand signals within provisional tier
/Game/LostColony/CoreBlueprints/Items/CursedWeapons/WeapMetalPick_Cursed.WeapMetalPick_Cursed,WeapMetalPick_Cursed,/Script/Engine.Blueprint,/Game/PrimalEarth/CoreBlueprints/Weapons/WeapMetalPick.WeapMetalPick_C,/Script/ShooterGame.ShooterWeapon_Melee,0,"[""has_descendants"",""referenced_by_assets"",""lightweight_catalog_only""]",4,5,0,1,0,0,,,225,top structural and demand signals within provisional tier
/Game/LostColony/Missions/Overworld/Outpost/Dinos/Thrall/Thrall_Character_BP_MiniBoss.Thrall_Character_BP_MiniBoss,Thrall_Character_BP_MiniBoss,/Script/Engine.Blueprint,/Game/LostColony/Dinos/Thrall/Characters/Base/Thrall_Character_BP_Base.Thrall_Character_BP_Base_C,/Script/ShooterGame.PrimalBotCharacter,0,"[""has_descendants"",""referenced_by_assets"",""lightweight_catalog_only""]",4,5,0,1,0,0,,,226,top structural and demand signals within provisional tier
/Game/PrimalEarth/CoreBlueprints/Dino_Character_BP_Climber_OnBasedDinos.Dino_Character_BP_Climber_OnBasedDinos,Dino_Character_BP_Climber_OnBasedDinos,/Script/Engine.Blueprint,/Game/PrimalEarth/CoreBlueprints/Dino_Character_BP_Climber.Dino_Character_BP_Climber_C,/Script/ShooterGame.PrimalDinoCharacter,0,"[""has_descendants"",""referenced_by_assets"",""lightweight_catalog_only""]",4,5,0,1,0,0,,,227,top structural and demand signals within provisional tier
/Game/PrimalEarth/Test/PrimalItemSkinGeneric_Trophy.PrimalItemSkinGeneric_Trophy,PrimalItemSkinGeneric_Trophy,/Script/Engine.Blueprint,/Game/PrimalEarth/Test/PrimalItemSkinGeneric.PrimalItemSkinGeneric_C,/Script/ShooterGame.PrimalItem,0,"[""has_descendants"",""referenced_by_assets"",""lightweight_catalog_only""]",4,5,0,1,0,0,,,228,top structural and demand signals within provisional tier
/Engine/EditorResources/FieldNodes/Niagara/FS_BaseField.FS_BaseField,FS_BaseField,/Script/Engine.Blueprint,/Script/FieldSystemEngine.FieldSystemActor,/Script/FieldSystemEngine.FieldSystemActor,0,"[""has_descendants"",""referenced_by_assets"",""lightweight_catalog_only""]",4,4,0,1,0,0,,,229,top structural and demand signals within provisional tier
/Game/ASA/Dinos/SpiritBear/States/Base/StateReq_RecentState_SBear.StateReq_RecentState_SBear,StateReq_RecentState_SBear,/Script/Engine.Blueprint,/Game/ASA/Dinos/SpiritBear/Gameplay/ToMerge/v2/StateReqs/StateHistory/StateReq_RecentState.StateReq_RecentState_C,/Script/ShooterGame.Object_WithWorldContext,0,"[""has_descendants"",""referenced_by_assets"",""lightweight_catalog_only""]",4,4,0,1,0,0,,,230,top structural and demand signals within provisional tier
/Game/Aberration/Dinos/Nameless/Xenomorph_Character_BP_Male_InitialBuryOnly_Adolescent.Xenomorph_Character_BP_Male_InitialBuryOnly_Adolescent,Xenomorph_Character_BP_Male_InitialBuryOnly_Adolescent,/Script/Engine.Blueprint,/Game/Aberration/Dinos/Nameless/Xenomorph_Character_BP_Male_InitialBuryOnly.Xenomorph_Character_BP_Male_InitialBuryOnly_C,/Script/ShooterGame.PrimalDinoCharacter,0,"[""has_descendants"",""referenced_by_assets"",""lightweight_catalog_only""]",4,4,0,1,0,0,,,231,top structural and demand signals within provisional tier
/Game/Base/GameplayComponents/Mechanics/StateMachine/v2/AbilityCharges/StateReq_MustHaveCharge.StateReq_MustHaveCharge,StateReq_MustHaveCharge,/Script/Engine.Blueprint,/Game/Base/GameplayComponents/Mechanics/StateMachine/v3/StateReqs/StateReq_Base_v3.StateReq_Base_v3_C,/Script/ShooterGame.Object_WithWorldContext,0,"[""has_descendants"",""referenced_by_assets"",""lightweight_catalog_only""]",4,4,0,1,0,0,,,232,top structural and demand signals within provisional tier
/Game/Dragontopia/Dragons/Base/Attacks/Projectiles/DmgType_Projectile_Draco.DmgType_Projectile_Draco,DmgType_Projectile_Draco,/Script/Engine.Blueprint,/Game/PrimalEarth/CoreBlueprints/DamageTypes/DmgType_Projectile.DmgType_Projectile_C,/Script/ShooterGame.ShooterDamageType,0,"[""has_descendants"",""referenced_by_assets"",""lightweight_catalog_only""]",4,4,0,1,0,0,,,233,top structural and demand signals within provisional tier
/Game/Genesis2/CoreBlueprints/DamageTypes/DmgType_RockwellNode_EnergyAOE.DmgType_RockwellNode_EnergyAOE,DmgType_RockwellNode_EnergyAOE,/Script/Engine.Blueprint,/Game/Aberration/CoreBlueprints/DamageTypes/DmgType_Rockwell_TentaShock.DmgType_Rockwell_TentaShock_C,UNKNOWN,0,"[""has_descendants"",""referenced_by_assets"",""lightweight_catalog_only""]",4,4,0,1,0,0,,,234,top structural and demand signals within provisional tier
/Game/LostColony/Structures/ShoulderPetDisplayStand/Structure/BP_ShoulderPetDisplayStand_Base.BP_ShoulderPetDisplayStand_Base,BP_ShoulderPetDisplayStand_Base,/Script/Engine.Blueprint,/Game/PrimalEarth/Structures/BuildingBases/StructureBaseBP.StructureBaseBP_C,/Script/ShooterGame.PrimalStructure,0,"[""has_descendants"",""referenced_by_assets"",""lightweight_catalog_only""]",4,4,0,1,0,0,,,235,top structural and demand signals within provisional tier
/Game/Packs/Steampunk/Structures/SteamLights/StructureBase_SteamLights.StructureBase_SteamLights,StructureBase_SteamLights,/Script/Engine.Blueprint,/Game/PrimalEarth/Structures/BuildingBases/StructureItemContainerBaseBP.StructureItemContainerBaseBP_C,/Script/ShooterGame.PrimalStructureItemContainer,0,"[""has_descendants"",""referenced_by_assets"",""lightweight_catalog_only""]",4,4,0,1,0,0,,,236,top structural and demand signals within provisional tier
/Game/Packs/TidesOfFortune/CoreBlueprints/Items/PrimalItemAmmo_CannonBall_ToF_Base.PrimalItemAmmo_CannonBall_ToF_Base,PrimalItemAmmo_CannonBall_ToF_Base,/Script/Engine.Blueprint,/Game/PrimalEarth/CoreBlueprints/Weapons/PrimalItemAmmo_Base.PrimalItemAmmo_Base_C,/Script/ShooterGame.PrimalItem,0,"[""has_descendants"",""referenced_by_assets"",""lightweight_catalog_only""]",4,4,0,1,0,0,,,237,top structural and demand signals within provisional tier
/Game/Packs/TidesOfFortune/Structures/Lights/StructureBase_ToF_Lights.StructureBase_ToF_Lights,StructureBase_ToF_Lights,/Script/Engine.Blueprint,/Game/PrimalEarth/Structures/BaseFuelBurner.BaseFuelBurner_C,/Script/ShooterGame.PrimalStructureItemContainer,0,"[""has_descendants"",""referenced_by_assets"",""lightweight_catalog_only""]",4,4,0,1,0,0,,,238,top structural and demand signals within provisional tier
/Game/Packs/Wasteland/Structures/Lights/StructureBase_WastelandLights.StructureBase_WastelandLights,StructureBase_WastelandLights,/Script/Engine.Blueprint,/Game/PrimalEarth/Structures/BaseFuelBurner.BaseFuelBurner_C,/Script/ShooterGame.PrimalStructureItemContainer,0,"[""has_descendants"",""referenced_by_assets"",""lightweight_catalog_only""]",4,4,0,1,0,0,,,239,top structural and demand signals within provisional tier
/Game/PrimalEarth/Dinos/BaseBPs/DinoSettings_Pescavore_Small.DinoSettings_Pescavore_Small,DinoSettings_Pescavore_Small,/Script/Engine.Blueprint,/Game/PrimalEarth/Dinos/BaseBPs/DinoSettings_Pescavore.DinoSettings_Pescavore_C,/Script/ShooterGame.PrimalDinoSettings,0,"[""has_descendants"",""referenced_by_assets"",""lightweight_catalog_only""]",4,4,0,1,0,0,,,240,top structural and demand signals within provisional tier
/Game/PrimalEarth/Dinos/Rhyniognatha/Resin/RhynioResinProj.RhynioResinProj,RhynioResinProj,/Script/Engine.Blueprint,/Script/ShooterGame.ShooterProjectile,UNKNOWN,0,"[""has_descendants"",""referenced_by_assets"",""lightweight_catalog_only""]",4,4,0,1,0,0,,,241,top structural and demand signals within provisional tier
/Game/PrimalEarth/Structures/ArtifactCrates/ArtifactCrate_Instantaneous.ArtifactCrate_Instantaneous,ArtifactCrate_Instantaneous,/Script/Engine.Blueprint,/Game/PrimalEarth/Structures/BuildingBases/SupplyCrateBaseBP_Instantaneous.SupplyCrateBaseBP_Instantaneous_C,/Script/ShooterGame.PrimalStructureItemContainer_SupplyCrate,0,"[""has_descendants"",""referenced_by_assets"",""lightweight_catalog_only""]",4,4,0,1,0,0,,,242,top structural and demand signals within provisional tier
/Game/PrimalEarth/Structures/Tileset/GarageDoors/Large/StructureBase_GarageDoor_Large_Horizontal.StructureBase_GarageDoor_Large_Horizontal,StructureBase_GarageDoor_Large_Horizontal,/Script/Engine.Blueprint,/Game/PrimalEarth/Structures/Tileset/GarageDoors/Large/StructureBase_GarageDoor_Large.StructureBase_GarageDoor_Large_C,/Script/ShooterGame.PrimalStructureDoor,0,"[""has_descendants"",""referenced_by_assets"",""lightweight_catalog_only""]",4,4,0,1,0,0,,,243,top structural and demand signals within provisional tier
/Game/PrimalEarth/Structures/Tileset/GarageDoors/Large/StructureBase_GarageDoor_Large_Vertical.StructureBase_GarageDoor_Large_Vertical,StructureBase_GarageDoor_Large_Vertical,/Script/Engine.Blueprint,/Game/PrimalEarth/Structures/Tileset/GarageDoors/Large/StructureBase_GarageDoor_Large.StructureBase_GarageDoor_Large_C,/Script/ShooterGame.PrimalStructureDoor,0,"[""has_descendants"",""referenced_by_assets"",""lightweight_catalog_only""]",4,4,0,1,0,0,,,244,top structural and demand signals within provisional tier
/Game/PrimalEarth/Structures/Tileset/GarageDoors/Medium/StructureBase_GarageDoor_Medium_Horizontal.StructureBase_GarageDoor_Medium_Horizontal,StructureBase_GarageDoor_Medium_Horizontal,/Script/Engine.Blueprint,/Game/PrimalEarth/Structures/Tileset/GarageDoors/Medium/StructureBase_GarageDoor_Medium.StructureBase_GarageDoor_Medium_C,/Script/ShooterGame.PrimalStructureDoor,0,"[""has_descendants"",""referenced_by_assets"",""lightweight_catalog_only""]",4,4,0,1,0,0,,,245,top structural and demand signals within provisional tier
/Game/PrimalEarth/Structures/Tileset/GarageDoors/Medium/StructureBase_GarageDoor_Medium_Vertical.StructureBase_GarageDoor_Medium_Vertical,StructureBase_GarageDoor_Medium_Vertical,/Script/Engine.Blueprint,/Game/PrimalEarth/Structures/Tileset/GarageDoors/Medium/StructureBase_GarageDoor_Medium.StructureBase_GarageDoor_Medium_C,/Script/ShooterGame.PrimalStructureDoor,0,"[""has_descendants"",""referenced_by_assets"",""lightweight_catalog_only""]",4,4,0,1,0,0,,,246,top structural and demand signals within provisional tier
/Game/PrimalEarth/Structures/Tileset/HatchframesXL/StructureBase_Ceiling_Door_XL.StructureBase_Ceiling_Door_XL,StructureBase_Ceiling_Door_XL,/Script/Engine.Blueprint,/Game/PrimalEarth/Structures/BuildingBases/Door_Base_SM.Door_Base_SM_C,/Script/ShooterGame.PrimalStructureDoor,0,"[""has_descendants"",""referenced_by_assets"",""lightweight_catalog_only""]",4,4,0,1,0,0,,,247,top structural and demand signals within provisional tier
/Game/PrimalEarth/Test/PrimalItemConsumable_Egg_Sarco.PrimalItemConsumable_Egg_Sarco,PrimalItemConsumable_Egg_Sarco,/Script/Engine.Blueprint,/Game/PrimalEarth/CoreBlueprints/Items/Consumables/PrimalItemConsumable_Egg_Medium.PrimalItemConsumable_Egg_Medium_C,/Script/ShooterGame.PrimalItem,0,"[""has_descendants"",""referenced_by_assets"",""lightweight_catalog_only""]",4,4,0,1,0,0,,,248,top structural and demand signals within provisional tier
/SOTFGameModeMod/TSOTF/Core/Players/Armor/PrimalItemArmor_BaseBoots_SOTF.PrimalItemArmor_BaseBoots_SOTF,PrimalItemArmor_BaseBoots_SOTF,/Script/Engine.Blueprint,/Game/PrimalEarth/CoreBlueprints/Items/Armor/Base/PrimalItemArmor_BaseBoots.PrimalItemArmor_BaseBoots_C,/Script/ShooterGame.PrimalItem,0,"[""has_descendants"",""referenced_by_assets"",""lightweight_catalog_only""]",4,4,0,1,0,0,,,249,top structural and demand signals within provisional tier
/SOTFGameModeMod/TSOTF/Core/Players/Armor/PrimalItemArmor_BaseGloves_SOTF.PrimalItemArmor_BaseGloves_SOTF,PrimalItemArmor_BaseGloves_SOTF,/Script/Engine.Blueprint,/Game/PrimalEarth/CoreBlueprints/Items/Armor/Base/PrimalItemArmor_BaseGloves.PrimalItemArmor_BaseGloves_C,/Script/ShooterGame.PrimalItem,0,"[""has_descendants"",""referenced_by_assets"",""lightweight_catalog_only""]",4,4,0,1,0,0,,,250,top structural and demand signals within provisional tier
/SOTFGameModeMod/TSOTF/Core/Players/Armor/PrimalItemArmor_BaseHelmet_SOTF.PrimalItemArmor_BaseHelmet_SOTF,PrimalItemArmor_BaseHelmet_SOTF,/Script/Engine.Blueprint,/Game/PrimalEarth/CoreBlueprints/Items/Armor/Base/PrimalItemArmor_BaseHelmet.PrimalItemArmor_BaseHelmet_C,/Script/ShooterGame.PrimalItem,0,"[""has_descendants"",""referenced_by_assets"",""lightweight_catalog_only""]",4,4,0,1,0,0,,,251,top structural and demand signals within provisional tier
/SOTFGameModeMod/TSOTF/Core/Players/Armor/PrimalItemArmor_BasePants_SOTF.PrimalItemArmor_BasePants_SOTF,PrimalItemArmor_BasePants_SOTF,/Script/Engine.Blueprint,/Game/PrimalEarth/CoreBlueprints/Items/Armor/Base/PrimalItemArmor_BasePants.PrimalItemArmor_BasePants_C,/Script/ShooterGame.PrimalItem,0,"[""has_descendants"",""referenced_by_assets"",""lightweight_catalog_only""]",4,4,0,1,0,0,,,252,top structural and demand signals within provisional tier
/SOTFGameModeMod/TSOTF/Core/Players/Armor/PrimalItemArmor_BaseShirt_SOTF.PrimalItemArmor_BaseShirt_SOTF,PrimalItemArmor_BaseShirt_SOTF,/Script/Engine.Blueprint,/Game/PrimalEarth/CoreBlueprints/Items/Armor/Base/PrimalItemArmor_BaseShirt.PrimalItemArmor_BaseShirt_C,/Script/ShooterGame.PrimalItem,0,"[""has_descendants"",""referenced_by_assets"",""lightweight_catalog_only""]",4,4,0,1,0,0,,,253,top structural and demand signals within provisional tier
/Game/Base/GameplayComponents/GameComp_Weap_Base.GameComp_Weap_Base,GameComp_Weap_Base,/Script/Engine.Blueprint,/Game/Base/GameplayComponents/GameComp_Base.GameComp_Base_C,/Script/Engine.SceneComponent,0,"[""has_descendants"",""referenced_by_assets"",""lightweight_catalog_only""]",4,3,0,1,0,0,,,254,top structural and demand signals within provisional tier
/Game/Genesis/Structures/TekJumpPad/TekJumpPad_Base.TekJumpPad_Base,TekJumpPad_Base,/Script/Engine.Blueprint,/Game/PrimalEarth/Structures/BuildingBases/StructureItemContainerBaseBP.StructureItemContainerBaseBP_C,/Script/ShooterGame.PrimalStructureItemContainer,0,"[""has_descendants"",""referenced_by_assets"",""lightweight_catalog_only""]",4,3,0,1,0,0,,,255,top structural and demand signals within provisional tier
/Game/PrimalEarth/CoreBlueprints/Resources/PrimalItemResourceGeneric_Curing.PrimalItemResourceGeneric_Curing,PrimalItemResourceGeneric_Curing,/Script/Engine.Blueprint,/Game/PrimalEarth/CoreBlueprints/Resources/PrimalItemResourceGeneric.PrimalItemResourceGeneric_C,/Script/ShooterGame.PrimalItem,0,"[""has_descendants"",""referenced_by_assets"",""lightweight_catalog_only""]",4,3,0,1,0,0,,,256,top structural and demand signals within provisional tier
/Game/ASA/Dinos/SpiritBear/States/Attacks_NormalSwipes/Gameplay/BaseState/GameComp_State_SBear_Attack_Base.GameComp_State_SBear_Attack_Base,GameComp_State_SBear_Attack_Base,/Script/Engine.Blueprint,/Game/ASA/Dinos/SpiritBear/States/Base/GameComp_State_SpiritBear_Base.GameComp_State_SpiritBear_Base_C,/Script/ShooterGame.Object_WithWorldContext,0,"[""has_descendants"",""referenced_by_assets"",""lightweight_catalog_only""]",4,2,0,1,0,0,,,257,top structural and demand signals within provisional tier
/Game/Dragontopia/Dragons/Base/Attacks/Projectiles/DracoAttackState_ThrowProjectile.DracoAttackState_ThrowProjectile,DracoAttackState_ThrowProjectile,/Script/Engine.Blueprint,/Script/ShooterGame.PrimalAIStateDinoRangedState,/Script/ShooterGame.PrimalAIStateDinoRangedState,0,"[""has_descendants"",""referenced_by_assets"",""lightweight_catalog_only""]",4,2,0,1,0,0,,,258,top structural and demand signals within provisional tier
/Game/LostColony/Dinos/SnowDragon/TamingDinoSettings/DinoSettings_Carnivore_Huge_SnowDragon.DinoSettings_Carnivore_Huge_SnowDragon,DinoSettings_Carnivore_Huge_SnowDragon,/Script/Engine.Blueprint,/Game/PrimalEarth/Dinos/BaseBPs/DinoSettings_Carnivore_Huge.DinoSettings_Carnivore_Huge_C,/Script/ShooterGame.PrimalDinoSettings,0,"[""has_descendants"",""referenced_by_assets"",""lightweight_catalog_only""]",4,2,0,1,0,0,,,259,top structural and demand signals within provisional tier
/Game/Mek_Character_Base_BP.Mek_Character_Base_BP,Mek_Character_Base_BP,/Script/Engine.Blueprint,/Game/PrimalEarth/CoreBlueprints/Dino_Character_BP.Dino_Character_BP_C,/Script/ShooterGame.PrimalDinoCharacter,0,"[""has_descendants"",""referenced_by_assets"",""lightweight_catalog_only""]",4,2,0,1,0,0,,,260,top structural and demand signals within provisional tier
/Game/Packs/Frontier/Vehicles/Props/Carriage/Door/StructureBase_Door.StructureBase_Door,StructureBase_Door,/Script/Engine.Blueprint,/Script/ShooterGame.PrimalStructureDoor,/Script/ShooterGame.PrimalStructureDoor,0,"[""has_descendants"",""referenced_by_assets"",""lightweight_catalog_only""]",4,2,0,1,0,0,,,261,top structural and demand signals within provisional tier
/Game/PrimalEarth/CoreBlueprints/ItemLootSets/LootItemSet_SupplyDrop_Level35.LootItemSet_SupplyDrop_Level35,LootItemSet_SupplyDrop_Level35,/Script/Engine.Blueprint,/Script/ShooterGame.PrimalSupplyCrateItemSet,/Script/ShooterGame.PrimalSupplyCrateItemSet,0,"[""has_descendants"",""referenced_by_assets"",""lightweight_catalog_only""]",4,2,0,1,0,0,,,262,top structural and demand signals within provisional tier
/Game/PrimalEarth/Dinos/Para/Para_AI_Blueprint.Para_AI_Blueprint,Para_AI_Blueprint,/Script/Engine.Blueprint,/Game/PrimalEarth/CoreAI/Dino_AIController_BP.Dino_AIController_BP_C,UNKNOWN,0,"[""has_descendants"",""referenced_by_assets"",""lightweight_catalog_only""]",4,2,0,1,0,0,,,263,top structural and demand signals within provisional tier
/Game/PrimalEarth/Test/PrimalItemConsumable_Egg_Diplo.PrimalItemConsumable_Egg_Diplo,PrimalItemConsumable_Egg_Diplo,/Script/Engine.Blueprint,/Game/PrimalEarth/CoreBlueprints/Items/Consumables/PrimalItemConsumable_Egg_Medium.PrimalItemConsumable_Egg_Medium_C,/Script/ShooterGame.PrimalItem,0,"[""has_descendants"",""referenced_by_assets"",""lightweight_catalog_only""]",4,2,0,1,0,0,,,264,top structural and demand signals within provisional tier
/Game/PrimalEarth/Dinos/CrystalWyvern/Eggs/PrimalItemConsumable_Egg_CrystalWyvern.PrimalItemConsumable_Egg_CrystalWyvern,PrimalItemConsumable_Egg_CrystalWyvern,/Script/Engine.Blueprint,/Game/PrimalEarth/CoreBlueprints/Items/Consumables/PrimalItemConsumable_Egg_Special.PrimalItemConsumable_Egg_Special_C,/Script/ShooterGame.PrimalItem,0,"[""has_descendants"",""referenced_by_assets"",""lightweight_catalog_only""]",4,1,0,1,0,0,,,265,top structural and demand signals within provisional tier
/SOTFGameModeMod/TSOTF/Core/Dinos/Summon/TributeTerminal_Sotf.TributeTerminal_Sotf,TributeTerminal_Sotf,/Script/Engine.Blueprint,/SOTFGameModeMod/TSOTF/Core/Dinos/Summon/TributeTerminal_Base_SOTF.TributeTerminal_Base_SOTF_C,/Script/ShooterGame.PrimalStructureItemContainer,0,"[""has_descendants"",""referenced_by_assets"",""lightweight_catalog_only""]",4,1,0,1,0,0,,,266,top structural and demand signals within provisional tier
/Game/PrimalEarth/Dinos/Paraceratherium/Paracer_AI_Blueprint.Paracer_AI_Blueprint,Paracer_AI_Blueprint,/Script/Engine.Blueprint,/Game/PrimalEarth/CoreAI/Dino_AIController_BP.Dino_AIController_BP_C,UNKNOWN,0,"[""has_descendants"",""referenced_by_assets"",""cross_domain_references"",""lightweight_catalog_only""]",3,4,0,4,0,0,,,267,top structural and demand signals within provisional tier
/Game/PrimalEarth/CoreBlueprints/Projectiles/ProjWebBall_Queen.ProjWebBall_Queen,ProjWebBall_Queen,/Script/Engine.Blueprint,/Game/PrimalEarth/CoreBlueprints/Projectiles/ProjWebBall.ProjWebBall_C,/Script/ShooterGame.ShooterProjectile,0,"[""has_descendants"",""referenced_by_assets"",""cross_domain_references"",""lightweight_catalog_only""]",3,7,0,3,0,0,,,268,top structural and demand signals within provisional tier
/Game/PrimalEarth/CoreBlueprints/BaseAnimBlueprints/DinoBlueprintBase_RootTransformIK_FullFlight.DinoBlueprintBase_RootTransformIK_FullFlight,DinoBlueprintBase_RootTransformIK_FullFlight,/Script/Engine.AnimBlueprint,/Script/ShooterGame.PrimalAnimInstance,/Script/ShooterGame.PrimalAnimInstance,0,"[""has_descendants"",""referenced_by_assets"",""cross_domain_references"",""lightweight_catalog_only""]",3,6,0,3,0,0,,,269,top structural and demand signals within provisional tier
/Game/PrimalEarth/CoreBlueprints/DamageTypes/DmgType_Melee_Dino_Carnivore_Medium_Piercing.DmgType_Melee_Dino_Carnivore_Medium_Piercing,DmgType_Melee_Dino_Carnivore_Medium_Piercing,/Script/Engine.Blueprint,/Game/PrimalEarth/CoreBlueprints/DamageTypes/DmgType_Melee_Dino_Carnivore_Medium.DmgType_Melee_Dino_Carnivore_Medium_C,/Script/ShooterGame.ShooterDamageType,0,"[""has_descendants"",""referenced_by_assets"",""cross_domain_references"",""lightweight_catalog_only""]",3,6,0,3,0,0,,,270,top structural and demand signals within provisional tier
/Game/PrimalEarth/CoreBlueprints/Weapons/WeapGun_Impacts.WeapGun_Impacts,WeapGun_Impacts,/Script/Engine.Blueprint,/Script/ShooterGame.ShooterImpactEffect,/Script/ShooterGame.ShooterImpactEffect,0,"[""has_descendants"",""referenced_by_assets"",""cross_domain_references"",""lightweight_catalog_only""]",3,6,0,3,0,0,,,271,top structural and demand signals within provisional tier
/Game/Packs/Steampunk/Structures/TeslaCoil/StructureBP_TeslaCoil.StructureBP_TeslaCoil,StructureBP_TeslaCoil,/Script/Engine.Blueprint,/Game/PrimalEarth/Structures/BuildingBases/StructureTurretAOEBaseBP.StructureTurretAOEBaseBP_C,/Script/ShooterGame.PrimalStructureTurretAOE,0,"[""has_descendants"",""referenced_by_assets"",""cross_domain_references"",""lightweight_catalog_only""]",3,5,0,3,0,0,,,272,top structural and demand signals within provisional tier
/Game/PrimalEarth/CoreBlueprints/DamageTypes/DmgType_Melee_Dino_Carnivore_ChompGrab.DmgType_Melee_Dino_Carnivore_ChompGrab,DmgType_Melee_Dino_Carnivore_ChompGrab,/Script/Engine.Blueprint,/Game/PrimalEarth/CoreBlueprints/DamageTypes/DmgType_Melee_Dino_Carnivore_Medium.DmgType_Melee_Dino_Carnivore_Medium_C,/Script/ShooterGame.ShooterDamageType,0,"[""has_descendants"",""referenced_by_assets"",""cross_domain_references"",""lightweight_catalog_only""]",3,5,0,3,0,0,,,273,top structural and demand signals within provisional tier
/Game/PrimalEarth/CoreBlueprints/Weapons/WeapC4.WeapC4,WeapC4,/Script/Engine.Blueprint,/Script/ShooterGame.ShooterWeapon_Placer,/Script/ShooterGame.ShooterWeapon_Placer,0,"[""has_descendants"",""referenced_by_assets"",""cross_domain_references"",""lightweight_catalog_only""]",3,5,0,3,0,0,,,274,top structural and demand signals within provisional tier
/Game/PrimalEarth/CoreBlueprints/Weapons/WeapSword_Tek.WeapSword_Tek,WeapSword_Tek,/Script/Engine.Blueprint,/Game/PrimalEarth/CoreBlueprints/Weapons/WeapSword.WeapSword_C,/Script/ShooterGame.ShooterWeapon_Melee,0,"[""has_descendants"",""referenced_by_assets"",""cross_domain_references"",""lightweight_catalog_only""]",3,5,0,3,0,0,,,275,top structural and demand signals within provisional tier
/Game/PrimalEarth/Dinos/BaseBPs/DinoSettings_Herbivore_Small.DinoSettings_Herbivore_Small,DinoSettings_Herbivore_Small,/Script/Engine.Blueprint,/Game/PrimalEarth/Dinos/BaseBPs/DinoSettings_Herbivore.DinoSettings_Herbivore_C,/Script/ShooterGame.PrimalDinoSettings,0,"[""has_descendants"",""referenced_by_assets"",""cross_domain_references"",""lightweight_catalog_only""]",3,5,0,3,0,0,,,276,top structural and demand signals within provisional tier
/Game/PrimalEarth/Dinos/CrystalWyvern/Eggs/PrimalItemConsumable_Egg_CrystalWyvern_Fertilized.PrimalItemConsumable_Egg_CrystalWyvern_Fertilized,PrimalItemConsumable_Egg_CrystalWyvern_Fertilized,/Script/Engine.Blueprint,/Game/PrimalEarth/Dinos/CrystalWyvern/Eggs/PrimalItemConsumable_Egg_CrystalWyvern.PrimalItemConsumable_Egg_CrystalWyvern_C,/Script/ShooterGame.PrimalItem,0,"[""has_descendants"",""referenced_by_assets"",""cross_domain_references"",""lightweight_catalog_only""]",3,5,0,3,0,0,,,277,top structural and demand signals within provisional tier
/Game/PrimalEarth/Structures/DecorBox/StructureBase_DecorBox.StructureBase_DecorBox,StructureBase_DecorBox,/Script/Engine.Blueprint,/Game/PrimalEarth/Structures/BuildingBases/StructureItemContainerBaseBP.StructureItemContainerBaseBP_C,/Script/ShooterGame.PrimalStructureItemContainer,0,"[""has_descendants"",""referenced_by_assets"",""cross_domain_references"",""lightweight_catalog_only""]",3,5,0,3,0,0,,,278,top structural and demand signals within provisional tier
/Game/PrimalEarth/CoreBlueprints/Projectiles/ProjDefPlant.ProjDefPlant,ProjDefPlant,/Script/Engine.Blueprint,/Script/ShooterGame.PrimalProjectileDilo,/Script/ShooterGame.PrimalProjectileDilo,0,"[""has_descendants"",""referenced_by_assets"",""cross_domain_references"",""lightweight_catalog_only""]",3,4,0,3,0,0,,,279,top structural and demand signals within provisional tier
/Game/PrimalEarth/CoreBlueprints/Projectiles/ProjRock.ProjRock,ProjRock,/Script/Engine.Blueprint,/Script/ShooterGame.PrimalProjectileArrow,UNKNOWN,0,"[""has_descendants"",""referenced_by_assets"",""cross_domain_references"",""lightweight_catalog_only""]",3,4,0,3,0,0,,,280,top structural and demand signals within provisional tier
/Game/PrimalEarth/Structures/BuildingBases/StructureItemContainerBaseBP_VisualItems.StructureItemContainerBaseBP_VisualItems,StructureItemContainerBaseBP_VisualItems,/Script/Engine.Blueprint,/Script/ShooterGame.PrimalStructureItemContainer_VisualItems,/Script/ShooterGame.PrimalStructureItemContainer_VisualItems,0,"[""has_descendants"",""referenced_by_assets"",""cross_domain_references"",""lightweight_catalog_only""]",3,4,0,3,0,0,,,281,top structural and demand signals within provisional tier
/Game/PrimalEarth/Structures/Skins/PrimalItemStructureCosmeticGeneric.PrimalItemStructureCosmeticGeneric,PrimalItemStructureCosmeticGeneric,/Script/Engine.Blueprint,/Game/PrimalEarth/Structures/Skins/PrimalItemStructureSkinGeneric.PrimalItemStructureSkinGeneric_C,/Script/ShooterGame.PrimalItem,0,"[""has_descendants"",""referenced_by_assets"",""cross_domain_references"",""lightweight_catalog_only""]",3,4,0,3,0,0,,,282,top structural and demand signals within provisional tier
/Game/Water/Vessels/Brig/BrigShipPlayerFollowingBP.BrigShipPlayerFollowingBP,BrigShipPlayerFollowingBP,/Script/Engine.Blueprint,/Game/Packs/TidesOfFortune/CoreBlueprints/BP_PrimalPlayerFollowingShip_Base.BP_PrimalPlayerFollowingShip_Base_C,/Script/ShooterGame.PrimalPlayerFollowingShip,0,"[""has_descendants"",""referenced_by_assets"",""cross_domain_references"",""lightweight_catalog_only""]",3,4,0,3,0,0,,,283,top structural and demand signals within provisional tier
/Game/PrimalEarth/Dinos/BaseBPs/DinoSettings_CarrionEater_Medium.DinoSettings_CarrionEater_Medium,DinoSettings_CarrionEater_Medium,/Script/Engine.Blueprint,/Game/PrimalEarth/Dinos/BaseBPs/DinoSettings_CarrionEater.DinoSettings_CarrionEater_C,/Script/ShooterGame.PrimalDinoSettings,0,"[""has_descendants"",""referenced_by_assets"",""cross_domain_references"",""lightweight_catalog_only""]",3,3,0,3,0,0,,,284,top structural and demand signals within provisional tier
/Game/Genesis/Dinos/BiomeVariants/Volcano_Trike/Volcano_Trike_Character_BP.Volcano_Trike_Character_BP,Volcano_Trike_Character_BP,/Script/Engine.Blueprint,/Game/PrimalEarth/Dinos/Trike/Trike_Character_BP.Trike_Character_BP_C,/Script/ShooterGame.PrimalDinoCharacter,0,"[""has_descendants"",""referenced_by_assets"",""cross_domain_references"",""lightweight_catalog_only""]",3,10,0,2,0,0,,,285,top structural and demand signals within provisional tier
/Game/Genesis/Dinos/EelBoss/Proj_EelBossElectricityBall_Impact.Proj_EelBossElectricityBall_Impact,Proj_EelBossElectricityBall_Impact,/Script/Engine.Blueprint,/Script/ShooterGame.PrimalEmitterSpawnable,/Script/ShooterGame.PrimalEmitterSpawnable,0,"[""has_descendants"",""referenced_by_assets"",""cross_domain_references"",""lightweight_catalog_only""]",3,9,0,2,0,0,,,286,top structural and demand signals within provisional tier
/Game/PrimalEarth/Test/PrimalItemConsumable_Egg_Argent.PrimalItemConsumable_Egg_Argent,PrimalItemConsumable_Egg_Argent,/Script/Engine.Blueprint,/Game/PrimalEarth/CoreBlueprints/Items/Consumables/PrimalItemConsumable_Egg_Large.PrimalItemConsumable_Egg_Large_C,/Script/ShooterGame.PrimalItem,0,"[""has_descendants"",""referenced_by_assets"",""cross_domain_references"",""lightweight_catalog_only""]",3,7,0,2,0,0,,,287,top structural and demand signals within provisional tier
/Game/EndGame/Dinos/Endboss/EndbossDragon/EndBossDragon_Character_BP.EndBossDragon_Character_BP,EndBossDragon_Character_BP,/Script/Engine.Blueprint,/Game/PrimalEarth/Dinos/Dragon/Dragon_Character_BP_Boss.Dragon_Character_BP_Boss_C,/Script/ShooterGame.PrimalDinoCharacter,0,"[""has_descendants"",""referenced_by_assets"",""cross_domain_references"",""lightweight_catalog_only""]",3,6,0,2,0,0,,,288,top structural and demand signals within provisional tier
/Game/EndGame/Dinos/Endboss/EndbossGorilla/EndBossGorilla_Character_BP.EndBossGorilla_Character_BP,EndBossGorilla_Character_BP,/Script/Engine.Blueprint,/Game/PrimalEarth/Dinos/Gorilla/Gorilla_Character_BP.Gorilla_Character_BP_C,/Script/ShooterGame.PrimalDinoCharacter,0,"[""has_descendants"",""referenced_by_assets"",""cross_domain_references"",""lightweight_catalog_only""]",3,6,0,2,0,0,,,289,top structural and demand signals within provisional tier
/Game/EndGame/Dinos/Endboss/EndbossSpider/EndBossSpiderL_Character_BP.EndBossSpiderL_Character_BP,EndBossSpiderL_Character_BP,/Script/Engine.Blueprint,/Game/PrimalEarth/Dinos/Spider-Large/SpiderL_Character_BP.SpiderL_Character_BP_C,/Script/ShooterGame.PrimalDinoCharacter,0,"[""has_descendants"",""referenced_by_assets"",""cross_domain_references"",""lightweight_catalog_only""]",3,6,0,2,0,0,,,290,top structural and demand signals within provisional tier
/Game/Extinction/CoreBlueprints/DamageTypes/DmgType_Melee_DmgMetal_RaidDino_Kaiju.DmgType_Melee_DmgMetal_RaidDino_Kaiju,DmgType_Melee_DmgMetal_RaidDino_Kaiju,/Script/Engine.Blueprint,/Game/PrimalEarth/CoreBlueprints/DamageTypes/DmgType_Melee_DmgMetal_RaidDino.DmgType_Melee_DmgMetal_RaidDino_C,/Script/ShooterGame.ShooterDamageType,0,"[""has_descendants"",""referenced_by_assets"",""cross_domain_references"",""lightweight_catalog_only""]",3,6,0,2,0,0,,,291,top structural and demand signals within provisional tier
/Game/PrimalEarth/CoreBlueprints/Projectiles/ProjDragonFireBall.ProjDragonFireBall,ProjDragonFireBall,/Script/Engine.Blueprint,/Script/ShooterGame.ShooterProjectile,/Script/ShooterGame.ShooterProjectile,0,"[""has_descendants"",""referenced_by_assets"",""cross_domain_references"",""lightweight_catalog_only""]",3,6,0,2,0,0,,,292,top structural and demand signals within provisional tier
/Game/PrimalEarth/Dinos/Para/BionicPara_Character_BP_Malfunctioned.BionicPara_Character_BP_Malfunctioned,BionicPara_Character_BP_Malfunctioned,/Script/Engine.Blueprint,/Game/PrimalEarth/Dinos/Para/BionicPara_Character_BP.BionicPara_Character_BP_C,/Script/ShooterGame.PrimalDinoCharacter,0,"[""has_descendants"",""referenced_by_assets"",""cross_domain_references"",""lightweight_catalog_only""]",3,6,0,2,0,0,,,293,top structural and demand signals within provisional tier
/Game/PrimalEarth/Human/Male/Animations/ASA/TPV/Bola/Human_TPV_Bola.Human_TPV_Bola,Human_TPV_Bola,/Script/Engine.AnimBlueprint,/Game/PrimalEarth/CoreBlueprints/BaseAnimBlueprints/BaseHumanAnimBP.BaseHumanAnimBP_C,/Script/Engine.AnimInstance,0,"[""has_descendants"",""referenced_by_assets"",""cross_domain_references"",""lightweight_catalog_only""]",3,6,0,2,0,0,,,294,top structural and demand signals within provisional tier
/Game/PrimalEarth/Structures/TekTier/TekTeleporter.TekTeleporter,TekTeleporter,/Script/Engine.Blueprint,/Game/PrimalEarth/Structures/BuildingBases/StructureItemContainerBaseBP.StructureItemContainerBaseBP_C,/Script/ShooterGame.PrimalStructureItemContainer,0,"[""has_descendants"",""referenced_by_assets"",""cross_domain_references"",""lightweight_catalog_only""]",3,6,0,2,0,0,,,295,top structural and demand signals within provisional tier
/Game/WeatherSystem/Blueprints/BP_AB_Deathwave_DamageZone.BP_AB_Deathwave_DamageZone,BP_AB_Deathwave_DamageZone,/Script/Engine.Blueprint,/Script/Engine.Actor,/Script/Engine.Actor,0,"[""has_descendants"",""referenced_by_assets"",""cross_domain_references"",""lightweight_catalog_only""]",3,6,0,2,0,0,,,296,top structural and demand signals within provisional tier
/DinoDefense/2DPlatformer/Environment/Sky/BP_Sky.BP_Sky,BP_Sky,/Script/Engine.Blueprint,/Script/Engine.Actor,/Script/Engine.Actor,0,"[""has_descendants"",""referenced_by_assets"",""cross_domain_references"",""lightweight_catalog_only""]",3,5,0,2,0,0,,,297,top structural and demand signals within provisional tier
/Game/Effects/Blueprints/Emitters/Structures/Outpost/Outpost_Gen_Destruction_Emitter.Outpost_Gen_Destruction_Emitter,Outpost_Gen_Destruction_Emitter,/Script/Engine.Blueprint,/Game/Effects/Blueprints/Emitters/Structures/Base_StructureTransition_Emitter.Base_StructureTransition_Emitter_C,/Script/ShooterGame.PrimalEmitterSpawnable,0,"[""has_descendants"",""referenced_by_assets"",""cross_domain_references"",""lightweight_catalog_only""]",3,5,0,2,0,0,,,298,top structural and demand signals within provisional tier
/Game/LostIsland/Dinos/Amargasaurus/ProjAmargaSpike.ProjAmargaSpike,ProjAmargaSpike,/Script/Engine.Blueprint,/Script/ShooterGame.ShooterProjectile,UNKNOWN,0,"[""has_descendants"",""referenced_by_assets"",""cross_domain_references"",""lightweight_catalog_only""]",3,5,0,2,0,0,,,299,top structural and demand signals within provisional tier
/Game/Packs/Frontier/Structures/ShootableBottle/ShootableBottle.ShootableBottle,ShootableBottle,/Script/Engine.Blueprint,/Game/PrimalEarth/Structures/BuildingBases/StructureBaseBP.StructureBaseBP_C,/Script/ShooterGame.PrimalStructure,0,"[""has_descendants"",""referenced_by_assets"",""cross_domain_references"",""lightweight_catalog_only""]",3,5,0,2,0,0,,,300,top structural and demand signals within provisional tier
/Game/LostColony/Characters/VO/DataTable_VOInstigatorData_LC.DataTable_VOInstigatorData_LC,DataTable_VOInstigatorData_LC,/Script/Engine.DataTable,UNKNOWN,UNKNOWN,1,"[""global_or_system_registration"",""referenced_by_assets""]",0,31,0,1,1,0,,,1,top structural and demand signals within provisional tier
/Game/PrimalEarth/CoreBlueprints/Items/PrimalItem_Base.PrimalItem_Base,PrimalItem_Base,/Script/Engine.Blueprint,/Script/ShooterGame.PrimalItem,/Script/ShooterGame.PrimalItem,1,"[""has_descendants"",""referenced_by_assets"",""cross_domain_references""]",3329,70,0,10,0,0,,,2,top structural and demand signals within provisional tier
/Game/PrimalEarth/CoreBlueprints/Dino_Character_BP.Dino_Character_BP,Dino_Character_BP,/Script/Engine.Blueprint,/Script/ShooterGame.PrimalDinoCharacter,/Script/ShooterGame.PrimalDinoCharacter,1,"[""has_descendants"",""referenced_by_assets"",""cross_domain_references""]",1476,1074,0,26,0,0,,,3,top structural and demand signals within provisional tier
/Game/Genesis2/Missions/ModularMission/MissionModule_Base.MissionModule_Base,MissionModule_Base,/Script/Engine.Blueprint,/Script/ShooterGame.NewMissionModuleBase,/Script/ShooterGame.NewMissionModuleBase,1,"[""has_descendants"",""referenced_by_assets"",""cross_domain_references""]",1215,103,0,4,0,0,,,4,top structural and demand signals within provisional tier
/Game/PrimalEarth/CoreBlueprints/Items/Consumables/BaseBPs/PrimalItemConsumableGeneric.PrimalItemConsumableGeneric,PrimalItemConsumableGeneric,/Script/Engine.Blueprint,/Game/PrimalEarth/CoreBlueprints/Items/PrimalItem_Base.PrimalItem_Base_C,/Script/ShooterGame.PrimalItem,1,"[""has_descendants"",""referenced_by_assets"",""cross_domain_references""]",1081,21,0,7,0,0,,,5,top structural and demand signals within provisional tier
/Game/PrimalEarth/Structures/BuildingBases/StructureBaseBP.StructureBaseBP,StructureBaseBP,/Script/Engine.Blueprint,/Script/ShooterGame.PrimalStructure,/Script/ShooterGame.PrimalStructure,1,"[""has_descendants"",""referenced_by_assets"",""cross_domain_references""]",1058,943,0,17,0,0,,,6,top structural and demand signals within provisional tier
/Game/PrimalEarth/CoreBlueprints/Buffs/Buff_Base.Buff_Base,Buff_Base,/Script/Engine.Blueprint,/Script/ShooterGame.PrimalBuff,/Script/ShooterGame.PrimalBuff,1,"[""has_descendants"",""referenced_by_assets""]",1004,570,0,1,0,0,,,7,top structural and demand signals within provisional tier
/Game/PrimalEarth/Test/PrimalItemSkinGeneric.PrimalItemSkinGeneric,PrimalItemSkinGeneric,/Script/Engine.Blueprint,/Game/PrimalEarth/CoreBlueprints/Items/PrimalItem_Base.PrimalItem_Base_C,/Script/ShooterGame.PrimalItem,1,"[""has_descendants"",""referenced_by_assets"",""cross_domain_references""]",661,344,0,10,0,0,,,8,top structural and demand signals within provisional tier
/Game/PrimalEarth/CoreBlueprints/DamageTypes/ShooterDamageTypeBP_Base.ShooterDamageTypeBP_Base,ShooterDamageTypeBP_Base,/Script/Engine.Blueprint,/Script/ShooterGame.ShooterDamageType,/Script/ShooterGame.ShooterDamageType,1,"[""has_descendants"",""referenced_by_assets"",""cross_domain_references""]",596,67,0,10,0,0,,,9,top structural and demand signals within provisional tier
/Game/PrimalEarth/CoreAI/Dino_AIController_BP.Dino_AIController_BP,Dino_AIController_BP,/Script/Engine.Blueprint,/Script/ShooterGame.PrimalDinoAIController,/Script/ShooterGame.PrimalDinoAIController,1,"[""has_descendants"",""referenced_by_assets"",""cross_domain_references""]",566,312,0,16,0,0,,,10,top structural and demand signals within provisional tier
/Game/PrimalEarth/CoreBlueprints/Items/Consumables/BaseBPs/PrimalItemConsumableEatable.PrimalItemConsumableEatable,PrimalItemConsumableEatable,/Script/Engine.Blueprint,/Game/PrimalEarth/CoreBlueprints/Items/Consumables/BaseBPs/PrimalItemConsumableGeneric.PrimalItemConsumableGeneric_C,/Script/ShooterGame.PrimalItem,1,"[""has_descendants"",""referenced_by_assets"",""cross_domain_references""]",557,75,0,11,0,0,,,11,top structural and demand signals within provisional tier
/Game/PrimalEarth/CoreBlueprints/DinoCharacterStatusComponent_BP.DinoCharacterStatusComponent_BP,DinoCharacterStatusComponent_BP,/Script/Engine.Blueprint,/Script/ShooterGame.PrimalDinoStatusComponent,/Script/ShooterGame.PrimalDinoStatusComponent,1,"[""has_descendants"",""referenced_by_assets""]",503,284,0,1,0,0,,,12,top structural and demand signals within provisional tier
/Game/Genesis/Missions/MissionTypeBlueprintBase.MissionTypeBlueprintBase,MissionTypeBlueprintBase,/Script/Engine.Blueprint,/Script/ShooterGame.MissionType,/Script/ShooterGame.MissionType,1,"[""has_descendants"",""referenced_by_assets"",""cross_domain_references""]",480,25,0,3,0,0,,,13,top structural and demand signals within provisional tier
/Game/PrimalEarth/CoreBlueprints/Items/Structures/BuildingBases/PrimalItemStructureGeneric.PrimalItemStructureGeneric,PrimalItemStructureGeneric,/Script/Engine.Blueprint,/Game/PrimalEarth/CoreBlueprints/Items/Consumables/BaseBPs/PrimalItemConsumableGeneric.PrimalItemConsumableGeneric_C,/Script/ShooterGame.PrimalItem,1,"[""has_descendants"",""referenced_by_assets"",""cross_domain_references""]",436,201,0,12,0,0,,,14,top structural and demand signals within provisional tier
/Game/PrimalEarth/CoreBlueprints/Items/Armor/Base/PrimalItemArmorGeneric.PrimalItemArmorGeneric,PrimalItemArmorGeneric,/Script/Engine.Blueprint,/Game/PrimalEarth/CoreBlueprints/Items/PrimalItem_Base.PrimalItem_Base_C,/Script/ShooterGame.PrimalItem,1,"[""has_descendants"",""referenced_by_assets"",""cross_domain_references""]",395,21,0,5,0,0,,,15,top structural and demand signals within provisional tier
/Game/PrimalEarth/CoreBlueprints/Items/Consumables/PrimalItemConsumable_Egg.PrimalItemConsumable_Egg,PrimalItemConsumable_Egg,/Script/Engine.Blueprint,/Game/PrimalEarth/CoreBlueprints/Items/Consumables/BaseBPs/PrimalItemConsumableEatable.PrimalItemConsumableEatable_C,/Script/ShooterGame.PrimalItem,1,"[""has_descendants"",""referenced_by_assets"",""cross_domain_references""]",331,24,0,8,0,0,,,16,top structural and demand signals within provisional tier
/Game/PrimalEarth/Structures/BuildingBases/StructureItemContainerBaseBP.StructureItemContainerBaseBP,StructureItemContainerBaseBP,/Script/Engine.Blueprint,/Script/ShooterGame.PrimalStructureItemContainer,/Script/ShooterGame.PrimalStructureItemContainer,1,"[""has_descendants"",""referenced_by_assets"",""cross_domain_references""]",307,302,0,22,0,0,,,17,top structural and demand signals within provisional tier
/Game/PrimalEarth/CoreBlueprints/DamageTypes/DmgType_Melee.DmgType_Melee,DmgType_Melee,/Script/Engine.Blueprint,/Game/PrimalEarth/CoreBlueprints/DamageTypes/ShooterDamageTypeBP_Base.ShooterDamageTypeBP_Base_C,/Script/ShooterGame.ShooterDamageType,1,"[""has_descendants"",""referenced_by_assets"",""cross_domain_references""]",283,50,0,12,0,0,,,18,top structural and demand signals within provisional tier
/Game/Genesis2/Missions/ModularMission/MissionModule_zSubmodule_SpawnCreatures_Base.MissionModule_zSubmodule_SpawnCreatures_Base,MissionModule_zSubmodule_SpawnCreatures_Base,/Script/Engine.Blueprint,/Game/Genesis2/Missions/ModularMission/MissionModule_Base.MissionModule_Base_C,/Script/ShooterGame.NewMissionModuleBase,1,"[""has_descendants"",""referenced_by_assets"",""cross_domain_references""]",274,68,0,4,0,0,,,19,top structural and demand signals within provisional tier
/Game/PrimalEarth/Dinos/BaseBPs/DinoSettings_Base.DinoSettings_Base,DinoSettings_Base,/Script/Engine.Blueprint,/Script/ShooterGame.PrimalDinoSettings,/Script/ShooterGame.PrimalDinoSettings,1,"[""has_descendants"",""referenced_by_assets"",""cross_domain_references""]",268,14,0,4,0,0,,,20,top structural and demand signals within provisional tier
/Game/Genesis2/Missions/ModularMission/MissionModule_zSubmodule_CompanionReaction_Base.MissionModule_zSubmodule_CompanionReaction_Base,MissionModule_zSubmodule_CompanionReaction_Base,/Script/Engine.Blueprint,/Game/Genesis2/Missions/ModularMission/MissionModule_Base.MissionModule_Base_C,UNKNOWN,1,"[""has_descendants"",""referenced_by_assets""]",268,273,0,1,0,0,,,21,top structural and demand signals within provisional tier
/Game/PrimalEarth/CoreBlueprints/HarvestComponents/AttackHarvestComponent_Base.AttackHarvestComponent_Base,AttackHarvestComponent_Base,/Script/Engine.Blueprint,/Script/ShooterGame.PrimalHarvestingComponent,/Script/ShooterGame.PrimalHarvestingComponent,1,"[""has_descendants"",""referenced_by_assets"",""cross_domain_references""]",258,46,0,10,0,0,,,22,top structural and demand signals within provisional tier
/Game/ScorchedEarth/Environment/LevelInstance/BP_PLA_Base.BP_PLA_Base,BP_PLA_Base,/Script/Engine.Blueprint,/Script/Engine.PackedLevelActor,/Script/Engine.PackedLevelActor,1,"[""has_descendants"",""referenced_by_assets"",""cross_domain_references""]",256,258,0,7,0,0,,,23,top structural and demand signals within provisional tier
/Game/PrimalEarth/CoreBlueprints/Items/Armor/Base/PrimalItemArmor_SaddleGeneric.PrimalItemArmor_SaddleGeneric,PrimalItemArmor_SaddleGeneric,/Script/Engine.Blueprint,/Game/PrimalEarth/CoreBlueprints/Items/Armor/Base/PrimalItemArmorGeneric.PrimalItemArmorGeneric_C,/Script/ShooterGame.PrimalItem,1,"[""has_descendants"",""referenced_by_assets"",""cross_domain_references""]",233,148,0,14,0,0,,,24,top structural and demand signals within provisional tier
/Game/LostColony/Missions/Overworld/Outpost/Structures/StructureBP_Mission_Outpost_Base.StructureBP_Mission_Outpost_Base,StructureBP_Mission_Outpost_Base,/Script/Engine.Blueprint,/Game/PrimalEarth/Structures/BuildingBases/StructureBaseBP.StructureBaseBP_C,/Script/ShooterGame.PrimalStructure,1,"[""has_descendants"",""referenced_by_assets"",""cross_domain_references""]",217,195,0,2,0,0,,,25,top structural and demand signals within provisional tier
/Game/PrimalEarth/CoreBlueprints/Inventories/DinoTamedInventoryComponent_BP_Base.DinoTamedInventoryComponent_BP_Base,DinoTamedInventoryComponent_BP_Base,/Script/Engine.Blueprint,/Script/ShooterGame.PrimalInventoryComponent,/Script/ShooterGame.PrimalInventoryComponent,1,"[""has_descendants"",""referenced_by_assets"",""cross_domain_references""]",203,182,0,13,0,0,,,26,top structural and demand signals within provisional tier
/Game/PrimalEarth/CoreBlueprints/Weapons/PrimalItemWeaponGeneric.PrimalItemWeaponGeneric,PrimalItemWeaponGeneric,/Script/Engine.Blueprint,/Game/PrimalEarth/CoreBlueprints/Items/PrimalItem_Base.PrimalItem_Base_C,/Script/ShooterGame.PrimalItem,1,"[""has_descendants"",""referenced_by_assets"",""cross_domain_references""]",200,17,0,5,0,0,,,27,top structural and demand signals within provisional tier
/Game/PrimalEarth/CoreBlueprints/DamageTypes/DmgType_Melee_Dino.DmgType_Melee_Dino,DmgType_Melee_Dino,/Script/Engine.Blueprint,/Game/PrimalEarth/CoreBlueprints/DamageTypes/DmgType_Melee.DmgType_Melee_C,/Script/ShooterGame.ShooterDamageType,1,"[""has_descendants"",""referenced_by_assets"",""cross_domain_references""]",199,83,0,10,0,0,,,28,top structural and demand signals within provisional tier
/Game/PrimalEarth/CoreBlueprints/Resources/PrimalItemResourceGeneric.PrimalItemResourceGeneric,PrimalItemResourceGeneric,/Script/Engine.Blueprint,/Game/PrimalEarth/CoreBlueprints/Items/PrimalItem_Base.PrimalItem_Base_C,/Script/ShooterGame.PrimalItem,1,"[""has_descendants"",""referenced_by_assets"",""cross_domain_references""]",174,76,0,11,0,0,,,29,top structural and demand signals within provisional tier
/Game/PrimalEarth/Test/PrimalItemCostumeGeneric.PrimalItemCostumeGeneric,PrimalItemCostumeGeneric,/Script/Engine.Blueprint,/Game/PrimalEarth/CoreBlueprints/Items/PrimalItem_Base.PrimalItem_Base_C,/Script/ShooterGame.PrimalItem,1,"[""has_descendants"",""referenced_by_assets"",""cross_domain_references""]",169,38,0,6,0,0,,,30,top structural and demand signals within provisional tier
/Game/PrimalEarth/Dinos/BaseBPs/DinoSettings_Carnivore.DinoSettings_Carnivore,DinoSettings_Carnivore,/Script/Engine.Blueprint,/Game/PrimalEarth/Dinos/BaseBPs/DinoSettings_Base.DinoSettings_Base_C,/Script/ShooterGame.PrimalDinoSettings,1,"[""has_descendants"",""referenced_by_assets""]",164,13,0,1,0,0,,,31,top structural and demand signals within provisional tier
/Game/PrimalEarth/Structures/BuildingBases/TilesetBases/StructureBase_Railing.StructureBase_Railing,StructureBase_Railing,/Script/Engine.Blueprint,/Game/PrimalEarth/Structures/BuildingBases/StructureBaseBP.StructureBaseBP_C,/Script/ShooterGame.PrimalStructure,1,"[""has_descendants"",""referenced_by_assets"",""cross_domain_references""]",161,140,0,2,0,0,,,32,top structural and demand signals within provisional tier
/Game/PrimalEarth/CoreBlueprints/Items/Armor/Skin/ChibiDinos/PrimalItemSkin_ChibiDino_Base.PrimalItemSkin_ChibiDino_Base,PrimalItemSkin_ChibiDino_Base,/Script/Engine.Blueprint,/Game/PrimalEarth/CoreBlueprints/Items/PrimalItem_Base.PrimalItem_Base_C,/Script/ShooterGame.PrimalItem,1,"[""has_descendants"",""referenced_by_assets"",""cross_domain_references""]",153,139,0,3,0,0,,,33,top structural and demand signals within provisional tier
/Game/PrimalEarth/CoreBlueprints/Items/PrimalItemDyeGeneric.PrimalItemDyeGeneric,PrimalItemDyeGeneric,/Script/Engine.Blueprint,/Script/ShooterGame.PrimalItem_Dye,/Script/ShooterGame.PrimalItem_Dye,1,"[""has_descendants"",""referenced_by_assets""]",153,154,0,1,0,0,,,34,top structural and demand signals within provisional tier
/Game/PrimalEarth/CoreBlueprints/Inventories/DinoDropInventoryComponent_BP_Base.DinoDropInventoryComponent_BP_Base,DinoDropInventoryComponent_BP_Base,/Script/Engine.Blueprint,/Script/ShooterGame.PrimalInventoryComponent,/Script/ShooterGame.PrimalInventoryComponent,1,"[""has_descendants"",""referenced_by_assets"",""cross_domain_references""]",152,37,0,9,0,0,,,35,top structural and demand signals within provisional tier
/Game/PrimalEarth/CoreBlueprints/DamageTypes/DmgType_Melee_Dino_Carnivore.DmgType_Melee_Dino_Carnivore,DmgType_Melee_Dino_Carnivore,/Script/Engine.Blueprint,/Game/PrimalEarth/CoreBlueprints/DamageTypes/DmgType_Melee_Dino.DmgType_Melee_Dino_C,/Script/ShooterGame.ShooterDamageType,1,"[""has_descendants"",""referenced_by_assets"",""cross_domain_references""]",151,87,0,10,0,0,,,36,top structural and demand signals within provisional tier
/Game/Genesis2/Missions/ModularMission/MissionType_ModularMission_Base.MissionType_ModularMission_Base,MissionType_ModularMission_Base,/Script/Engine.Blueprint,/Script/ShooterGame.MissionType_ModularMissionBase,/Script/ShooterGame.MissionType_ModularMissionBase,1,"[""has_descendants"",""referenced_by_assets"",""cross_domain_references""]",151,80,0,4,0,0,,,37,top structural and demand signals within provisional tier
/Game/PrimalEarth/CoreBlueprints/Items/Armor/Skin/ChibiDinos/BoneModifiersContainer.BoneModifiersContainer,BoneModifiersContainer,/Script/Engine.Blueprint,/Script/CoreUObject.Object,/Script/CoreUObject.Object,1,"[""has_descendants"",""referenced_by_assets"",""cross_domain_references""]",146,148,0,5,0,0,,,38,top structural and demand signals within provisional tier
/KrazyCosmetics/Hats/Blueprints/PrimalItemSkin_KrazyCosmeticHat_Base.PrimalItemSkin_KrazyCosmeticHat_Base,PrimalItemSkin_KrazyCosmeticHat_Base,/Script/Engine.Blueprint,/Game/PrimalEarth/Test/PrimalItemSkinGeneric.PrimalItemSkinGeneric_C,/Script/ShooterGame.PrimalItem,1,"[""has_descendants"",""referenced_by_assets""]",144,144,0,1,0,0,,,39,top structural and demand signals within provisional tier
/Game/Genesis/CoreBlueprints/LootSets/LootItemSet_Missions.LootItemSet_Missions,LootItemSet_Missions,/Script/Engine.Blueprint,/Script/ShooterGame.PrimalSupplyCrateItemSet,UNKNOWN,1,"[""has_descendants"",""referenced_by_assets"",""cross_domain_references""]",140,66,0,2,0,0,,,40,top structural and demand signals within provisional tier
/Game/PrimalEarth/CoreBlueprints/Items/Trophies/PrimalItemTrophyGenericParent.PrimalItemTrophyGenericParent,PrimalItemTrophyGenericParent,/Script/Engine.Blueprint,/Game/PrimalEarth/CoreBlueprints/Items/PrimalItem_Base.PrimalItem_Base_C,/Script/ShooterGame.PrimalItem,1,"[""has_descendants"",""referenced_by_assets""]",140,3,0,1,0,0,,,41,top structural and demand signals within provisional tier
/Game/PrimalEarth/CoreBlueprints/Items/Trophies/PrimalItemTrophyGenericWall.PrimalItemTrophyGenericWall,PrimalItemTrophyGenericWall,/Script/Engine.Blueprint,/Game/PrimalEarth/CoreBlueprints/Items/Trophies/PrimalItemTrophyGenericParent.PrimalItemTrophyGenericParent_C,/Script/ShooterGame.PrimalItem,1,"[""has_descendants"",""referenced_by_assets"",""cross_domain_references""]",137,19,0,8,0,0,,,42,top structural and demand signals within provisional tier
/Game/PrimalEarth/Structures/BuildingBases/Door_Base_SM.Door_Base_SM,Door_Base_SM,/Script/Engine.Blueprint,/Script/ShooterGame.PrimalStructureDoor,/Script/ShooterGame.PrimalStructureDoor,1,"[""has_descendants"",""referenced_by_assets"",""cross_domain_references""]",136,130,0,5,0,0,,,43,top structural and demand signals within provisional tier
/Game/PrimalEarth/CoreBlueprints/Items/Armor/Skin/DearJane/PrimalItemCostumeGeneric_DinoColorization.PrimalItemCostumeGeneric_DinoColorization,PrimalItemCostumeGeneric_DinoColorization,/Script/Engine.Blueprint,/Game/PrimalEarth/Test/PrimalItemCostumeGeneric.PrimalItemCostumeGeneric_C,/Script/ShooterGame.PrimalItem,1,"[""has_descendants"",""referenced_by_assets"",""cross_domain_references""]",135,21,0,2,0,0,,,44,top structural and demand signals within provisional tier
/Game/LostColony/Missions/Overworld/Base/Modules/MissionSubModule_SpawnCreatures_LC_Overworld_Base.MissionSubModule_SpawnCreatures_LC_Overworld_Base,MissionSubModule_SpawnCreatures_LC_Overworld_Base,/Script/Engine.Blueprint,/Game/Genesis2/Missions/ModularMission/MissionModule_zSubmodule_SpawnCreatures_Base.MissionModule_zSubmodule_SpawnCreatures_Base_C,/Script/ShooterGame.NewMissionModuleBase,1,"[""has_descendants"",""referenced_by_assets"",""cross_domain_references""]",135,2,0,2,0,0,,,45,top structural and demand signals within provisional tier
/Game/PrimalEarth/CoreBlueprints/Dino_Character_BP_Pack.Dino_Character_BP_Pack,Dino_Character_BP_Pack,/Script/Engine.Blueprint,/Game/PrimalEarth/CoreBlueprints/Dino_Character_BP.Dino_Character_BP_C,/Script/ShooterGame.PrimalDinoCharacter,1,"[""has_descendants"",""referenced_by_assets"",""cross_domain_references""]",133,49,0,10,0,0,,,46,top structural and demand signals within provisional tier
/Game/Genesis/Missions/Hunt/MissionType_Hunt.MissionType_Hunt,MissionType_Hunt,/Script/Engine.Blueprint,/Game/Genesis/Missions/MissionTypeBlueprintBase.MissionTypeBlueprintBase_C,/Script/ShooterGame.MissionType,1,"[""has_descendants"",""referenced_by_assets"",""cross_domain_references""]",124,36,0,2,0,0,,,47,top structural and demand signals within provisional tier
/Game/PrimalEarth/CoreBlueprints/BaseAnimBlueprints/BaseHumanAnimBP.BaseHumanAnimBP,BaseHumanAnimBP,/Script/Engine.AnimBlueprint,/Script/Engine.AnimInstance,/Script/Engine.AnimInstance,1,"[""has_descendants"",""referenced_by_assets"",""cross_domain_references""]",121,173,0,14,0,0,,,48,top structural and demand signals within provisional tier
/Game/Packs/AAA/Engrams/EngramEntry_AAA_UnlockedCosmetic_BASE.EngramEntry_AAA_UnlockedCosmetic_BASE,EngramEntry_AAA_UnlockedCosmetic_BASE,/Script/Engine.Blueprint,/Script/ShooterGame.PrimalEngramEntry,/Script/ShooterGame.PrimalEngramEntry,1,"[""has_descendants"",""referenced_by_assets"",""cross_domain_references""]",118,118,0,2,0,0,,,49,top structural and demand signals within provisional tier
/Game/PrimalEarth/CoreBlueprints/Weapons/PrimalItemWeaponGenericAmmoless.PrimalItemWeaponGenericAmmoless,PrimalItemWeaponGenericAmmoless,/Script/Engine.Blueprint,/Game/PrimalEarth/CoreBlueprints/Weapons/PrimalItemWeaponGeneric.PrimalItemWeaponGeneric_C,/Script/ShooterGame.PrimalItem,1,"[""has_descendants"",""referenced_by_assets"",""cross_domain_references""]",109,11,0,3,0,0,,,50,top structural and demand signals within provisional tier
/Game/PrimalEarth/CoreBlueprints/HarvestComponents/DinoDeathHarvestingComponent_Base.DinoDeathHarvestingComponent_Base,DinoDeathHarvestingComponent_Base,/Script/Engine.Blueprint,/Game/PrimalEarth/CoreBlueprints/HarvestComponents/AttackHarvestComponent_Base.AttackHarvestComponent_Base_C,/Script/ShooterGame.PrimalHarvestingComponent,1,"[""has_descendants"",""referenced_by_assets"",""cross_domain_references""]",108,48,0,9,0,0,,,51,top structural and demand signals within provisional tier
/Game/LostColony/Missions/Overworld/Base/MissionType_LC_Overworld_Base.MissionType_LC_Overworld_Base,MissionType_LC_Overworld_Base,/Script/Engine.Blueprint,/Game/Genesis2/Missions/ModularMission/MissionType_ModularMission_Base.MissionType_ModularMission_Base_C,/Script/ShooterGame.MissionType_ModularMissionBase,1,"[""has_descendants"",""referenced_by_assets"",""cross_domain_references""]",105,7,0,2,0,0,,,52,top structural and demand signals within provisional tier
/Game/LostColony/Missions/Bossfight/Modules/VO/Base/MissionModule_VO_Base.MissionModule_VO_Base,MissionModule_VO_Base,/Script/Engine.Blueprint,/Game/Genesis2/Missions/ModularMission/MissionModule_Base.MissionModule_Base_C,/Script/ShooterGame.NewMissionModuleBase,1,"[""has_descendants"",""referenced_by_assets"",""cross_domain_references""]",103,107,0,2,0,0,,,53,top structural and demand signals within provisional tier
/Game/PrimalEarth/Structures/BuildingBases/SupplyCrateBaseBP_Instantaneous.SupplyCrateBaseBP_Instantaneous,SupplyCrateBaseBP_Instantaneous,/Script/Engine.Blueprint,/Script/ShooterGame.PrimalStructureItemContainer_SupplyCrate,/Script/ShooterGame.PrimalStructureItemContainer_SupplyCrate,1,"[""has_descendants"",""referenced_by_assets"",""cross_domain_references""]",100,101,0,10,0,0,,,54,top structural and demand signals within provisional tier
/Game/PrimalEarth/CoreBlueprints/DamageTypes/DmgType_Projectile.DmgType_Projectile,DmgType_Projectile,/Script/Engine.Blueprint,/Game/PrimalEarth/CoreBlueprints/DamageTypes/ShooterDamageTypeBP_Base.ShooterDamageTypeBP_Base_C,/Script/ShooterGame.ShooterDamageType,1,"[""has_descendants"",""referenced_by_assets"",""cross_domain_references""]",97,91,0,13,0,0,,,55,top structural and demand signals within provisional tier
/Game/Packs/AAA/Skins/PrimalItemCostume_AAA_SkinPack1_Base.PrimalItemCostume_AAA_SkinPack1_Base,PrimalItemCostume_AAA_SkinPack1_Base,/Script/Engine.Blueprint,/Game/PrimalEarth/CoreBlueprints/Items/Armor/Skin/DearJane/PrimalItemCostumeGeneric_DinoColorization.PrimalItemCostumeGeneric_DinoColorization_C,/Script/ShooterGame.PrimalItem,1,"[""has_descendants"",""referenced_by_assets""]",94,94,0,1,0,0,,,56,top structural and demand signals within provisional tier
/Game/PrimalEarth/Effects/Blueprints/BP_Emitter_Master.BP_Emitter_Master,BP_Emitter_Master,/Script/Engine.Blueprint,/Script/Engine.Emitter,UNKNOWN,1,"[""has_descendants"",""referenced_by_assets"",""cross_domain_references""]",92,65,0,9,0,0,,,57,top structural and demand signals within provisional tier
/Game/PrimalEarth/Structures/Skins/PrimalItemStructureSkinGeneric.PrimalItemStructureSkinGeneric,PrimalItemStructureSkinGeneric,/Script/Engine.Blueprint,/Game/PrimalEarth/CoreBlueprints/Items/PrimalItem_Base.PrimalItem_Base_C,/Script/ShooterGame.PrimalItem,1,"[""has_descendants"",""referenced_by_assets"",""cross_domain_references""]",91,81,0,14,0,0,,,58,top structural and demand signals within provisional tier
/Game/PrimalEarth/Structures/Skins/StructureSkinBase.StructureSkinBase,StructureSkinBase,/Script/Engine.Blueprint,/Game/PrimalEarth/Structures/BuildingBases/StructureItemContainerBaseBP.StructureItemContainerBaseBP_C,/Script/ShooterGame.PrimalStructureItemContainer,1,"[""has_descendants"",""referenced_by_assets"",""cross_domain_references""]",91,65,0,12,0,0,,,59,top structural and demand signals within provisional tier
/Game/PrimalEarth/Structures/BuildingBases/Railing_Base.Railing_Base,Railing_Base,/Script/Engine.Blueprint,/Game/PrimalEarth/Structures/BuildingBases/TilesetBases/StructureBase_Railing.StructureBase_Railing_C,/Script/ShooterGame.PrimalStructure,1,"[""has_descendants"",""referenced_by_assets"",""cross_domain_references""]",90,25,0,5,0,0,,,60,top structural and demand signals within provisional tier
/Game/LostColony/Missions/Overworld/Outpost/Base/Modules/MissionSubModule_SpawnCreatures_LC_Outpost_Base.MissionSubModule_SpawnCreatures_LC_Outpost_Base,MissionSubModule_SpawnCreatures_LC_Outpost_Base,/Script/Engine.Blueprint,/Game/LostColony/Missions/Overworld/Base/Modules/MissionSubModule_SpawnCreatures_LC_Overworld_Base.MissionSubModule_SpawnCreatures_LC_Overworld_Base_C,/Script/ShooterGame.NewMissionModuleBase,1,"[""has_descendants"",""referenced_by_assets""]",89,7,0,1,0,0,,,61,top structural and demand signals within provisional tier
/Game/ASA/Blueprints/BoneAttachments/PrimalItemTrophy_Skeleton_BASE.PrimalItemTrophy_Skeleton_BASE,PrimalItemTrophy_Skeleton_BASE,/Script/Engine.Blueprint,/Game/PrimalEarth/CoreBlueprints/Items/Trophies/PrimalItemTrophyGenericWall.PrimalItemTrophyGenericWall_C,/Script/ShooterGame.PrimalItem,1,"[""has_descendants"",""referenced_by_assets""]",87,87,0,1,0,0,,,62,top structural and demand signals within provisional tier
/Game/LostColony/Missions/Overworld/Outpost/Base/MissionType_LC_Outpost_Base.MissionType_LC_Outpost_Base,MissionType_LC_Outpost_Base,/Script/Engine.Blueprint,/Game/LostColony/Missions/Overworld/Base/MissionType_LC_Overworld_Base.MissionType_LC_Overworld_Base_C,/Script/ShooterGame.MissionType_ModularMissionBase,1,"[""has_descendants"",""referenced_by_assets""]",86,4,0,1,0,0,,,63,top structural and demand signals within provisional tier
/Game/Genesis2/Missions/ModularMission/MissionModule_zSubmodule_SpawnStructures_Base.MissionModule_zSubmodule_SpawnStructures_Base,MissionModule_zSubmodule_SpawnStructures_Base,/Script/Engine.Blueprint,/Game/Genesis2/Missions/ModularMission/MissionModule_Base.MissionModule_Base_C,/Script/ShooterGame.NewMissionModuleBase,1,"[""has_descendants"",""referenced_by_assets"",""cross_domain_references""]",79,39,0,3,0,0,,,64,top structural and demand signals within provisional tier
/Game/ScorchedEarth/Dinos/Wyvern/Wyvern_Chibi_AnimBP_BASE.Wyvern_Chibi_AnimBP_BASE,Wyvern_Chibi_AnimBP_BASE,/Script/Engine.AnimBlueprint,/Script/Engine.AnimInstance,UNKNOWN,1,"[""has_descendants"",""referenced_by_assets"",""cross_domain_references""]",78,84,0,7,0,0,,,65,top structural and demand signals within provisional tier
/Game/PrimalEarth/CoreBlueprints/HarvestComponents/UseHarvestComponent_Base.UseHarvestComponent_Base,UseHarvestComponent_Base,/Script/Engine.Blueprint,/Script/ShooterGame.PrimalHarvestingComponent,/Script/ShooterGame.PrimalHarvestingComponent,1,"[""has_descendants"",""referenced_by_assets"",""cross_domain_references""]",77,46,0,6,0,0,,,66,top structural and demand signals within provisional tier
/Game/Genesis/Dinos/Bots/Bot_Character_BP.Bot_Character_BP,Bot_Character_BP,/Script/Engine.Blueprint,/Script/ShooterGame.PrimalBotCharacter,/Script/ShooterGame.PrimalBotCharacter,1,"[""has_descendants"",""referenced_by_assets"",""cross_domain_references""]",77,75,0,5,0,0,,,67,top structural and demand signals within provisional tier
/Game/Effects/Blueprints/Emitters/Structures/Base_StructureTransition_Emitter.Base_StructureTransition_Emitter,Base_StructureTransition_Emitter,/Script/Engine.Blueprint,/Script/ShooterGame.PrimalEmitterSpawnable,/Script/ShooterGame.PrimalEmitterSpawnable,1,"[""has_descendants"",""referenced_by_assets"",""cross_domain_references""]",77,78,0,3,0,0,,,68,top structural and demand signals within provisional tier
/Game/PrimalEarth/CoreBlueprints/Weapons/PrimalItemWeaponGenericGun.PrimalItemWeaponGenericGun,PrimalItemWeaponGenericGun,/Script/Engine.Blueprint,/Game/PrimalEarth/CoreBlueprints/Weapons/PrimalItemWeaponGeneric.PrimalItemWeaponGeneric_C,/Script/ShooterGame.PrimalItem,1,"[""has_descendants"",""referenced_by_assets"",""cross_domain_references""]",76,36,0,9,0,0,,,69,top structural and demand signals within provisional tier
/Game/PrimalEarth/CoreBlueprints/Items/Consumables/PrimalItemConsumable_Egg_Medium.PrimalItemConsumable_Egg_Medium,PrimalItemConsumable_Egg_Medium,/Script/Engine.Blueprint,/Game/PrimalEarth/CoreBlueprints/Items/Consumables/PrimalItemConsumable_Egg.PrimalItemConsumable_Egg_C,/Script/ShooterGame.PrimalItem,1,"[""has_descendants"",""referenced_by_assets"",""cross_domain_references""]",76,29,0,7,0,0,,,70,top structural and demand signals within provisional tier
/cfcore_ui/Widgets/CFCoreWidget.CFCoreWidget,CFCoreWidget,/Script/UMGEditor.WidgetBlueprint,/Script/ShooterGame.PrimalUI,/Script/ShooterGame.PrimalUI,1,"[""has_descendants"",""referenced_by_assets"",""cross_domain_references""]",74,63,0,2,0,0,,,71,top structural and demand signals within provisional tier
/Game/Genesis2/Missions/MissionMetaType_Base.MissionMetaType_Base,MissionMetaType_Base,/Script/Engine.Blueprint,/Game/Genesis/Missions/MissionTypeBlueprintBase.MissionTypeBlueprintBase_C,/Script/ShooterGame.MissionType,1,"[""has_descendants"",""referenced_by_assets"",""cross_domain_references""]",74,15,0,2,0,0,,,72,top structural and demand signals within provisional tier
/Game/PrimalEarth/General/ExplosionEmitter.ExplosionEmitter,ExplosionEmitter,/Script/Engine.Blueprint,/Script/ShooterGame.PrimalEmitterSpawnable,/Script/ShooterGame.PrimalEmitterSpawnable,1,"[""has_descendants"",""referenced_by_assets""]",73,74,0,1,0,0,,,73,top structural and demand signals within provisional tier
/Game/PrimalEarth/CoreBlueprints/DamageTypes/DmgType_Melee_Human.DmgType_Melee_Human,DmgType_Melee_Human,/Script/Engine.Blueprint,/Game/PrimalEarth/CoreBlueprints/DamageTypes/DmgType_Melee.DmgType_Melee_C,/Script/ShooterGame.ShooterDamageType,1,"[""has_descendants"",""referenced_by_assets"",""cross_domain_references""]",71,58,0,9,0,0,,,74,top structural and demand signals within provisional tier
/Game/Packs/Wasteland/Vehicles/Car/BaseClasses/PrimalItem_Car_Equipment_Base.PrimalItem_Car_Equipment_Base,PrimalItem_Car_Equipment_Base,/Script/Engine.Blueprint,/Game/PrimalEarth/CoreBlueprints/Items/Armor/Base/PrimalItemArmor_SaddleGeneric.PrimalItemArmor_SaddleGeneric_C,/Script/ShooterGame.PrimalItem,1,"[""has_descendants"",""referenced_by_assets""]",71,12,0,1,0,0,,,75,top structural and demand signals within provisional tier
/Game/PrimalEarth/CoreBlueprints/BaseAnimBlueprints/DinoBlueprintBase_RootBoneName.DinoBlueprintBase_RootBoneName,DinoBlueprintBase_RootBoneName,/Script/Engine.AnimBlueprint,/Script/ShooterGame.PrimalDinoAnimInstance,/Script/ShooterGame.PrimalDinoAnimInstance,1,"[""has_descendants"",""referenced_by_assets"",""cross_domain_references""]",70,77,0,9,0,0,,,76,top structural and demand signals within provisional tier
/Game/Genesis/Missions/Race/MissionType_Race.MissionType_Race,MissionType_Race,/Script/Engine.Blueprint,/Game/Genesis/Missions/MissionTypeBlueprintBase.MissionTypeBlueprintBase_C,/Script/ShooterGame.MissionType,1,"[""has_descendants"",""referenced_by_assets"",""cross_domain_references""]",69,30,0,3,0,0,,,77,top structural and demand signals within provisional tier
/Game/PrimalEarth/CoreBlueprints/GeneTraits/TraitBPs/Trait_Base.Trait_Base,Trait_Base,/Script/Engine.Blueprint,/Script/ShooterGame.GeneTrait,/Script/ShooterGame.GeneTrait,1,"[""has_descendants"",""referenced_by_assets""]",69,37,0,1,0,0,,,78,top structural and demand signals within provisional tier
/Game/PrimalEarth/Structures/Tileset/RailingsHalf/StructureBase_Railing_Half.StructureBase_Railing_Half,StructureBase_Railing_Half,/Script/Engine.Blueprint,/Game/PrimalEarth/Structures/BuildingBases/TilesetBases/StructureBase_Railing.StructureBase_Railing_C,/Script/ShooterGame.PrimalStructure,1,"[""has_descendants"",""referenced_by_assets""]",69,21,0,1,0,0,,,79,top structural and demand signals within provisional tier
/Game/LostColony/Missions/Overworld/Outpost/Attack/Base/MissionType_LC_Outpost_Attack_Base.MissionType_LC_Outpost_Attack_Base,MissionType_LC_Outpost_Attack_Base,/Script/Engine.Blueprint,/Game/LostColony/Missions/Overworld/Outpost/Base/MissionType_LC_Outpost_Base.MissionType_LC_Outpost_Base_C,/Script/ShooterGame.MissionType_ModularMissionBase,1,"[""has_descendants"",""referenced_by_assets""]",69,6,0,1,0,0,,,80,top structural and demand signals within provisional tier
/Game/PrimalEarth/CoreBlueprints/Weapons/WeapBaseMelee.WeapBaseMelee,WeapBaseMelee,/Script/Engine.Blueprint,/Script/ShooterGame.ShooterWeapon_Melee,/Script/ShooterGame.ShooterWeapon_Melee,1,"[""has_descendants"",""referenced_by_assets""]",69,3,0,1,0,0,,,81,top structural and demand signals within provisional tier
/Game/PrimalEarth/CoreBlueprints/DamageTypes/DmgType_Explosion.DmgType_Explosion,DmgType_Explosion,/Script/Engine.Blueprint,/Game/PrimalEarth/CoreBlueprints/DamageTypes/ShooterDamageTypeBP_Base.ShooterDamageTypeBP_Base_C,/Script/ShooterGame.ShooterDamageType,1,"[""has_descendants"",""referenced_by_assets"",""cross_domain_references""]",68,147,0,12,0,0,,,82,top structural and demand signals within provisional tier
/Game/PrimalEarth/CoreBlueprints/DamageTypes/DmgType_Melee_Torpidity.DmgType_Melee_Torpidity,DmgType_Melee_Torpidity,/Script/Engine.Blueprint,/Game/PrimalEarth/CoreBlueprints/DamageTypes/DmgType_Melee_Human.DmgType_Melee_Human_C,/Script/ShooterGame.ShooterDamageType,1,"[""has_descendants"",""referenced_by_assets"",""cross_domain_references""]",67,24,0,9,0,0,,,83,top structural and demand signals within provisional tier
/Game/PrimalEarth/CoreBlueprints/Items/Consumables/PrimalItemConsumable_Egg_Large.PrimalItemConsumable_Egg_Large,PrimalItemConsumable_Egg_Large,/Script/Engine.Blueprint,/Game/PrimalEarth/CoreBlueprints/Items/Consumables/PrimalItemConsumable_Egg.PrimalItemConsumable_Egg_C,/Script/ShooterGame.PrimalItem,1,"[""has_descendants"",""referenced_by_assets"",""cross_domain_references""]",65,29,0,9,0,0,,,84,top structural and demand signals within provisional tier
/Game/LostColony/CoreBlueprints/Skills/Buffs/Buff_Skill_Base.Buff_Skill_Base,Buff_Skill_Base,/Script/Engine.Blueprint,/Script/ShooterGame.PrimalBuff_Skill,/Script/ShooterGame.PrimalBuff_Skill,1,"[""has_descendants"",""referenced_by_assets"",""cross_domain_references""]",64,53,0,2,0,0,,,85,top structural and demand signals within provisional tier
/Game/PrimalEarth/CoreBlueprints/HarvestComponents/StoneHarvestComponent.StoneHarvestComponent,StoneHarvestComponent,/Script/Engine.Blueprint,/Game/PrimalEarth/CoreBlueprints/HarvestComponents/AttackHarvestComponent_Base.AttackHarvestComponent_Base_C,/Script/ShooterGame.PrimalHarvestingComponent,1,"[""has_descendants"",""referenced_by_assets"",""cross_domain_references""]",61,4132,0,14,0,0,,,86,top structural and demand signals within provisional tier
/Game/PrimalEarth/CoreBlueprints/Buffs/Buff_Base_AoE.Buff_Base_AoE,Buff_Base_AoE,/Script/Engine.Blueprint,/Game/PrimalEarth/CoreBlueprints/Buffs/Buff_Base.Buff_Base_C,/Script/ShooterGame.PrimalBuff,1,"[""has_descendants"",""referenced_by_assets"",""cross_domain_references""]",61,155,0,10,0,0,,,87,top structural and demand signals within provisional tier
/Game/PrimalEarth/CoreBlueprints/Items/Structures/BuildingBases/PrimalItemStructure_BaseWall.PrimalItemStructure_BaseWall,PrimalItemStructure_BaseWall,/Script/Engine.Blueprint,/Game/PrimalEarth/CoreBlueprints/Items/Structures/BuildingBases/PrimalItemStructureGeneric.PrimalItemStructureGeneric_C,/Script/ShooterGame.PrimalItem,1,"[""has_descendants"",""referenced_by_assets"",""cross_domain_references""]",61,30,0,4,0,0,,,88,top structural and demand signals within provisional tier
/Game/PrimalEarth/CoreBlueprints/Weapons/PrimalItemWeaponGenericNoStats.PrimalItemWeaponGenericNoStats,PrimalItemWeaponGenericNoStats,/Script/Engine.Blueprint,/Game/PrimalEarth/CoreBlueprints/Weapons/PrimalItemWeaponGenericAmmoless.PrimalItemWeaponGenericAmmoless_C,/Script/ShooterGame.PrimalItem,1,"[""has_descendants"",""referenced_by_assets"",""cross_domain_references""]",61,12,0,3,0,0,,,89,top structural and demand signals within provisional tier
/Game/Packs/Wasteland/CoreBlueprints/ItemTraits/PrimalItem_ItemTrait_Base.PrimalItem_ItemTrait_Base,PrimalItem_ItemTrait_Base,/Script/Engine.Blueprint,/Script/ShooterGame.PrimalItem_ItemTrait,/Script/ShooterGame.PrimalItem_ItemTrait,1,"[""has_descendants"",""referenced_by_assets""]",61,61,0,1,0,0,,,90,top structural and demand signals within provisional tier
/Game/Packs/Wasteland/CoreBlueprints/ItemTraits/PrimalItemTrait_Base.PrimalItemTrait_Base,PrimalItemTrait_Base,/Script/Engine.Blueprint,/Script/ShooterGame.PrimalItemTrait,/Script/ShooterGame.PrimalItemTrait,1,"[""has_descendants"",""referenced_by_assets""]",61,21,0,1,0,0,,,91,top structural and demand signals within provisional tier
/Game/PrimalEarth/CoreBlueprints/Items/Notes/PrimalItem_Note.PrimalItem_Note,PrimalItem_Note,/Script/Engine.Blueprint,/Game/PrimalEarth/CoreBlueprints/Items/PrimalItem_Base.PrimalItem_Base_C,/Script/ShooterGame.PrimalItem,1,"[""has_descendants"",""referenced_by_assets"",""cross_domain_references""]",60,10,0,2,0,0,,,92,top structural and demand signals within provisional tier
/Game/PrimalEarth/Structures/Skins/StructureSkinBase_MultiSwap.StructureSkinBase_MultiSwap,StructureSkinBase_MultiSwap,/Script/Engine.Blueprint,/Game/PrimalEarth/Structures/Skins/StructureSkinBase.StructureSkinBase_C,/Script/ShooterGame.PrimalStructureItemContainer,1,"[""has_descendants"",""referenced_by_assets"",""cross_domain_references""]",59,60,0,12,0,0,,,93,top structural and demand signals within provisional tier
/Game/PrimalEarth/Dinos/BaseBPs/DinoSettings_Herbivore.DinoSettings_Herbivore,DinoSettings_Herbivore,/Script/Engine.Blueprint,/Game/PrimalEarth/Dinos/BaseBPs/DinoSettings_Base.DinoSettings_Base_C,/Script/ShooterGame.PrimalDinoSettings,1,"[""has_descendants"",""referenced_by_assets""]",59,7,0,1,0,0,,,94,top structural and demand signals within provisional tier
/Game/Genesis2/Missions/ModularMission/MissionModule_zSubmodule_FireProjectiles_Base.MissionModule_zSubmodule_FireProjectiles_Base,MissionModule_zSubmodule_FireProjectiles_Base,/Script/Engine.Blueprint,/Game/Genesis2/Missions/ModularMission/MissionModule_Base.MissionModule_Base_C,/Script/ShooterGame.NewMissionModuleBase,1,"[""has_descendants"",""referenced_by_assets""]",59,5,0,1,0,0,,,95,top structural and demand signals within provisional tier
/Game/PrimalEarth/CoreBlueprints/Items/Consumables/PrimalItemConsumable_Kibble_Base.PrimalItemConsumable_Kibble_Base,PrimalItemConsumable_Kibble_Base,/Script/Engine.Blueprint,/Game/PrimalEarth/CoreBlueprints/Items/Consumables/BaseBPs/PrimalItemConsumableEatable.PrimalItemConsumableEatable_C,/Script/ShooterGame.PrimalItem,1,"[""has_descendants"",""referenced_by_assets"",""cross_domain_references""]",58,91,0,12,0,0,,,96,top structural and demand signals within provisional tier
/Game/PrimalEarth/CoreBlueprints/Items/Notes/PrimalItem_RecipeNote_Base.PrimalItem_RecipeNote_Base,PrimalItem_RecipeNote_Base,/Script/Engine.Blueprint,/Game/PrimalEarth/CoreBlueprints/Items/Notes/PrimalItem_Note.PrimalItem_Note_C,/Script/ShooterGame.PrimalItem,1,"[""has_descendants"",""referenced_by_assets""]",58,58,0,1,0,0,,,97,top structural and demand signals within provisional tier
/Game/PrimalEarth/CoreBlueprints/HarvestComponents/StoneHarvestComponent_RequiresMetal.StoneHarvestComponent_RequiresMetal,StoneHarvestComponent_RequiresMetal,/Script/Engine.Blueprint,/Game/PrimalEarth/CoreBlueprints/HarvestComponents/StoneHarvestComponent.StoneHarvestComponent_C,/Script/ShooterGame.PrimalHarvestingComponent,1,"[""has_descendants"",""referenced_by_assets"",""cross_domain_references""]",57,41,0,8,0,0,,,98,top structural and demand signals within provisional tier
/Game/PrimalEarth/Structures/BuildingBases/TilesetBases/StructureBase_Floor.StructureBase_Floor,StructureBase_Floor,/Script/Engine.Blueprint,/Game/PrimalEarth/Structures/BuildingBases/StructureBaseBP.StructureBaseBP_C,/Script/ShooterGame.PrimalStructure,1,"[""has_descendants"",""referenced_by_assets"",""cross_domain_references""]",57,55,0,3,0,0,,,99,top structural and demand signals within provisional tier
/Game/PrimalEarth/Structures/Tileset/Pillars/StructureBase_Pillar.StructureBase_Pillar,StructureBase_Pillar,/Script/Engine.Blueprint,/Game/PrimalEarth/Structures/BuildingBases/StructureBaseBP.StructureBaseBP_C,/Script/ShooterGame.PrimalStructure,1,"[""has_descendants"",""referenced_by_assets"",""cross_domain_references""]",57,56,0,2,0,0,,,100,top structural and demand signals within provisional tier
/Game/PrimalEarth/CoreBlueprints/DamageTypes/DmgType_Melee_Dino_Carnivore_Small.DmgType_Melee_Dino_Carnivore_Small,DmgType_Melee_Dino_Carnivore_Small,/Script/Engine.Blueprint,/Game/PrimalEarth/CoreBlueprints/DamageTypes/DmgType_Melee_Dino_Carnivore.DmgType_Melee_Dino_Carnivore_C,/Script/ShooterGame.ShooterDamageType,1,"[""has_descendants"",""referenced_by_assets"",""cross_domain_references""]",56,129,0,11,0,0,,,101,top structural and demand signals within provisional tier
/Game/PrimalEarth/CoreBlueprints/Items/Consumables/PrimalItemConsumable_Egg_Small.PrimalItemConsumable_Egg_Small,PrimalItemConsumable_Egg_Small,/Script/Engine.Blueprint,/Game/PrimalEarth/CoreBlueprints/Items/Consumables/PrimalItemConsumable_Egg.PrimalItemConsumable_Egg_C,/Script/ShooterGame.PrimalItem,1,"[""has_descendants"",""referenced_by_assets"",""cross_domain_references""]",55,23,0,8,0,0,,,102,top structural and demand signals within provisional tier
/Game/PrimalEarth/CoreBlueprints/Items/Consumables/PrimalItemConsumable_Kibble_Base_XSmall.PrimalItemConsumable_Kibble_Base_XSmall,PrimalItemConsumable_Kibble_Base_XSmall,/Script/Engine.Blueprint,/Game/PrimalEarth/CoreBlueprints/Items/Consumables/PrimalItemConsumable_Kibble_Base.PrimalItemConsumable_Kibble_Base_C,/Script/ShooterGame.PrimalItem,1,"[""has_descendants"",""referenced_by_assets"",""cross_domain_references""]",55,39,0,7,0,0,,,103,top structural and demand signals within provisional tier
/Game/PrimalEarth/Dinos/Raptor/Raptor_Character_BP.Raptor_Character_BP,Raptor_Character_BP,/Script/Engine.Blueprint,/Game/PrimalEarth/CoreBlueprints/Dino_Character_BP_Pack.Dino_Character_BP_Pack_C,/Script/ShooterGame.PrimalDinoCharacter,1,"[""has_descendants"",""referenced_by_assets"",""cross_domain_references""]",53,136,0,20,0,0,,,104,top structural and demand signals within provisional tier
/Game/PrimalEarth/CoreBlueprints/Weapons/PrimalItemAmmo_Base.PrimalItemAmmo_Base,PrimalItemAmmo_Base,/Script/Engine.Blueprint,/Game/PrimalEarth/CoreBlueprints/Items/PrimalItem_Base.PrimalItem_Base_C,/Script/ShooterGame.PrimalItem,1,"[""has_descendants"",""referenced_by_assets"",""cross_domain_references""]",53,32,0,8,0,0,,,105,top structural and demand signals within provisional tier
/Game/PrimalEarth/CoreBlueprints/Items/Consumables/Seeds/PrimalItemConsumableSeed.PrimalItemConsumableSeed,PrimalItemConsumableSeed,/Script/Engine.Blueprint,/Game/PrimalEarth/CoreBlueprints/Items/Consumables/BaseBPs/PrimalItemConsumableEatable.PrimalItemConsumableEatable_C,/Script/ShooterGame.PrimalItem,1,"[""has_descendants"",""referenced_by_assets"",""cross_domain_references""]",52,28,0,9,0,0,,,106,top structural and demand signals within provisional tier
/Game/PrimalEarth/Structures/BaseFuelBurner.BaseFuelBurner,BaseFuelBurner,/Script/Engine.Blueprint,/Game/PrimalEarth/Structures/BuildingBases/StructureItemContainerBaseBP.StructureItemContainerBaseBP_C,/Script/ShooterGame.PrimalStructureItemContainer,1,"[""has_descendants"",""referenced_by_assets"",""cross_domain_references""]",51,24,0,4,0,0,,,107,top structural and demand signals within provisional tier
/Game/Packs/Frontier/CoreBlueprints/Engrams/EngramEntry_Frontier_BASE.EngramEntry_Frontier_BASE,EngramEntry_Frontier_BASE,/Script/Engine.Blueprint,/Script/ShooterGame.PrimalEngramEntry,/Script/ShooterGame.PrimalEngramEntry,1,"[""has_descendants"",""referenced_by_assets"",""cross_domain_references""]",50,50,0,3,0,0,,,108,top structural and demand signals within provisional tier
/Game/PrimalEarth/CoreBlueprints/Dino_Character_BP_NoBossArena.Dino_Character_BP_NoBossArena,Dino_Character_BP_NoBossArena,/Script/Engine.Blueprint,/Game/PrimalEarth/CoreBlueprints/Dino_Character_BP.Dino_Character_BP_C,/Script/ShooterGame.PrimalDinoCharacter,1,"[""has_descendants"",""referenced_by_assets"",""cross_domain_references""]",50,7,0,3,0,0,,,109,top structural and demand signals within provisional tier
/Game/PrimalEarth/CoreBlueprints/Inventories/DinoDropInventoryComponent_Carnivore_Huge.DinoDropInventoryComponent_Carnivore_Huge,DinoDropInventoryComponent_Carnivore_Huge,/Script/Engine.Blueprint,/Game/PrimalEarth/CoreBlueprints/Inventories/DinoDropInventoryComponent_BP_Base.DinoDropInventoryComponent_BP_Base_C,UNKNOWN,1,"[""has_descendants"",""referenced_by_assets"",""cross_domain_references""]",49,35,0,8,0,0,,,110,top structural and demand signals within provisional tier
/Game/PrimalEarth/CoreBlueprints/ItemLootSets/LootItemSet_SupplyDrop_ASA_Base.LootItemSet_SupplyDrop_ASA_Base,LootItemSet_SupplyDrop_ASA_Base,/Script/Engine.Blueprint,/Script/ShooterGame.PrimalSupplyCrateItemSet,/Script/ShooterGame.PrimalSupplyCrateItemSet,1,"[""has_descendants"",""referenced_by_assets"",""cross_domain_references""]",49,41,0,5,0,0,,,111,top structural and demand signals within provisional tier
/Game/Base/GameplayComponents/GameComp_Base.GameComp_Base,GameComp_Base,/Script/Engine.Blueprint,/Script/Engine.SceneComponent,/Script/Engine.SceneComponent,1,"[""has_descendants"",""referenced_by_assets"",""cross_domain_references""]",49,34,0,4,0,0,,,112,top structural and demand signals within provisional tier
/Game/Genesis2/Missions/ModularMission/ShootingGallery/ShootingGallery_Submodule_FireProjectiles_Main.ShootingGallery_Submodule_FireProjectiles_Main,ShootingGallery_Submodule_FireProjectiles_Main,/Script/Engine.Blueprint,/Game/Genesis2/Missions/ModularMission/MissionModule_zSubmodule_FireProjectiles_Base.MissionModule_zSubmodule_FireProjectiles_Base_C,UNKNOWN,1,"[""has_descendants"",""referenced_by_assets""]",48,17,0,1,0,0,,,113,top structural and demand signals within provisional tier
/Game/PrimalEarth/CoreBlueprints/ItemLootSets/LootItemSet_CaveDrop_ASA_Base.LootItemSet_CaveDrop_ASA_Base,LootItemSet_CaveDrop_ASA_Base,/Script/Engine.Blueprint,/Script/ShooterGame.PrimalSupplyCrateItemSet,/Script/ShooterGame.PrimalSupplyCrateItemSet,1,"[""has_descendants"",""referenced_by_assets"",""cross_domain_references""]",47,47,0,2,0,0,,,114,top structural and demand signals within provisional tier
/Game/PrimalEarth/CoreBlueprints/Inventories/PrimalInventoryBP_StorageBox_Base.PrimalInventoryBP_StorageBox_Base,PrimalInventoryBP_StorageBox_Base,/Script/Engine.Blueprint,/Script/ShooterGame.PrimalInventoryComponent,/Script/ShooterGame.PrimalInventoryComponent,1,"[""has_descendants"",""referenced_by_assets"",""cross_domain_references""]",46,41,0,6,0,0,,,115,top structural and demand signals within provisional tier
/Game/PrimalEarth/CoreBlueprints/Projectiles/ProjArrow.ProjArrow,ProjArrow,/Script/Engine.Blueprint,/Script/ShooterGame.PrimalProjectileArrow,/Script/ShooterGame.PrimalProjectileArrow,1,"[""has_descendants"",""referenced_by_assets"",""cross_domain_references""]",46,39,0,6,0,0,,,116,top structural and demand signals within provisional tier
/Game/PrimalEarth/CoreBlueprints/Weapons/PrimalItemWeaponGenericAmmolessConsumeSelf.PrimalItemWeaponGenericAmmolessConsumeSelf,PrimalItemWeaponGenericAmmolessConsumeSelf,/Script/Engine.Blueprint,/Game/PrimalEarth/CoreBlueprints/Weapons/PrimalItemWeaponGenericNoStats.PrimalItemWeaponGenericNoStats_C,/Script/ShooterGame.PrimalItem,1,"[""has_descendants"",""referenced_by_assets""]",46,26,0,1,0,0,,,117,top structural and demand signals within provisional tier
/Game/PrimalEarth/CoreBlueprints/DinoCharacterStatusComponent_BP_FlyerRide.DinoCharacterStatusComponent_BP_FlyerRide,DinoCharacterStatusComponent_BP_FlyerRide,/Script/Engine.Blueprint,/Game/PrimalEarth/CoreBlueprints/DinoCharacterStatusComponent_BP.DinoCharacterStatusComponent_BP_C,UNKNOWN,1,"[""has_descendants"",""referenced_by_assets"",""cross_domain_references""]",45,24,0,11,0,0,,,118,top structural and demand signals within provisional tier
/Game/PrimalEarth/CoreBlueprints/Items/Consumables/PrimalItemConsumable_Kibble_Base_Small.PrimalItemConsumable_Kibble_Base_Small,PrimalItemConsumable_Kibble_Base_Small,/Script/Engine.Blueprint,/Game/PrimalEarth/CoreBlueprints/Items/Consumables/PrimalItemConsumable_Kibble_Base_XSmall.PrimalItemConsumable_Kibble_Base_XSmall_C,/Script/ShooterGame.PrimalItem,1,"[""has_descendants"",""referenced_by_assets"",""cross_domain_references""]",45,54,0,8,0,0,,,119,top structural and demand signals within provisional tier
/Game/PrimalEarth/Structures/BuildingBases/SupplyCrateBaseBP.SupplyCrateBaseBP,SupplyCrateBaseBP,/Script/Engine.Blueprint,/Script/ShooterGame.PrimalStructureItemContainer_SupplyCrate,/Script/ShooterGame.PrimalStructureItemContainer_SupplyCrate,1,"[""has_descendants"",""referenced_by_assets"",""cross_domain_references""]",45,48,0,8,0,0,,,120,top structural and demand signals within provisional tier
/Game/PrimalEarth/Dinos/BaseBPs/DinoSettings_Carnivore_Huge.DinoSettings_Carnivore_Huge,DinoSettings_Carnivore_Huge,/Script/Engine.Blueprint,/Game/PrimalEarth/Dinos/BaseBPs/DinoSettings_Carnivore.DinoSettings_Carnivore_C,/Script/ShooterGame.PrimalDinoSettings,1,"[""has_descendants"",""referenced_by_assets"",""cross_domain_references""]",44,35,0,9,0,0,,,121,top structural and demand signals within provisional tier
/Game/PrimalEarth/Structures/BuildingBases/Wall_Base_Small_SM.Wall_Base_Small_SM,Wall_Base_Small_SM,/Script/Engine.Blueprint,/Game/PrimalEarth/Structures/BuildingBases/StructureBaseBP.StructureBaseBP_C,/Script/ShooterGame.PrimalStructure,1,"[""has_descendants"",""referenced_by_assets"",""cross_domain_references""]",44,48,0,6,0,0,,,122,top structural and demand signals within provisional tier
/Game/PrimalEarth/General/SupplyCrateExplosion.SupplyCrateExplosion,SupplyCrateExplosion,/Script/Engine.Blueprint,/Script/ShooterGame.PrimalEmitterSpawnable,UNKNOWN,1,"[""has_descendants"",""referenced_by_assets"",""cross_domain_references""]",44,39,0,6,0,0,,,123,top structural and demand signals within provisional tier
/Game/PrimalEarth/CoreBlueprints/Items/Armor/Skin/PrimalItemSkin_SummerSwimShirt_Base.PrimalItemSkin_SummerSwimShirt_Base,PrimalItemSkin_SummerSwimShirt_Base,/Script/Engine.Blueprint,/Game/PrimalEarth/Test/PrimalItemSkinGeneric.PrimalItemSkinGeneric_C,/Script/ShooterGame.PrimalItem,1,"[""has_descendants"",""referenced_by_assets""]",44,44,0,1,0,0,,,124,top structural and demand signals within provisional tier
/Game/Genesis/Missions/Ocean/Outpost/Ocean/Base/Modules/Sub/MissionSubModule_SpawnCreatures_Gen_Outpost_Ocean_Base.MissionSubModule_SpawnCreatures_Gen_Outpost_Ocean_Base,MissionSubModule_SpawnCreatures_Gen_Outpost_Ocean_Base,/Script/Engine.Blueprint,/Game/LostColony/Missions/Overworld/Base/Modules/MissionSubModule_SpawnCreatures_LC_Overworld_Base.MissionSubModule_SpawnCreatures_LC_Overworld_Base_C,/Script/ShooterGame.NewMissionModuleBase,1,"[""has_descendants"",""referenced_by_assets""]",44,14,0,1,0,0,,,125,top structural and demand signals within provisional tier
/Game/PrimalEarth/CoreBlueprints/DamageTypes/DmgType_Instant.DmgType_Instant,DmgType_Instant,/Script/Engine.Blueprint,/Game/PrimalEarth/CoreBlueprints/DamageTypes/ShooterDamageTypeBP_Base.ShooterDamageTypeBP_Base_C,/Script/ShooterGame.ShooterDamageType,1,"[""has_descendants"",""referenced_by_assets"",""cross_domain_references""]",43,890,0,19,0,0,,,126,top structural and demand signals within provisional tier
/Game/PrimalEarth/CoreBlueprints/DamageTypes/DmgType_Melee_Dino_Carnivore_Medium.DmgType_Melee_Dino_Carnivore_Medium,DmgType_Melee_Dino_Carnivore_Medium,/Script/Engine.Blueprint,/Game/PrimalEarth/CoreBlueprints/DamageTypes/DmgType_Melee_Dino_Carnivore.DmgType_Melee_Dino_Carnivore_C,/Script/ShooterGame.ShooterDamageType,1,"[""has_descendants"",""referenced_by_assets"",""cross_domain_references""]",43,112,0,11,0,0,,,127,top structural and demand signals within provisional tier
/Game/PrimalEarth/Dinos/BaseBPs/DinoSettings_Carnivore_Medium.DinoSettings_Carnivore_Medium,DinoSettings_Carnivore_Medium,/Script/Engine.Blueprint,/Game/PrimalEarth/Dinos/BaseBPs/DinoSettings_Carnivore.DinoSettings_Carnivore_C,/Script/ShooterGame.PrimalDinoSettings,1,"[""has_descendants"",""referenced_by_assets"",""cross_domain_references""]",43,34,0,11,0,0,,,128,top structural and demand signals within provisional tier
/Game/PrimalEarth/CoreBlueprints/Items/Consumables/PrimalItemConsumable_Egg_XtraLarge.PrimalItemConsumable_Egg_XtraLarge,PrimalItemConsumable_Egg_XtraLarge,/Script/Engine.Blueprint,/Game/PrimalEarth/CoreBlueprints/Items/Consumables/PrimalItemConsumable_Egg.PrimalItemConsumable_Egg_C,/Script/ShooterGame.PrimalItem,1,"[""has_descendants"",""referenced_by_assets"",""cross_domain_references""]",43,17,0,7,0,0,,,129,top structural and demand signals within provisional tier
/Game/Genesis2/Missions/ModularMission/Structures/MissionModule_zSubmodule_ActivateSlidingMissionDoor.MissionModule_zSubmodule_ActivateSlidingMissionDoor,MissionModule_zSubmodule_ActivateSlidingMissionDoor,/Script/Engine.Blueprint,/Game/Genesis2/Missions/ModularMission/MissionModule_Base.MissionModule_Base_C,UNKNOWN,1,"[""has_descendants"",""referenced_by_assets"",""cross_domain_references""]",43,27,0,2,0,0,,,130,top structural and demand signals within provisional tier
/Game/Base/GameplayComponents/Mechanics/StateMachine/v3/StateReqs/StateReq_Base_v3.StateReq_Base_v3,StateReq_Base_v3,/Script/Engine.Blueprint,/Script/ShooterGame.Object_WithWorldContext,/Script/ShooterGame.Object_WithWorldContext,1,"[""has_descendants"",""referenced_by_assets"",""cross_domain_references""]",43,18,0,2,0,0,,,131,top structural and demand signals within provisional tier
/Game/PrimalEarth/CoreBlueprints/Dino_Character_BP_Climber.Dino_Character_BP_Climber,Dino_Character_BP_Climber,/Script/Engine.Blueprint,/Game/PrimalEarth/CoreBlueprints/Dino_Character_BP_NoBossArena.Dino_Character_BP_NoBossArena_C,/Script/ShooterGame.PrimalDinoCharacter,1,"[""has_descendants"",""referenced_by_assets"",""cross_domain_references""]",42,39,0,6,0,0,,,132,top structural and demand signals within provisional tier
/Game/PrimalEarth/Structures/Tileset/SlopedWalls/StructureBase_Wall_Sloped.StructureBase_Wall_Sloped,StructureBase_Wall_Sloped,/Script/Engine.Blueprint,/Game/PrimalEarth/Structures/BuildingBases/StructureBaseBP.StructureBaseBP_C,/Script/ShooterGame.PrimalStructure,1,"[""has_descendants"",""referenced_by_assets"",""cross_domain_references""]",42,36,0,3,0,0,,,133,top structural and demand signals within provisional tier
/Game/Genesis2/Missions/ModularMission/MissionModule_Kill_Base.MissionModule_Kill_Base,MissionModule_Kill_Base,/Script/Engine.Blueprint,/Game/Genesis2/Missions/ModularMission/MissionModule_Base.MissionModule_Base_C,/Script/ShooterGame.NewMissionModuleBase,1,"[""has_descendants"",""referenced_by_assets""]",42,10,0,1,0,0,,,134,top structural and demand signals within provisional tier
/Game/Genesis/CoreBlueprints/HLNA/MissonCompanionData_Base.MissonCompanionData_Base,MissonCompanionData_Base,/Script/Engine.Blueprint,/Script/ShooterGame.PrimalStaticData_MissionCompanionData,UNKNOWN,1,"[""has_descendants"",""referenced_by_assets"",""cross_domain_references""]",41,43,0,2,0,0,,,135,top structural and demand signals within provisional tier
/Game/PrimalEarth/CoreBlueprints/DamageTypes/DmgType_Melee_Dino_Herbivore.DmgType_Melee_Dino_Herbivore,DmgType_Melee_Dino_Herbivore,/Script/Engine.Blueprint,/Game/PrimalEarth/CoreBlueprints/DamageTypes/DmgType_Melee_Dino.DmgType_Melee_Dino_C,/Script/ShooterGame.ShooterDamageType,1,"[""has_descendants"",""referenced_by_assets"",""cross_domain_references""]",40,94,0,9,0,0,,,136,top structural and demand signals within provisional tier
/Game/PrimalEarth/CoreBlueprints/Buffs/Buff_Stunned.Buff_Stunned,Buff_Stunned,/Script/Engine.Blueprint,/Game/PrimalEarth/CoreBlueprints/Buffs/Buff_Base.Buff_Base_C,/Script/ShooterGame.PrimalBuff,1,"[""has_descendants"",""referenced_by_assets"",""cross_domain_references""]",40,44,0,8,0,0,,,137,top structural and demand signals within provisional tier
/Game/PrimalEarth/CoreBlueprints/Inventories/DinoDropInventoryComponent_Carnivore_Small.DinoDropInventoryComponent_Carnivore_Small,DinoDropInventoryComponent_Carnivore_Small,/Script/Engine.Blueprint,/Game/PrimalEarth/CoreBlueprints/Inventories/DinoDropInventoryComponent_BP_Base.DinoDropInventoryComponent_BP_Base_C,UNKNOWN,1,"[""has_descendants"",""referenced_by_assets"",""cross_domain_references""]",40,38,0,5,0,0,,,138,top structural and demand signals within provisional tier
/Game/Base/GameplayComponents/v2/Buff_GameComp_Base_V3.Buff_GameComp_Base_V3,Buff_GameComp_Base_V3,/Script/Engine.Blueprint,/Game/PrimalEarth/CoreBlueprints/Buffs/Buff_Base.Buff_Base_C,/Script/ShooterGame.PrimalBuff,1,"[""has_descendants"",""referenced_by_assets"",""cross_domain_references""]",39,34,0,2,0,0,,,139,top structural and demand signals within provisional tier
/Game/PrimalEarth/CoreBlueprints/Buffs/Buff_Base_Disease.Buff_Base_Disease,Buff_Base_Disease,/Script/Engine.Blueprint,/Game/PrimalEarth/CoreBlueprints/Buffs/Buff_Base.Buff_Base_C,/Script/ShooterGame.PrimalBuff,1,"[""has_descendants"",""referenced_by_assets""]",39,1,0,1,0,0,,,140,top structural and demand signals within provisional tier
/Game/PrimalEarth/Structures/BuildingBases/StructureSeatingBaseBP.StructureSeatingBaseBP,StructureSeatingBaseBP,/Script/Engine.Blueprint,/Script/ShooterGame.PrimalStructureSeating,/Script/ShooterGame.PrimalStructureSeating,1,"[""has_descendants"",""referenced_by_assets"",""cross_domain_references""]",38,55,0,6,0,0,,,141,top structural and demand signals within provisional tier
/Game/PrimalEarth/CoreBlueprints/Resources/PrimalItemResourceGeneric_ApexDrop.PrimalItemResourceGeneric_ApexDrop,PrimalItemResourceGeneric_ApexDrop,/Script/Engine.Blueprint,/Game/PrimalEarth/CoreBlueprints/Resources/PrimalItemResourceGeneric.PrimalItemResourceGeneric_C,/Script/ShooterGame.PrimalItem,1,"[""has_descendants"",""referenced_by_assets"",""cross_domain_references""]",38,40,0,6,0,0,,,142,top structural and demand signals within provisional tier
/Game/PrimalEarth/CoreBlueprints/Buffs/Buff_Base_Disease_Low.Buff_Base_Disease_Low,Buff_Base_Disease_Low,/Script/Engine.Blueprint,/Game/PrimalEarth/CoreBlueprints/Buffs/Buff_Base_Disease.Buff_Base_Disease_C,/Script/ShooterGame.PrimalBuff,1,"[""has_descendants"",""referenced_by_assets"",""cross_domain_references""]",38,23,0,4,0,0,,,143,top structural and demand signals within provisional tier
/Game/Packs/Wasteland/Vehicles/Car/BaseClasses/Buff_VehicleAttachment_Base.Buff_VehicleAttachment_Base,Buff_VehicleAttachment_Base,/Script/Engine.Blueprint,/Script/ShooterGame.PrimalBuff,/Script/ShooterGame.PrimalBuff,1,"[""has_descendants"",""referenced_by_assets""]",38,32,0,1,0,0,,,144,top structural and demand signals within provisional tier
/Game/PrimalEarth/Dinos/Rex/Rex_Character_BP.Rex_Character_BP,Rex_Character_BP,/Script/Engine.Blueprint,/Game/PrimalEarth/CoreBlueprints/Dino_Character_BP.Dino_Character_BP_C,/Script/ShooterGame.PrimalDinoCharacter,1,"[""has_descendants"",""referenced_by_assets"",""cross_domain_references""]",37,106,0,16,0,0,,,145,top structural and demand signals within provisional tier
/Game/PrimalEarth/Structures/BuildingBases/SupplyCrate_Cave_BASE.SupplyCrate_Cave_BASE,SupplyCrate_Cave_BASE,/Script/Engine.Blueprint,/Game/PrimalEarth/Structures/BuildingBases/SupplyCrateBaseBP_Instantaneous.SupplyCrateBaseBP_Instantaneous_C,/Script/ShooterGame.PrimalStructureItemContainer_SupplyCrate,1,"[""has_descendants"",""referenced_by_assets"",""cross_domain_references""]",37,21,0,5,0,0,,,146,top structural and demand signals within provisional tier
/Game/ScorchedEarth/Effects/Blueprints/BP_Emitter_Master.BP_Emitter_Master,BP_Emitter_Master,/Script/Engine.Blueprint,/Script/Engine.Emitter,UNKNOWN,1,"[""has_descendants"",""referenced_by_assets"",""cross_domain_references""]",36,38,0,6,0,0,,,147,top structural and demand signals within provisional tier
/Game/PrimalEarth/CoreBlueprints/Items/Armor/Base/PrimalItemArmor_BaseShirt.PrimalItemArmor_BaseShirt,PrimalItemArmor_BaseShirt,/Script/Engine.Blueprint,/Game/PrimalEarth/CoreBlueprints/Items/Armor/Base/PrimalItemArmorGeneric.PrimalItemArmorGeneric_C,/Script/ShooterGame.PrimalItem,1,"[""has_descendants"",""referenced_by_assets"",""cross_domain_references""]",35,52,0,13,0,0,,,148,top structural and demand signals within provisional tier
/Game/Aberration/Dinos/Nameless/Xenomorph_Character_BP.Xenomorph_Character_BP,Xenomorph_Character_BP,/Script/Engine.Blueprint,/Game/PrimalEarth/CoreBlueprints/Dino_Character_BP.Dino_Character_BP_C,/Script/ShooterGame.PrimalDinoCharacter,1,"[""has_descendants"",""referenced_by_assets"",""cross_domain_references""]",35,43,0,8,0,0,,,149,top structural and demand signals within provisional tier
/Game/PrimalEarth/Structures/Tileset/GarageDoors/StructureBase_GarageDoor.StructureBase_GarageDoor,StructureBase_GarageDoor,/Script/Engine.Blueprint,/Game/PrimalEarth/Structures/BuildingBases/Door_Base_SM.Door_Base_SM_C,/Script/ShooterGame.PrimalStructureDoor,1,"[""has_descendants"",""referenced_by_assets""]",35,35,0,1,0,0,,,150,top structural and demand signals within provisional tier
/Game/Genesis2/Missions/ModularMission/Gauntlet2/MissionModule_Kill_Gauntlet.MissionModule_Kill_Gauntlet,MissionModule_Kill_Gauntlet,/Script/Engine.Blueprint,/Game/Genesis2/Missions/ModularMission/MissionModule_Kill_Base.MissionModule_Kill_Base_C,UNKNOWN,1,"[""has_descendants"",""referenced_by_assets""]",35,8,0,1,0,0,,,151,top structural and demand signals within provisional tier
/Game/PrimalEarth/CoreBlueprints/Weapons/WeapBaseClub.WeapBaseClub,WeapBaseClub,/Script/Engine.Blueprint,/Game/PrimalEarth/CoreBlueprints/Weapons/WeapBaseMelee.WeapBaseMelee_C,/Script/ShooterGame.ShooterWeapon_Melee,1,"[""has_descendants"",""referenced_by_assets""]",34,7,0,1,0,0,,,152,top structural and demand signals within provisional tier
/Game/PrimalEarth/CoreBlueprints/HarvestComponents/WoodHarvestComponent.WoodHarvestComponent,WoodHarvestComponent,/Script/Engine.Blueprint,/Game/PrimalEarth/CoreBlueprints/HarvestComponents/AttackHarvestComponent_Base.AttackHarvestComponent_Base_C,/Script/ShooterGame.PrimalHarvestingComponent,1,"[""has_descendants"",""referenced_by_assets"",""cross_domain_references""]",33,2791,0,14,0,0,,,153,top structural and demand signals within provisional tier
/Game/PrimalEarth/CoreBlueprints/Items/Consumables/PrimalItemConsumable_Kibble_Base_Medium.PrimalItemConsumable_Kibble_Base_Medium,PrimalItemConsumable_Kibble_Base_Medium,/Script/Engine.Blueprint,/Game/PrimalEarth/CoreBlueprints/Items/Consumables/PrimalItemConsumable_Kibble_Base_Small.PrimalItemConsumable_Kibble_Base_Small_C,/Script/ShooterGame.PrimalItem,1,"[""has_descendants"",""referenced_by_assets"",""cross_domain_references""]",33,66,0,10,0,0,,,154,top structural and demand signals within provisional tier
/Game/PrimalEarth/CoreBlueprints/DamageTypes/DmgType_ProjectileWithImpactFX.DmgType_ProjectileWithImpactFX,DmgType_ProjectileWithImpactFX,/Script/Engine.Blueprint,/Game/PrimalEarth/CoreBlueprints/DamageTypes/DmgType_Projectile.DmgType_Projectile_C,/Script/ShooterGame.ShooterDamageType,1,"[""has_descendants"",""referenced_by_assets"",""cross_domain_references""]",33,28,0,8,0,0,,,155,top structural and demand signals within provisional tier
/Game/PrimalEarth/CoreBlueprints/Items/Consumables/PrimalItemConsumable_Egg_Special.PrimalItemConsumable_Egg_Special,PrimalItemConsumable_Egg_Special,/Script/Engine.Blueprint,/Game/PrimalEarth/CoreBlueprints/Items/Consumables/PrimalItemConsumable_Egg.PrimalItemConsumable_Egg_C,/Script/ShooterGame.PrimalItem,1,"[""has_descendants"",""referenced_by_assets"",""cross_domain_references""]",33,14,0,8,0,0,,,156,top structural and demand signals within provisional tier
/Game/PrimalEarth/CoreBlueprints/Items/Armor/Cloth/PrimalItem_BossTributeGeneric.PrimalItem_BossTributeGeneric,PrimalItem_BossTributeGeneric,/Script/Engine.Blueprint,/Game/PrimalEarth/CoreBlueprints/Items/PrimalItem_Base.PrimalItem_Base_C,/Script/ShooterGame.PrimalItem,1,"[""has_descendants"",""referenced_by_assets"",""cross_domain_references""]",33,15,0,3,0,0,,,157,top structural and demand signals within provisional tier
/Game/Genesis/Missions/Escort/MissionType_Escort_Base.MissionType_Escort_Base,MissionType_Escort_Base,/Script/Engine.Blueprint,/Game/Genesis/Missions/MissionTypeBlueprintBase.MissionTypeBlueprintBase_C,/Script/ShooterGame.MissionType,1,"[""has_descendants"",""referenced_by_assets"",""cross_domain_references""]",33,17,0,2,0,0,,,158,top structural and demand signals within provisional tier
/Game/ASA/Dinos/SpiritBear/Gameplay/ToMerge/v2/StateReqs/StateReq_Base.StateReq_Base,StateReq_Base,/Script/Engine.Blueprint,/Script/ShooterGame.Object_WithWorldContext,/Script/ShooterGame.Object_WithWorldContext,1,"[""has_descendants"",""referenced_by_assets""]",33,16,0,1,0,0,,,159,top structural and demand signals within provisional tier
/Game/PrimalEarth/CoreBlueprints/DamageTypes/DmgType_Melee_Torpidity_Low.DmgType_Melee_Torpidity_Low,DmgType_Melee_Torpidity_Low,/Script/Engine.Blueprint,/Game/PrimalEarth/CoreBlueprints/DamageTypes/DmgType_Melee_Torpidity.DmgType_Melee_Torpidity_C,/Script/ShooterGame.ShooterDamageType,1,"[""has_descendants"",""referenced_by_assets""]",33,5,0,1,0,0,,,160,top structural and demand signals within provisional tier
/Game/Genesis2/Missions/ModularMission/Gauntlet2/MissionModule_zSubmodule_SpawnCreatures_Gauntlet.MissionModule_zSubmodule_SpawnCreatures_Gauntlet,MissionModule_zSubmodule_SpawnCreatures_Gauntlet,/Script/Engine.Blueprint,/Game/Genesis2/Missions/ModularMission/MissionModule_zSubmodule_SpawnCreatures_Base.MissionModule_zSubmodule_SpawnCreatures_Base_C,UNKNOWN,1,"[""has_descendants"",""referenced_by_assets""]",33,4,0,1,0,0,,,161,top structural and demand signals within provisional tier
/Game/PrimalEarth/Dinos/Ant/Insect_Character_Base.Insect_Character_Base,Insect_Character_Base,/Script/Engine.Blueprint,/Game/PrimalEarth/CoreBlueprints/Dino_Character_BP.Dino_Character_BP_C,/Script/ShooterGame.PrimalDinoCharacter,1,"[""has_descendants"",""referenced_by_assets"",""cross_domain_references""]",32,49,0,7,0,0,,,162,top structural and demand signals within provisional tier
/Game/PrimalEarth/CoreBlueprints/Dino_Character_BP_RepelType.Dino_Character_BP_RepelType,Dino_Character_BP_RepelType,/Script/Engine.Blueprint,/Game/PrimalEarth/CoreBlueprints/Dino_Character_BP.Dino_Character_BP_C,/Script/ShooterGame.PrimalDinoCharacter,1,"[""has_descendants"",""referenced_by_assets"",""cross_domain_references""]",32,8,0,3,0,0,,,163,top structural and demand signals within provisional tier
/Game/PrimalEarth/CoreBlueprints/BossTribute/BossTeleporter.BossTeleporter,BossTeleporter,/Script/Engine.Blueprint,/Script/ShooterGame.PrimalBuff,/Script/ShooterGame.PrimalBuff,1,"[""has_descendants"",""referenced_by_assets"",""cross_domain_references""]",32,33,0,2,0,0,,,164,top structural and demand signals within provisional tier
/Game/PrimalEarth/Structures/Tileset/RoofCorners/StructureBase_Roof_Corner.StructureBase_Roof_Corner,StructureBase_Roof_Corner,/Script/Engine.Blueprint,/Game/PrimalEarth/Structures/BuildingBases/StructureBaseBP.StructureBaseBP_C,/Script/ShooterGame.PrimalStructure,1,"[""has_descendants"",""referenced_by_assets""]",32,28,0,1,0,0,,,165,top structural and demand signals within provisional tier
/Game/PrimalEarth/CoreBlueprints/Items/Structures/BuildingBases/PrimalItemStructure_BaseSign.PrimalItemStructure_BaseSign,PrimalItemStructure_BaseSign,/Script/Engine.Blueprint,/Game/PrimalEarth/CoreBlueprints/Items/Structures/BuildingBases/PrimalItemStructureGeneric.PrimalItemStructureGeneric_C,/Script/ShooterGame.PrimalItem,1,"[""has_descendants"",""referenced_by_assets"",""cross_domain_references""]",31,31,0,5,0,0,,,166,top structural and demand signals within provisional tier
/Game/PrimalEarth/CoreBlueprints/Projectiles/ProjSpear.ProjSpear,ProjSpear,/Script/Engine.Blueprint,/Script/ShooterGame.PrimalProjectileArrow,/Script/ShooterGame.PrimalProjectileArrow,1,"[""has_descendants"",""referenced_by_assets"",""cross_domain_references""]",30,13,0,6,0,0,,,167,top structural and demand signals within provisional tier
/Game/PrimalEarth/CoreBlueprints/DamageTypes/DmgType_Melee_Dino_Carnivore_Large.DmgType_Melee_Dino_Carnivore_Large,DmgType_Melee_Dino_Carnivore_Large,/Script/Engine.Blueprint,/Game/PrimalEarth/CoreBlueprints/DamageTypes/DmgType_Melee_Dino_Carnivore.DmgType_Melee_Dino_Carnivore_C,/Script/ShooterGame.ShooterDamageType,1,"[""has_descendants"",""referenced_by_assets"",""cross_domain_references""]",29,160,0,12,0,0,,,168,top structural and demand signals within provisional tier
/Game/PrimalEarth/CoreBlueprints/DamageTypes/DmgType_Melee_DmgMetal.DmgType_Melee_DmgMetal,DmgType_Melee_DmgMetal,/Script/Engine.Blueprint,/Game/PrimalEarth/CoreBlueprints/DamageTypes/ShooterDamageTypeBP_Base.ShooterDamageTypeBP_Base_C,/Script/ShooterGame.ShooterDamageType,1,"[""has_descendants"",""referenced_by_assets"",""cross_domain_references""]",29,34,0,5,0,0,,,169,top structural and demand signals within provisional tier
/Game/PrimalEarth/Structures/BuildingBases/Sign_Base.Sign_Base,Sign_Base,/Script/Engine.Blueprint,/Script/ShooterGame.PrimalStructureSign,/Script/ShooterGame.PrimalStructureSign,1,"[""has_descendants"",""referenced_by_assets"",""cross_domain_references""]",29,25,0,3,0,0,,,170,top structural and demand signals within provisional tier
/Game/ScorchedEarth/Dinos/Wyvern/Wyvern_Character_BP_Base.Wyvern_Character_BP_Base,Wyvern_Character_BP_Base,/Script/Engine.Blueprint,/Game/PrimalEarth/CoreBlueprints/Dino_Character_BP.Dino_Character_BP_C,/Script/ShooterGame.PrimalDinoCharacter,1,"[""has_descendants"",""referenced_by_assets"",""blueprint_native_boundary""]",29,38,0,1,0,0,,,171,top structural and demand signals within provisional tier
/Game/LostColony/Lighting/PropLights/BP_LC_Spotlight_Base.BP_LC_Spotlight_Base,BP_LC_Spotlight_Base,/Script/Engine.Blueprint,/Script/Engine.SpotLight,/Script/Engine.SpotLight,1,"[""has_descendants"",""referenced_by_assets""]",29,29,0,1,0,0,,,172,top structural and demand signals within provisional tier
/Game/PrimalEarth/CoreBlueprints/Items/Armor/Skin/PrimalItemSkin_SummerSwimPants.PrimalItemSkin_SummerSwimPants,PrimalItemSkin_SummerSwimPants,/Script/Engine.Blueprint,/Game/PrimalEarth/Test/PrimalItemSkinGeneric.PrimalItemSkinGeneric_C,/Script/ShooterGame.PrimalItem,1,"[""has_descendants"",""referenced_by_assets""]",29,29,0,1,0,0,,,173,top structural and demand signals within provisional tier
/Game/Genesis/Missions/Retrieve/MissionType_Retrieve_Base.MissionType_Retrieve_Base,MissionType_Retrieve_Base,/Script/Engine.Blueprint,/Game/Genesis/Missions/MissionTypeBlueprintBase.MissionTypeBlueprintBase_C,/Script/ShooterGame.MissionType,1,"[""has_descendants"",""referenced_by_assets""]",29,10,0,1,0,0,,,174,top structural and demand signals within provisional tier
/Game/PrimalEarth/CoreBlueprints/Items/Consumables/PrimalItemConsumable_Egg_XSmall.PrimalItemConsumable_Egg_XSmall,PrimalItemConsumable_Egg_XSmall,/Script/Engine.Blueprint,/Game/PrimalEarth/CoreBlueprints/Items/Consumables/PrimalItemConsumable_Egg.PrimalItemConsumable_Egg_C,/Script/ShooterGame.PrimalItem,1,"[""has_descendants"",""referenced_by_assets"",""cross_domain_references""]",28,13,0,6,0,0,,,175,top structural and demand signals within provisional tier
/Game/LostColony/Dinos/Thrall/Characters/Base/Thrall_Character_BP_Base.Thrall_Character_BP_Base,Thrall_Character_BP_Base,/Script/Engine.Blueprint,/Game/Genesis/Dinos/Bots/Bot_Character_BP.Bot_Character_BP_C,/Script/ShooterGame.PrimalBotCharacter,1,"[""has_descendants"",""referenced_by_assets"",""cross_domain_references""]",28,35,0,2,0,0,,,176,top structural and demand signals within provisional tier
/Game/PrimalEarth/Structures/Skins/StructureSkinBase_SingleSwap.StructureSkinBase_SingleSwap,StructureSkinBase_SingleSwap,/Script/Engine.Blueprint,/Game/PrimalEarth/Structures/Skins/StructureSkinBase.StructureSkinBase_C,/Script/ShooterGame.PrimalStructureItemContainer,1,"[""has_descendants"",""referenced_by_assets"",""cross_domain_references""]",28,10,0,2,0,0,,,177,top structural and demand signals within provisional tier
/Game/LostColony/Missions/Overworld/Outpost/Base/Modules/MissionModule_LC_Outpost_Waves_Base.MissionModule_LC_Outpost_Waves_Base,MissionModule_LC_Outpost_Waves_Base,/Script/Engine.Blueprint,/Game/Genesis2/Missions/ModularMission/MissionModule_Base.MissionModule_Base_C,/Script/ShooterGame.NewMissionModuleBase,1,"[""has_descendants"",""referenced_by_assets"",""cross_domain_references""]",28,5,0,2,0,0,,,178,top structural and demand signals within provisional tier
/Game/ASA/CoreBlueprints/Skins/PrimalItemSkin_CharacterSkin_Base.PrimalItemSkin_CharacterSkin_Base,PrimalItemSkin_CharacterSkin_Base,/Script/Engine.Blueprint,/Game/PrimalEarth/Test/PrimalItemSkinGeneric.PrimalItemSkinGeneric_C,/Script/ShooterGame.PrimalItem,1,"[""has_descendants"",""referenced_by_assets"",""cross_domain_references""]",28,4,0,2,0,0,,,179,top structural and demand signals within provisional tier
/Game/PrimalEarth/Structures/Tileset/RampCorners/StructureBase_Ramp_Corner.StructureBase_Ramp_Corner,StructureBase_Ramp_Corner,/Script/Engine.Blueprint,/Game/PrimalEarth/Structures/BuildingBases/StructureBaseBP.StructureBaseBP_C,/Script/ShooterGame.PrimalStructure,1,"[""has_descendants"",""referenced_by_assets""]",28,28,0,1,0,0,,,180,top structural and demand signals within provisional tier
/Game/PrimalEarth/Structures/Tileset/SlopedWallsShallow/Base_Wall_Sloped_Shallow.Base_Wall_Sloped_Shallow,Base_Wall_Sloped_Shallow,/Script/Engine.Blueprint,/Game/PrimalEarth/Structures/BuildingBases/StructureBaseBP.StructureBaseBP_C,/Script/ShooterGame.PrimalStructure,1,"[""has_descendants"",""referenced_by_assets""]",28,28,0,1,0,0,,,181,top structural and demand signals within provisional tier
/Game/PrimalEarth/CoreBlueprints/CORE_PrimalGameData.CORE_PrimalGameData,CORE_PrimalGameData,/Script/Engine.Blueprint,/Script/ShooterGame.PrimalGameData,/Script/ShooterGame.PrimalGameData,1,"[""has_descendants"",""referenced_by_assets"",""global_entry_name_hint_low_confidence""]",28,4,0,1,0,0,,,182,top structural and demand signals within provisional tier
/Game/PrimalEarth/CoreAI/DinoAttackStateMelee.DinoAttackStateMelee,DinoAttackStateMelee,/Script/Engine.Blueprint,/Script/ShooterGame.PrimalAIStateDinoMeleeState,UNKNOWN,1,"[""has_descendants"",""referenced_by_assets"",""cross_domain_references""]",27,714,0,18,0,0,,,183,top structural and demand signals within provisional tier
/Game/PrimalEarth/Structures/BuildingBases/Floor_Base_SM.Floor_Base_SM,Floor_Base_SM,/Script/Engine.Blueprint,/Game/PrimalEarth/Structures/BuildingBases/TilesetBases/StructureBase_Floor.StructureBase_Floor_C,/Script/ShooterGame.PrimalStructure,1,"[""has_descendants"",""referenced_by_assets"",""cross_domain_references""]",27,24,0,6,0,0,,,184,top structural and demand signals within provisional tier
/Game/PrimalEarth/Structures/Skins/StructureCosmeticBase_SingleSwap.StructureCosmeticBase_SingleSwap,StructureCosmeticBase_SingleSwap,/Script/Engine.Blueprint,/Game/PrimalEarth/Structures/Skins/StructureSkinBase_SingleSwap.StructureSkinBase_SingleSwap_C,/Script/ShooterGame.PrimalStructure,1,"[""has_descendants"",""referenced_by_assets"",""cross_domain_references""]",27,26,0,3,0,0,,,185,top structural and demand signals within provisional tier
/Game/PrimalEarth/CoreBlueprints/DamageTypes/DmgType_Melee_Torpidity_None.DmgType_Melee_Torpidity_None,DmgType_Melee_Torpidity_None,/Script/Engine.Blueprint,/Game/PrimalEarth/CoreBlueprints/DamageTypes/DmgType_Melee_Torpidity.DmgType_Melee_Torpidity_C,/Script/ShooterGame.ShooterDamageType,1,"[""has_descendants"",""referenced_by_assets"",""cross_domain_references""]",27,4,0,3,0,0,,,186,top structural and demand signals within provisional tier
/Game/Aberration/Dinos/Nameless/Xenomorph_Character_BP_Male.Xenomorph_Character_BP_Male,Xenomorph_Character_BP_Male,/Script/Engine.Blueprint,/Game/Aberration/Dinos/Nameless/Xenomorph_Character_BP.Xenomorph_Character_BP_C,/Script/ShooterGame.PrimalDinoCharacter,1,"[""has_descendants"",""referenced_by_assets"",""cross_domain_references""]",27,7,0,2,0,0,,,187,top structural and demand signals within provisional tier
/Game/PrimalEarth/CoreBlueprints/COREMEDIA_PrimalGameData_BP.COREMEDIA_PrimalGameData_BP,COREMEDIA_PrimalGameData_BP,/Script/Engine.Blueprint,/Game/PrimalEarth/CoreBlueprints/CORE_PrimalGameData.CORE_PrimalGameData_C,/Script/ShooterGame.PrimalGameData,1,"[""has_descendants"",""referenced_by_assets"",""global_entry_name_hint_low_confidence""]",27,2,0,1,0,0,,,188,top structural and demand signals within provisional tier
/Game/PrimalEarth/CoreBlueprints/Items/Armor/Base/PrimalItemArmor_BaseHelmet.PrimalItemArmor_BaseHelmet,PrimalItemArmor_BaseHelmet,/Script/Engine.Blueprint,/Game/PrimalEarth/CoreBlueprints/Items/Armor/Base/PrimalItemArmorGeneric.PrimalItemArmorGeneric_C,/Script/ShooterGame.PrimalItem,1,"[""has_descendants"",""referenced_by_assets"",""cross_domain_references""]",26,122,0,14,0,0,,,189,top structural and demand signals within provisional tier
/Game/PrimalEarth/WeaponRifle/Animations/TPV/RifleHumanAnimBlueprint.RifleHumanAnimBlueprint,RifleHumanAnimBlueprint,/Script/Engine.AnimBlueprint,/Game/PrimalEarth/CoreBlueprints/BaseAnimBlueprints/BaseHumanAnimBP.BaseHumanAnimBP_C,/Script/Engine.AnimInstance,1,"[""has_descendants"",""referenced_by_assets"",""cross_domain_references""]",26,36,0,9,0,0,,,190,top structural and demand signals within provisional tier
/Game/Aberration/CoreBlueprints/Buffs/Buff_ChargeManager.Buff_ChargeManager,Buff_ChargeManager,/Script/Engine.Blueprint,/Game/PrimalEarth/CoreBlueprints/Buffs/Buff_Base.Buff_Base_C,/Script/ShooterGame.PrimalBuff,1,"[""has_descendants"",""referenced_by_assets"",""cross_domain_references""]",26,55,0,7,0,0,,,191,top structural and demand signals within provisional tier
/Game/PrimalEarth/CoreBlueprints/BaseAnimBlueprints/FPVWeaponAnimBP_Base.FPVWeaponAnimBP_Base,FPVWeaponAnimBP_Base,/Script/Engine.AnimBlueprint,/Script/Engine.AnimInstance,/Script/Engine.AnimInstance,1,"[""has_descendants"",""referenced_by_assets"",""cross_domain_references""]",26,29,0,7,0,0,,,192,top structural and demand signals within provisional tier
/Game/PrimalEarth/Structures/BuildingBases/TilesetBases/StructureBase_Ceiling.StructureBase_Ceiling,StructureBase_Ceiling,/Script/Engine.Blueprint,/Game/PrimalEarth/Structures/BuildingBases/StructureBaseBP.StructureBaseBP_C,/Script/ShooterGame.PrimalStructure,1,"[""has_descendants"",""referenced_by_assets"",""cross_domain_references""]",26,23,0,2,0,0,,,193,top structural and demand signals within provisional tier
/Game/Genesis/Missions/GatherNodes/MissionType_Gather_Nodes.MissionType_Gather_Nodes,MissionType_Gather_Nodes,/Script/Engine.Blueprint,/Game/Genesis/Missions/MissionTypeBlueprintBase.MissionTypeBlueprintBase_C,/Script/ShooterGame.MissionType,1,"[""has_descendants"",""referenced_by_assets"",""cross_domain_references""]",26,8,0,2,0,0,,,194,top structural and demand signals within provisional tier
/Game/Packs/TidesOfFortune/CoreBlueprints/Skills/SkillBuffs/Buff_ShipSkill_Base.Buff_ShipSkill_Base,Buff_ShipSkill_Base,/Script/Engine.Blueprint,/Game/LostColony/CoreBlueprints/Skills/Buffs/Buff_Skill_Base.Buff_Skill_Base_C,/Script/ShooterGame.PrimalBuff_Skill,1,"[""has_descendants"",""referenced_by_assets""]",26,22,0,1,0,0,,,195,top structural and demand signals within provisional tier
/Game/LostColony/Missions/Overworld/Outpost/Attack/Base/Modules/Sub/MissionSubModule_SpawnCreatures_Outpost_Attack_Wave_Base.MissionSubModule_SpawnCreatures_Outpost_Attack_Wave_Base,MissionSubModule_SpawnCreatures_Outpost_Attack_Wave_Base,/Script/Engine.Blueprint,/Game/LostColony/Missions/Overworld/Outpost/Base/Modules/MissionSubModule_SpawnCreatures_LC_Outpost_Base.MissionSubModule_SpawnCreatures_LC_Outpost_Base_C,/Script/ShooterGame.NewMissionModuleBase,1,"[""has_descendants"",""referenced_by_assets""]",26,18,0,1,0,0,,,196,top structural and demand signals within provisional tier
/Game/PrimalEarth/CoreBlueprints/BASE_PrimalGameData_BP.BASE_PrimalGameData_BP,BASE_PrimalGameData_BP,/Script/Engine.Blueprint,/Game/PrimalEarth/CoreBlueprints/COREMEDIA_PrimalGameData_BP.COREMEDIA_PrimalGameData_BP_C,/Script/ShooterGame.PrimalGameData,1,"[""has_descendants"",""referenced_by_assets"",""global_entry_name_hint_low_confidence""]",26,3,0,1,0,0,,,197,top structural and demand signals within provisional tier
/Game/PrimalEarth/CoreBlueprints/HarvestComponents/SeedHarvestComponent.SeedHarvestComponent,SeedHarvestComponent,/Script/Engine.Blueprint,/Game/PrimalEarth/CoreBlueprints/HarvestComponents/UseHarvestComponent_Base.UseHarvestComponent_Base_C,/Script/ShooterGame.PrimalHarvestingComponent,1,"[""has_descendants"",""referenced_by_assets"",""cross_domain_references""]",25,4159,0,14,0,0,,,198,top structural and demand signals within provisional tier
/Game/PrimalEarth/Dinos/BaseBPs/DinoSettings_Carnivore_Small.DinoSettings_Carnivore_Small,DinoSettings_Carnivore_Small,/Script/Engine.Blueprint,/Game/PrimalEarth/Dinos/BaseBPs/DinoSettings_Carnivore.DinoSettings_Carnivore_C,/Script/ShooterGame.PrimalDinoSettings,1,"[""has_descendants"",""referenced_by_assets"",""cross_domain_references""]",25,25,0,7,0,0,,,199,top structural and demand signals within provisional tier
/Game/PrimalEarth/CoreBlueprints/Buffs/Buff_OverrideVelocity.Buff_OverrideVelocity,Buff_OverrideVelocity,/Script/Engine.Blueprint,/Script/ShooterGame.PrimalBuff,/Script/ShooterGame.PrimalBuff,1,"[""has_descendants"",""referenced_by_assets"",""cross_domain_references""]",25,7,0,5,0,0,,,200,top structural and demand signals within provisional tier
/Game/PrimalEarth/Structures/BuildingBases/Doorframe_Base_SM.Doorframe_Base_SM,Doorframe_Base_SM,/Script/Engine.Blueprint,/Game/PrimalEarth/Structures/BuildingBases/Wall_Base_Small_SM.Wall_Base_Small_SM_C,/Script/ShooterGame.PrimalStructure,1,"[""has_descendants"",""referenced_by_assets"",""cross_domain_references""]",25,25,0,4,0,0,,,201,top structural and demand signals within provisional tier
/DinoDefense/2DPlatformer/Props/BaseProps_Platformer.BaseProps_Platformer,BaseProps_Platformer,/Script/Engine.Blueprint,/Script/Engine.Actor,/Script/Engine.Actor,1,"[""has_descendants"",""referenced_by_assets"",""cross_domain_references""]",25,84,0,2,0,0,,,202,top structural and demand signals within provisional tier
/Game/Packs/Frontier/Structures/TrainTracks/Structure_TrainTrack_Base.Structure_TrainTrack_Base,Structure_TrainTrack_Base,/Script/Engine.Blueprint,/Game/PrimalEarth/Structures/BuildingBases/StructureBaseBP.StructureBaseBP_C,/Script/ShooterGame.PrimalStructure,1,"[""has_descendants"",""referenced_by_assets"",""cross_domain_references""]",25,23,0,2,0,0,,,203,top structural and demand signals within provisional tier
/Game/PrimalEarth/CoreBlueprints/BaseAnimBlueprints/DinoBlueprintBase_RootTransform.DinoBlueprintBase_RootTransform,DinoBlueprintBase_RootTransform,/Script/Engine.AnimBlueprint,/Script/ShooterGame.PrimalDinoAnimInstance,/Script/ShooterGame.PrimalDinoAnimInstance,1,"[""has_descendants"",""referenced_by_assets"",""cross_domain_references""]",25,20,0,2,0,0,,,204,top structural and demand signals within provisional tier
/Game/PrimalEarth/CoreBlueprints/Items/Armor/Skin/DearJane/PrimalItemSkin_CharacterSkin_HideImplant_Base.PrimalItemSkin_CharacterSkin_HideImplant_Base,PrimalItemSkin_CharacterSkin_HideImplant_Base,/Script/Engine.Blueprint,/Game/ASA/CoreBlueprints/Skins/PrimalItemSkin_CharacterSkin_Base.PrimalItemSkin_CharacterSkin_Base_C,/Script/ShooterGame.PrimalItem,1,"[""has_descendants"",""referenced_by_assets"",""cross_domain_references""]",25,11,0,2,0,0,,,205,top structural and demand signals within provisional tier
/Game/ASA/Dinos/SpiritBear/Gameplay/ToMerge/v2/Buff_GameComp_Base_V2.Buff_GameComp_Base_V2,Buff_GameComp_Base_V2,/Script/Engine.Blueprint,/Game/PrimalEarth/CoreBlueprints/Buffs/Buff_Base.Buff_Base_C,/Script/ShooterGame.PrimalBuff,1,"[""has_descendants"",""referenced_by_assets""]",25,10,0,1,0,0,,,206,top structural and demand signals within provisional tier
/Game/Genesis/CoreBlueprints/LootSets/LootItemSet_Missions_Hunt.LootItemSet_Missions_Hunt,LootItemSet_Missions_Hunt,/Script/Engine.Blueprint,/Game/Genesis/CoreBlueprints/LootSets/LootItemSet_Missions.LootItemSet_Missions_C,UNKNOWN,1,"[""has_descendants"",""referenced_by_assets""]",25,6,0,1,0,0,,,207,top structural and demand signals within provisional tier
/Game/PrimalEarth/CoreBlueprints/PrimalGameData_BP.PrimalGameData_BP,PrimalGameData_BP,/Script/Engine.Blueprint,/Game/PrimalEarth/CoreBlueprints/BASE_PrimalGameData_BP.BASE_PrimalGameData_BP_C,/Script/ShooterGame.PrimalGameData,1,"[""has_descendants"",""referenced_by_assets"",""global_entry_name_hint_low_confidence""]",25,4,0,1,0,0,,,208,top structural and demand signals within provisional tier
/Game/PrimalEarth/CoreBlueprints/DamageTypes/DmgType_Explosion_TekProjectile.DmgType_Explosion_TekProjectile,DmgType_Explosion_TekProjectile,/Script/Engine.Blueprint,/Game/PrimalEarth/CoreBlueprints/DamageTypes/DmgType_Explosion.DmgType_Explosion_C,/Script/ShooterGame.ShooterDamageType,1,"[""has_descendants"",""referenced_by_assets"",""cross_domain_references""]",24,35,0,6,0,0,,,209,top structural and demand signals within provisional tier
/Game/PrimalEarth/CoreBlueprints/Dino_Character_BP_Ramming.Dino_Character_BP_Ramming,Dino_Character_BP_Ramming,/Script/Engine.Blueprint,/Game/PrimalEarth/CoreBlueprints/Dino_Character_BP.Dino_Character_BP_C,/Script/ShooterGame.PrimalDinoCharacter,1,"[""has_descendants"",""referenced_by_assets"",""cross_domain_references""]",24,18,0,6,0,0,,,210,top structural and demand signals within provisional tier
/Game/PrimalEarth/CoreBlueprints/Items/Structures/BuildingBases/PrimalItemStructure_BaseCeiling.PrimalItemStructure_BaseCeiling,PrimalItemStructure_BaseCeiling,/Script/Engine.Blueprint,/Game/PrimalEarth/CoreBlueprints/Items/Structures/BuildingBases/PrimalItemStructureGeneric.PrimalItemStructureGeneric_C,/Script/ShooterGame.PrimalItem,1,"[""has_descendants"",""referenced_by_assets"",""cross_domain_references""]",24,19,0,4,0,0,,,211,top structural and demand signals within provisional tier
/Game/PrimalEarth/Dinos/BaseBPs/DinoSettings_Herbivore_Medium.DinoSettings_Herbivore_Medium,DinoSettings_Herbivore_Medium,/Script/Engine.Blueprint,/Game/PrimalEarth/Dinos/BaseBPs/DinoSettings_Herbivore.DinoSettings_Herbivore_C,/Script/ShooterGame.PrimalDinoSettings,1,"[""has_descendants"",""referenced_by_assets"",""cross_domain_references""]",24,18,0,4,0,0,,,212,top structural and demand signals within provisional tier
/Game/PrimalEarth/CoreBlueprints/Inventories/PrimalInventoryBP_BaseFuelBurning.PrimalInventoryBP_BaseFuelBurning,PrimalInventoryBP_BaseFuelBurning,/Script/Engine.Blueprint,/Script/ShooterGame.PrimalInventoryComponent,/Script/ShooterGame.PrimalInventoryComponent,1,"[""has_descendants"",""referenced_by_assets"",""cross_domain_references""]",24,21,0,3,0,0,,,213,top structural and demand signals within provisional tier
/Game/LostColony/Missions/Overworld/Outpost/Structures/Loot/StructureBP_Mission_Outpost_LootStructure_Base.StructureBP_Mission_Outpost_LootStructure_Base,StructureBP_Mission_Outpost_LootStructure_Base,/Script/Engine.Blueprint,/Script/ShooterGame.PrimalStructureItemContainer_HordeCrate,/Script/ShooterGame.PrimalStructureItemContainer_HordeCrate,1,"[""has_descendants"",""referenced_by_assets"",""cross_domain_references""]",24,29,0,2,0,0,,,214,top structural and demand signals within provisional tier
/Game/Genesis2/Missions/Race2/MissionType_Race2.MissionType_Race2,MissionType_Race2,/Script/Engine.Blueprint,/Game/Genesis/Missions/Race/MissionType_Race.MissionType_Race_C,/Script/ShooterGame.MissionType,1,"[""has_descendants"",""referenced_by_assets""]",24,9,0,1,0,0,,,215,top structural and demand signals within provisional tier
/Game/Genesis2/Missions/Hunt/MissionMetaData_Hunt.MissionMetaData_Hunt,MissionMetaData_Hunt,/Script/Engine.Blueprint,/Game/Genesis2/Missions/MissionMetaType_Base.MissionMetaType_Base_C,/Script/ShooterGame.MissionType,1,"[""has_descendants"",""referenced_by_assets""]",24,7,0,1,0,0,,,216,top structural and demand signals within provisional tier
/Game/Genesis2/Missions/Race2/MissionMetaType_Race.MissionMetaType_Race,MissionMetaType_Race,/Script/Engine.Blueprint,/Game/Genesis2/Missions/MissionMetaType_Base.MissionMetaType_Base_C,/Script/ShooterGame.MissionType,1,"[""has_descendants"",""referenced_by_assets""]",24,7,0,1,0,0,,,217,top structural and demand signals within provisional tier
/Game/PrimalEarth/CoreBlueprints/GeneTraits/TraitBPs/Inherit/Trait_Inherit_Base.Trait_Inherit_Base,Trait_Inherit_Base,/Script/Engine.Blueprint,/Game/PrimalEarth/CoreBlueprints/GeneTraits/TraitBPs/Trait_Base.Trait_Base_C,/Script/ShooterGame.GeneTrait,1,"[""has_descendants"",""referenced_by_assets""]",24,6,0,1,0,0,,,218,top structural and demand signals within provisional tier
/Game/PrimalEarth/Dinos/Trike/Trike_Character_BP.Trike_Character_BP,Trike_Character_BP,/Script/Engine.Blueprint,/Game/PrimalEarth/CoreBlueprints/Dino_Character_BP_Ramming.Dino_Character_BP_Ramming_C,/Script/ShooterGame.PrimalDinoCharacter,1,"[""has_descendants"",""referenced_by_assets"",""cross_domain_references""]",23,80,0,14,0,0,,,219,top structural and demand signals within provisional tier
/Game/PrimalEarth/CoreBlueprints/Weapons/PrimalItem_WeaponBaseClub.PrimalItem_WeaponBaseClub,PrimalItem_WeaponBaseClub,/Script/Engine.Blueprint,/Game/PrimalEarth/CoreBlueprints/Weapons/PrimalItemWeaponGenericAmmoless.PrimalItemWeaponGenericAmmoless_C,/Script/ShooterGame.PrimalItem,1,"[""has_descendants"",""referenced_by_assets"",""cross_domain_references""]",23,11,0,5,0,0,,,220,top structural and demand signals within provisional tier
/Game/PrimalEarth/Structures/TOF_ShipLoot.TOF_ShipLoot,TOF_ShipLoot,/Script/Engine.Blueprint,/Script/ShooterGame.PrimalShipLootCrate,/Script/ShooterGame.PrimalShipLootCrate,1,"[""has_descendants"",""referenced_by_assets"",""cross_domain_references""]",23,25,0,4,0,0,,,221,top structural and demand signals within provisional tier
/Game/LostColony/Missions/Overworld/Outpost/Base/BPLI_LC_OutpostMission.BPLI_LC_OutpostMission,BPLI_LC_OutpostMission,/Script/Engine.Blueprint,/Script/ShooterGame.PrimalLevelInstance,/Script/ShooterGame.PrimalLevelInstance,1,"[""has_descendants"",""referenced_by_assets""]",23,23,0,1,0,0,,,222,top structural and demand signals within provisional tier
/Game/PrimalEarth/CoreBlueprints/Items/Consumables/BaseBPs/PrimalItemConsumable_UnlockEmote_BASE.PrimalItemConsumable_UnlockEmote_BASE,PrimalItemConsumable_UnlockEmote_BASE,/Script/Engine.Blueprint,/Game/PrimalEarth/CoreBlueprints/Items/Consumables/BaseBPs/PrimalItemConsumableGeneric.PrimalItemConsumableGeneric_C,/Script/ShooterGame.PrimalItem,1,"[""has_descendants"",""referenced_by_assets""]",23,21,0,1,0,0,,,223,top structural and demand signals within provisional tier
/Game/Genesis/Missions/VRBattle/MissionType_VRBattle_Base.MissionType_VRBattle_Base,MissionType_VRBattle_Base,/Script/Engine.Blueprint,/Game/Genesis/Missions/MissionTypeBlueprintBase.MissionTypeBlueprintBase_C,/Script/ShooterGame.MissionType,1,"[""has_descendants"",""referenced_by_assets"",""blueprint_native_boundary""]",23,14,0,1,0,0,,,224,top structural and demand signals within provisional tier
/Game/Aberration/CoreBlueprints/Buffs/Buff_ChargeEmitter.Buff_ChargeEmitter,Buff_ChargeEmitter,/Script/Engine.Blueprint,/Game/Aberration/CoreBlueprints/Buffs/Buff_ChargeManager.Buff_ChargeManager_C,/Script/ShooterGame.PrimalBuff,1,"[""has_descendants"",""referenced_by_assets"",""cross_domain_references""]",22,45,0,6,0,0,,,225,top structural and demand signals within provisional tier
/Game/PrimalEarth/CoreBlueprints/Weapons/WeapCrossbow.WeapCrossbow,WeapCrossbow,/Script/Engine.Blueprint,/Script/ShooterGame.ShooterWeapon_Projectile,/Script/ShooterGame.ShooterWeapon_Projectile,1,"[""has_descendants"",""referenced_by_assets"",""cross_domain_references""]",22,15,0,6,0,0,,,226,top structural and demand signals within provisional tier
/Game/PrimalEarth/Dinos/Rex/Rex_New/Rex_New_Chibi_AnimBP_BASE.Rex_New_Chibi_AnimBP_BASE,Rex_New_Chibi_AnimBP_BASE,/Script/Engine.AnimBlueprint,/Script/Engine.AnimInstance,UNKNOWN,1,"[""has_descendants"",""referenced_by_assets"",""cross_domain_references""]",22,23,0,5,0,0,,,227,top structural and demand signals within provisional tier
/Game/PrimalEarth/LightingProbes/ChildIBL_Capture_Blueprint.ChildIBL_Capture_Blueprint,ChildIBL_Capture_Blueprint,/Script/Engine.Blueprint,/Script/Engine.SphereReflectionCapture,UNKNOWN,1,"[""has_descendants"",""referenced_by_assets"",""cross_domain_references""]",22,23,0,4,0,0,,,228,top structural and demand signals within provisional tier
/Game/PrimalEarth/CoreBlueprints/Items/Armor/Base/PrimalItemArmor_Base_Tek.PrimalItemArmor_Base_Tek,PrimalItemArmor_Base_Tek,/Script/Engine.Blueprint,/Game/PrimalEarth/CoreBlueprints/Items/Armor/Base/PrimalItemArmorGeneric.PrimalItemArmorGeneric_C,/Script/ShooterGame.PrimalItem,1,"[""has_descendants"",""referenced_by_assets"",""cross_domain_references""]",22,22,0,3,0,0,,,229,top structural and demand signals within provisional tier
/Game/LostColony/Missions/Overworld/Outpost/Attack/Base/Modules/MissionModule_LC_Outpost_Waves_Attack_Base.MissionModule_LC_Outpost_Waves_Attack_Base,MissionModule_LC_Outpost_Waves_Attack_Base,/Script/Engine.Blueprint,/Game/LostColony/Missions/Overworld/Outpost/Base/Modules/MissionModule_LC_Outpost_Waves_Base.MissionModule_LC_Outpost_Waves_Base_C,/Script/ShooterGame.NewMissionModuleBase,1,"[""has_descendants"",""referenced_by_assets"",""cross_domain_references""]",22,7,0,2,0,0,,,230,top structural and demand signals within provisional tier
/Game/PrimalEarth/CoreBlueprints/PrimalGameDataARKNX_BP.PrimalGameDataARKNX_BP,PrimalGameDataARKNX_BP,/Script/Engine.Blueprint,/Game/PrimalEarth/CoreBlueprints/PrimalGameData_BP.PrimalGameData_BP_C,/Script/ShooterGame.PrimalGameData,1,"[""has_descendants"",""referenced_by_assets"",""global_entry_name_hint_low_confidence""]",22,24,0,1,0,0,,,231,top structural and demand signals within provisional tier
/Game/PrimalEarth/CoreBlueprints/Items/Armor/Base/PrimalItemArmor_BasePants.PrimalItemArmor_BasePants,PrimalItemArmor_BasePants,/Script/Engine.Blueprint,/Game/PrimalEarth/CoreBlueprints/Items/Armor/Base/PrimalItemArmorGeneric.PrimalItemArmorGeneric_C,/Script/ShooterGame.PrimalItem,1,"[""has_descendants"",""referenced_by_assets"",""cross_domain_references""]",21,46,0,11,0,0,,,232,top structural and demand signals within provisional tier
/Game/PrimalEarth/CoreBlueprints/Items/Armor/Base/PrimalItemArmor_BaseBoots.PrimalItemArmor_BaseBoots,PrimalItemArmor_BaseBoots,/Script/Engine.Blueprint,/Game/PrimalEarth/CoreBlueprints/Items/Armor/Base/PrimalItemArmorGeneric.PrimalItemArmorGeneric_C,/Script/ShooterGame.PrimalItem,1,"[""has_descendants"",""referenced_by_assets"",""cross_domain_references""]",21,43,0,11,0,0,,,233,top structural and demand signals within provisional tier
/Game/PrimalEarth/CoreBlueprints/ExplorerChest/ExplorerChest_Base.ExplorerChest_Base,ExplorerChest_Base,/Script/Engine.Blueprint,/Script/Engine.Actor,/Script/Engine.Actor,1,"[""has_descendants"",""referenced_by_assets"",""cross_domain_references""]",21,280,0,5,0,0,,,234,top structural and demand signals within provisional tier
/Game/PrimalEarth/CoreBlueprints/Items/Artifacts/PrimalItemArtifactGeneric.PrimalItemArtifactGeneric,PrimalItemArtifactGeneric,/Script/Engine.Blueprint,/Game/PrimalEarth/CoreBlueprints/Items/PrimalItem_Base.PrimalItem_Base_C,/Script/ShooterGame.PrimalItem,1,"[""has_descendants"",""referenced_by_assets"",""cross_domain_references""]",21,29,0,5,0,0,,,235,top structural and demand signals within provisional tier
/Game/ASA/UI/DinoHelperHUD.DinoHelperHUD,DinoHelperHUD,/Script/UMGEditor.WidgetBlueprint,/Script/ShooterGame.PrimalUI,/Script/ShooterGame.PrimalUI,1,"[""has_descendants"",""referenced_by_assets"",""cross_domain_references""]",21,21,0,5,0,0,,,236,top structural and demand signals within provisional tier
/Game/PrimalEarth/Structures/BaseFuelBurner_GasOnly.BaseFuelBurner_GasOnly,BaseFuelBurner_GasOnly,/Script/Engine.Blueprint,/Game/PrimalEarth/Structures/BaseFuelBurner.BaseFuelBurner_C,/Script/ShooterGame.PrimalStructureItemContainer,1,"[""has_descendants"",""referenced_by_assets"",""cross_domain_references""]",21,15,0,4,0,0,,,237,top structural and demand signals within provisional tier
/Game/PrimalEarth/CoreBlueprints/Resources/PrimalItemResource_Craftable.PrimalItemResource_Craftable,PrimalItemResource_Craftable,/Script/Engine.Blueprint,/Game/PrimalEarth/CoreBlueprints/Resources/PrimalItemResourceGeneric.PrimalItemResourceGeneric_C,/Script/ShooterGame.PrimalItem,1,"[""has_descendants"",""referenced_by_assets"",""cross_domain_references""]",21,14,0,4,0,0,,,238,top structural and demand signals within provisional tier
/Game/Genesis/Missions/GauntletWaves/PrimalItem_GauntletDamageBuffKey.PrimalItem_GauntletDamageBuffKey,PrimalItem_GauntletDamageBuffKey,/Script/Engine.Blueprint,/Script/ShooterGame.PrimalItem,UNKNOWN,1,"[""has_descendants"",""referenced_by_assets"",""cross_domain_references""]",21,14,0,2,0,0,,,239,top structural and demand signals within provisional tier
/Game/Genesis/Missions/GauntletWaves/Buff_GauntletDamageMultiplier.Buff_GauntletDamageMultiplier,Buff_GauntletDamageMultiplier,/Script/Engine.Blueprint,/Game/PrimalEarth/CoreBlueprints/Buffs/Buff_Base.Buff_Base_C,UNKNOWN,1,"[""has_descendants"",""referenced_by_assets"",""cross_domain_references""]",21,5,0,2,0,0,,,240,top structural and demand signals within provisional tier
/Game/PrimalEarth/Dinos/Carno/Carno_Character_BP.Carno_Character_BP,Carno_Character_BP,/Script/Engine.Blueprint,/Game/PrimalEarth/CoreBlueprints/Dino_Character_BP.Dino_Character_BP_C,/Script/ShooterGame.PrimalDinoCharacter,1,"[""has_descendants"",""referenced_by_assets""]",21,101,0,1,0,0,,,241,top structural and demand signals within provisional tier
/Game/Genesis/Missions/Race/Buff_RacePowerUp_Base.Buff_RacePowerUp_Base,Buff_RacePowerUp_Base,/Script/Engine.Blueprint,/Game/PrimalEarth/CoreBlueprints/Buffs/Buff_Base.Buff_Base_C,UNKNOWN,1,"[""has_descendants"",""referenced_by_assets""]",21,6,0,1,0,0,,,242,top structural and demand signals within provisional tier
/Game/Genesis/Missions/Sports/DodoBall/MissionType_Sport_Base.MissionType_Sport_Base,MissionType_Sport_Base,/Script/Engine.Blueprint,/Game/Genesis/Missions/MissionTypeBlueprintBase.MissionTypeBlueprintBase_C,/Script/ShooterGame.MissionType,1,"[""has_descendants"",""referenced_by_assets""]",21,2,0,1,0,0,,,243,top structural and demand signals within provisional tier
/Game/PrimalEarth/CoreBlueprints/Spawners/DinoSpawnEntriesCaveTek.DinoSpawnEntriesCaveTek,DinoSpawnEntriesCaveTek,/Script/Engine.Blueprint,/Script/ShooterGame.NPCSpawnEntriesContainer,/Script/ShooterGame.NPCSpawnEntriesContainer,1,"[""has_descendants"",""referenced_by_assets""]",21,1,0,1,0,0,,,244,top structural and demand signals within provisional tier
/Game/PrimalEarth/CoreBlueprints/Items/Armor/Base/PrimalItemArmor_BaseGloves.PrimalItemArmor_BaseGloves,PrimalItemArmor_BaseGloves,/Script/Engine.Blueprint,/Game/PrimalEarth/CoreBlueprints/Items/Armor/Base/PrimalItemArmorGeneric.PrimalItemArmorGeneric_C,/Script/ShooterGame.PrimalItem,1,"[""has_descendants"",""referenced_by_assets"",""cross_domain_references""]",20,41,0,11,0,0,,,245,top structural and demand signals within provisional tier
/Game/PrimalEarth/CoreBlueprints/Buffs/Buff_Base_OnlyRelevantToOwner.Buff_Base_OnlyRelevantToOwner,Buff_Base_OnlyRelevantToOwner,/Script/Engine.Blueprint,/Game/PrimalEarth/CoreBlueprints/Buffs/Buff_Base.Buff_Base_C,/Script/ShooterGame.PrimalBuff,1,"[""has_descendants"",""referenced_by_assets"",""cross_domain_references""]",20,14,0,6,0,0,,,246,top structural and demand signals within provisional tier
/Game/PrimalEarth/CoreBlueprints/Weapons/WeapSword.WeapSword,WeapSword,/Script/Engine.Blueprint,/Game/PrimalEarth/CoreBlueprints/Weapons/WeapBaseClub.WeapBaseClub_C,/Script/ShooterGame.ShooterWeapon_Melee,1,"[""has_descendants"",""referenced_by_assets"",""cross_domain_references""]",20,26,0,5,0,0,,,247,top structural and demand signals within provisional tier
/Game/PrimalEarth/Structures/ArtifactCrates/ArtifactCrate_Instantaneous_Alt.ArtifactCrate_Instantaneous_Alt,ArtifactCrate_Instantaneous_Alt,/Script/Engine.Blueprint,/Game/PrimalEarth/Structures/BuildingBases/SupplyCrateBaseBP_Instantaneous.SupplyCrateBaseBP_Instantaneous_C,/Script/ShooterGame.PrimalStructureItemContainer_SupplyCrate,1,"[""has_descendants"",""referenced_by_assets"",""cross_domain_references""]",20,23,0,5,0,0,,,248,top structural and demand signals within provisional tier
/Game/PrimalEarth/Dinos/BaseBPs/DinoSettings_Carnivore_Large.DinoSettings_Carnivore_Large,DinoSettings_Carnivore_Large,/Script/Engine.Blueprint,/Game/PrimalEarth/Dinos/BaseBPs/DinoSettings_Carnivore.DinoSettings_Carnivore_C,/Script/ShooterGame.PrimalDinoSettings,1,"[""has_descendants"",""referenced_by_assets"",""cross_domain_references""]",20,17,0,4,0,0,,,249,top structural and demand signals within provisional tier
/Game/PrimalEarth/CoreBlueprints/Weapons/WeapCompoundBow.WeapCompoundBow,WeapCompoundBow,/Script/Engine.Blueprint,/Script/ShooterGame.PrimalWeaponBow,/Script/ShooterGame.PrimalWeaponBow,1,"[""has_descendants"",""referenced_by_assets"",""cross_domain_references""]",20,14,0,4,0,0,,,250,top structural and demand signals within provisional tier
/Game/LostColony/Missions/Overworld/Outpost/Attack/Base/Modules/Sub/MissionSubModule_SpawnCreatures_Outpost_Attack.MissionSubModule_SpawnCreatures_Outpost_Attack,MissionSubModule_SpawnCreatures_Outpost_Attack,/Script/Engine.Blueprint,/Game/LostColony/Missions/Overworld/Outpost/Base/Modules/MissionSubModule_SpawnCreatures_LC_Outpost_Base.MissionSubModule_SpawnCreatures_LC_Outpost_Base_C,/Script/ShooterGame.NewMissionModuleBase,1,"[""has_descendants"",""referenced_by_assets""]",20,21,0,1,0,0,,,251,top structural and demand signals within provisional tier
/Game/ASA/Dinos/SpiritBear/Gameplay/ToMerge/v2/Buff_State_Base.Buff_State_Base,Buff_State_Base,/Script/Engine.Blueprint,/Game/ASA/Dinos/SpiritBear/Gameplay/ToMerge/v2/Buff_GameComp_Base_V2.Buff_GameComp_Base_V2_C,/Script/ShooterGame.PrimalBuff,1,"[""has_descendants"",""referenced_by_assets""]",20,20,0,1,0,0,,,252,top structural and demand signals within provisional tier
/Game/PrimalEarth/CoreBlueprints/Items/Armor/Saddles/PrimalItemCostume_Ghost_Base.PrimalItemCostume_Ghost_Base,PrimalItemCostume_Ghost_Base,/Script/Engine.Blueprint,/Game/PrimalEarth/CoreBlueprints/Items/Armor/Skin/DearJane/PrimalItemCostumeGeneric_DinoColorization.PrimalItemCostumeGeneric_DinoColorization_C,/Script/ShooterGame.PrimalItem,1,"[""has_descendants"",""referenced_by_assets""]",20,20,0,1,0,0,,,253,top structural and demand signals within provisional tier
/Game/Genesis2/Missions/ModularMission/Gauntlet2/STA/MissionModule_zSubmodule_SpawnCreatures_Gauntlet_STA.MissionModule_zSubmodule_SpawnCreatures_Gauntlet_STA,MissionModule_zSubmodule_SpawnCreatures_Gauntlet_STA,/Script/Engine.Blueprint,/Game/Genesis2/Missions/ModularMission/Gauntlet2/MissionModule_zSubmodule_SpawnCreatures_Gauntlet.MissionModule_zSubmodule_SpawnCreatures_Gauntlet_C,UNKNOWN,1,"[""has_descendants"",""referenced_by_assets""]",20,13,0,1,0,0,,,254,top structural and demand signals within provisional tier
/Game/Genesis2/Missions/ModularMission/Gauntlet2/STA/MissionModule_Kill_Gauntlet_STA.MissionModule_Kill_Gauntlet_STA,MissionModule_Kill_Gauntlet_STA,/Script/Engine.Blueprint,/Game/Genesis2/Missions/ModularMission/Gauntlet2/MissionModule_Kill_Gauntlet.MissionModule_Kill_Gauntlet_C,UNKNOWN,1,"[""has_descendants"",""referenced_by_assets""]",20,11,0,1,0,0,,,255,top structural and demand signals within provisional tier
/Game/ASA/Dinos/SpiritBear/Gameplay/ToMerge/v2/GameComp_State_Definition_Base.GameComp_State_Definition_Base,GameComp_State_Definition_Base,/Script/Engine.Blueprint,/Script/ShooterGame.Object_WithWorldContext,/Script/ShooterGame.Object_WithWorldContext,1,"[""has_descendants"",""referenced_by_assets""]",20,7,0,1,0,0,,,256,top structural and demand signals within provisional tier
/Game/PrimalEarth/CoreBlueprints/Spawners/DinoSpawnEntriesCaveTek_Easy.DinoSpawnEntriesCaveTek_Easy,DinoSpawnEntriesCaveTek_Easy,/Script/Engine.Blueprint,/Game/PrimalEarth/CoreBlueprints/Spawners/DinoSpawnEntriesCaveTek.DinoSpawnEntriesCaveTek_C,/Script/ShooterGame.NPCSpawnEntriesContainer,1,"[""has_descendants"",""referenced_by_assets""]",20,7,0,1,0,0,,,257,top structural and demand signals within provisional tier
/Game/Genesis/Missions/Sports/DodoBall/MissionType_Sport_BasketBall.MissionType_Sport_BasketBall,MissionType_Sport_BasketBall,/Script/Engine.Blueprint,/Game/Genesis/Missions/Sports/DodoBall/MissionType_Sport_Base.MissionType_Sport_Base_C,/Script/ShooterGame.MissionType,1,"[""has_descendants"",""referenced_by_assets""]",20,5,0,1,0,0,,,258,top structural and demand signals within provisional tier
/Game/PrimalEarth/Structures/Flag_SM.Flag_SM,Flag_SM,/Script/Engine.Blueprint,/Game/PrimalEarth/Structures/BuildingBases/StructureBaseBP.StructureBaseBP_C,/Script/ShooterGame.PrimalStructure,1,"[""has_descendants"",""referenced_by_assets"",""cross_domain_references""]",19,22,0,12,0,0,,,259,top structural and demand signals within provisional tier
/DinoDefense/Base/CharacterSystem/SimpleCharacter.SimpleCharacter,SimpleCharacter,/Script/Engine.Blueprint,/Script/Engine.Character,/Script/Engine.Character,1,"[""has_descendants"",""referenced_by_assets"",""cross_domain_references""]",19,91,0,4,0,0,,,260,top structural and demand signals within provisional tier
/Game/PrimalEarth/Structures/BuildingBases/GenericStructureSettings.GenericStructureSettings,GenericStructureSettings,/Script/Engine.Blueprint,/Script/ShooterGame.PrimalStructureSettings,/Script/ShooterGame.PrimalStructureSettings,1,"[""has_descendants"",""referenced_by_assets"",""cross_domain_references""]",19,17,0,4,0,0,,,261,top structural and demand signals within provisional tier
/Game/Genesis/Missions/Race/Buff_RacePowerUp_Speed.Buff_RacePowerUp_Speed,Buff_RacePowerUp_Speed,/Script/Engine.Blueprint,/Game/Genesis/Missions/Race/Buff_RacePowerUp_Base.Buff_RacePowerUp_Base_C,/Script/ShooterGame.PrimalBuff,1,"[""has_descendants"",""referenced_by_assets"",""cross_domain_references""]",19,24,0,3,0,0,,,262,top structural and demand signals within provisional tier
/Game/Genesis2/Missions/ModularMission/MissionModule_zSubmodule_TeleportPlayers_Base.MissionModule_zSubmodule_TeleportPlayers_Base,MissionModule_zSubmodule_TeleportPlayers_Base,/Script/Engine.Blueprint,/Game/Genesis2/Missions/ModularMission/MissionModule_Base.MissionModule_Base_C,/Script/ShooterGame.NewMissionModuleBase,1,"[""has_descendants"",""referenced_by_assets"",""cross_domain_references""]",19,17,0,3,0,0,,,263,top structural and demand signals within provisional tier
/Game/Genesis/Missions/GauntletWaves/MissionType_GauntletWaves_Base.MissionType_GauntletWaves_Base,MissionType_GauntletWaves_Base,/Script/Engine.Blueprint,/Game/Genesis/Missions/MissionTypeBlueprintBase.MissionTypeBlueprintBase_C,/Script/ShooterGame.MissionType,1,"[""has_descendants"",""referenced_by_assets"",""cross_domain_references""]",19,13,0,3,0,0,,,264,top structural and demand signals within provisional tier
/Game/PrimalEarth/CoreBlueprints/Items/Structures/BuildingBases/PrimalItemStructure_BaseDoor.PrimalItemStructure_BaseDoor,PrimalItemStructure_BaseDoor,/Script/Engine.Blueprint,/Game/PrimalEarth/CoreBlueprints/Items/Structures/BuildingBases/PrimalItemStructureGeneric.PrimalItemStructureGeneric_C,/Script/ShooterGame.PrimalItem,1,"[""has_descendants"",""referenced_by_assets"",""cross_domain_references""]",19,13,0,3,0,0,,,265,top structural and demand signals within provisional tier
/Game/ASA/CoreBlueprints/ActorTrackFilters/CharacterTrackFilter_Base.CharacterTrackFilter_Base,CharacterTrackFilter_Base,/Script/Engine.Blueprint,/Script/ShooterGame.DinoTrackFilterOption,/Script/ShooterGame.DinoTrackFilterOption,1,"[""has_descendants"",""referenced_by_assets"",""cross_domain_references""]",19,21,0,2,0,0,,,266,top structural and demand signals within provisional tier
/Game/Genesis/Missions/GauntletWaves/Buff_GauntletDamageMultiplier_TempTame.Buff_GauntletDamageMultiplier_TempTame,Buff_GauntletDamageMultiplier_TempTame,/Script/Engine.Blueprint,/Game/Genesis/Missions/GauntletWaves/Buff_GauntletDamageMultiplier.Buff_GauntletDamageMultiplier_C,UNKNOWN,1,"[""has_descendants"",""referenced_by_assets"",""cross_domain_references""]",19,21,0,2,0,0,,,267,top structural and demand signals within provisional tier
/Game/Genesis/Missions/GauntletWaves/PrimalItem_GauntletDamageBuffKey_TempTame.PrimalItem_GauntletDamageBuffKey_TempTame,PrimalItem_GauntletDamageBuffKey_TempTame,/Script/Engine.Blueprint,/Game/Genesis/Missions/GauntletWaves/PrimalItem_GauntletDamageBuffKey.PrimalItem_GauntletDamageBuffKey_C,UNKNOWN,1,"[""has_descendants"",""referenced_by_assets"",""cross_domain_references""]",19,20,0,2,0,0,,,268,top structural and demand signals within provisional tier
/Game/Extinction/CoreBlueprints/DinoSettings_Corrupt.DinoSettings_Corrupt,DinoSettings_Corrupt,/Script/Engine.Blueprint,/Game/PrimalEarth/Dinos/BaseBPs/DinoSettings_Base.DinoSettings_Base_C,/Script/ShooterGame.PrimalDinoSettings,1,"[""has_descendants"",""referenced_by_assets"",""cross_domain_references""]",19,3,0,2,0,0,,,269,top structural and demand signals within provisional tier
/Game/ASA/Dinos/SpiritBear/Gameplay/ToMerge/v2/Buff_State_Server_Base.Buff_State_Server_Base,Buff_State_Server_Base,/Script/Engine.Blueprint,/Game/ASA/Dinos/SpiritBear/Gameplay/ToMerge/v2/Buff_State_Base.Buff_State_Base_C,/Script/ShooterGame.PrimalBuff,1,"[""has_descendants"",""referenced_by_assets""]",19,12,0,1,0,0,,,270,top structural and demand signals within provisional tier
/Game/ASA/Dinos/SpiritBear/States/Base/GameComp_State_SpiritBear_Base.GameComp_State_SpiritBear_Base,GameComp_State_SpiritBear_Base,/Script/Engine.Blueprint,/Game/ASA/Dinos/SpiritBear/Gameplay/ToMerge/v2/GameComp_State_Definition_Base.GameComp_State_Definition_Base_C,/Script/ShooterGame.Object_WithWorldContext,1,"[""has_descendants"",""referenced_by_assets""]",19,9,0,1,0,0,,,271,top structural and demand signals within provisional tier
/Game/PrimalEarth/CoreBlueprints/DamageTypes/DmgType_Melee_HarvestWeapon.DmgType_Melee_HarvestWeapon,DmgType_Melee_HarvestWeapon,/Script/Engine.Blueprint,/Game/PrimalEarth/CoreBlueprints/DamageTypes/DmgType_Melee_Torpidity_Low.DmgType_Melee_Torpidity_Low_C,/Script/ShooterGame.ShooterDamageType,1,"[""has_descendants"",""referenced_by_assets"",""cross_domain_references""]",18,55,0,8,0,0,,,272,top structural and demand signals within provisional tier
/Game/PrimalEarth/CoreBlueprints/Buffs/Buff_TekArmor.Buff_TekArmor,Buff_TekArmor,/Script/Engine.Blueprint,/Game/PrimalEarth/CoreBlueprints/Buffs/Buff_OverrideVelocity.Buff_OverrideVelocity_C,/Script/ShooterGame.PrimalBuff,1,"[""has_descendants"",""referenced_by_assets"",""cross_domain_references""]",18,23,0,6,0,0,,,273,top structural and demand signals within provisional tier
/Game/PrimalEarth/CoreBlueprints/DinoCharacterStatusComponent_BP_TorpidityControl.DinoCharacterStatusComponent_BP_TorpidityControl,DinoCharacterStatusComponent_BP_TorpidityControl,/Script/Engine.Blueprint,/Game/PrimalEarth/CoreBlueprints/DinoCharacterStatusComponent_BP.DinoCharacterStatusComponent_BP_C,/Script/ShooterGame.PrimalDinoStatusComponent,1,"[""has_descendants"",""referenced_by_assets"",""cross_domain_references""]",18,18,0,6,0,0,,,274,top structural and demand signals within provisional tier
/Game/PrimalEarth/Structures/BuildingBases/Sign_Small_Base.Sign_Small_Base,Sign_Small_Base,/Script/Engine.Blueprint,/Game/PrimalEarth/Structures/BuildingBases/Sign_Base.Sign_Base_C,/Script/ShooterGame.PrimalStructureSign,1,"[""has_descendants"",""referenced_by_assets"",""cross_domain_references""]",18,17,0,5,0,0,,,275,top structural and demand signals within provisional tier
/Game/PrimalEarth/CoreAI/Dino_AIController_BP_Climber.Dino_AIController_BP_Climber,Dino_AIController_BP_Climber,/Script/Engine.Blueprint,/Game/PrimalEarth/CoreAI/Dino_AIController_BP.Dino_AIController_BP_C,/Script/ShooterGame.PrimalDinoAIController,1,"[""has_descendants"",""referenced_by_assets"",""cross_domain_references""]",18,14,0,5,0,0,,,276,top structural and demand signals within provisional tier
/Game/PrimalEarth/CoreBlueprints/Projectiles/ProjWebBall.ProjWebBall,ProjWebBall,/Script/Engine.Blueprint,/Script/ShooterGame.ShooterProjectile,UNKNOWN,1,"[""has_descendants"",""referenced_by_assets"",""cross_domain_references""]",18,8,0,3,0,0,,,277,top structural and demand signals within provisional tier
/Game/Base/GameplayComponents/Mechanics/StateMachine/v3/Buff_State_Base_v3.Buff_State_Base_v3,Buff_State_Base_v3,/Script/Engine.Blueprint,/Game/Base/GameplayComponents/v2/Buff_GameComp_Base_V3.Buff_GameComp_Base_V3_C,/Script/ShooterGame.PrimalBuff,1,"[""has_descendants"",""referenced_by_assets"",""cross_domain_references""]",18,18,0,2,0,0,,,278,top structural and demand signals within provisional tier
/Game/PrimalEarth/CoreBlueprints/Items/Consumables/Seeds/PrimalItemConsumable_Seed_BaseBerry.PrimalItemConsumable_Seed_BaseBerry,PrimalItemConsumable_Seed_BaseBerry,/Script/Engine.Blueprint,/Game/PrimalEarth/CoreBlueprints/Items/Consumables/Seeds/PrimalItemConsumableSeed.PrimalItemConsumableSeed_C,/Script/ShooterGame.PrimalItem,1,"[""has_descendants"",""referenced_by_assets"",""cross_domain_references""]",18,17,0,2,0,0,,,279,top structural and demand signals within provisional tier
/Game/PrimalEarth/CoreBlueprints/Weapons/WeapBaseHatchet.WeapBaseHatchet,WeapBaseHatchet,/Script/Engine.Blueprint,/Game/PrimalEarth/CoreBlueprints/Weapons/WeapBaseMelee.WeapBaseMelee_C,/Script/ShooterGame.ShooterWeapon_Melee,1,"[""has_descendants"",""referenced_by_assets"",""cross_domain_references""]",18,9,0,2,0,0,,,280,top structural and demand signals within provisional tier
/Game/LostColony/Missions/Overworld/Outpost/Base/Modules/MissionModule_LC_Outpost_BossFight_Base.MissionModule_LC_Outpost_BossFight_Base,MissionModule_LC_Outpost_BossFight_Base,/Script/Engine.Blueprint,/Game/Genesis2/Missions/ModularMission/MissionModule_Base.MissionModule_Base_C,/Script/ShooterGame.NewMissionModuleBase,1,"[""has_descendants"",""referenced_by_assets"",""cross_domain_references""]",18,3,0,2,0,0,,,281,top structural and demand signals within provisional tier
/Game/LostColony/Missions/Overworld/Outpost/Defend/Base/Modules/Sub/Waves/MissionSubModule_SpawnCreatures_Outpost_Defend_Wave_Base.MissionSubModule_SpawnCreatures_Outpost_Defend_Wave_Base,MissionSubModule_SpawnCreatures_Outpost_Defend_Wave_Base,/Script/Engine.Blueprint,/Game/LostColony/Missions/Overworld/Outpost/Base/Modules/MissionSubModule_SpawnCreatures_LC_Outpost_Base.MissionSubModule_SpawnCreatures_LC_Outpost_Base_C,/Script/ShooterGame.NewMissionModuleBase,1,"[""has_descendants"",""referenced_by_assets""]",18,19,0,1,0,0,,,282,top structural and demand signals within provisional tier
/cfcore_ui/Widgets/Customization/UI_CFCore_CustomizeColorSlot.UI_CFCore_CustomizeColorSlot,UI_CFCore_CustomizeColorSlot,/Script/UMGEditor.WidgetBlueprint,/Script/ShooterGame.PrimalUserWidget,/Script/ShooterGame.PrimalUserWidget,1,"[""has_descendants"",""referenced_by_assets""]",18,19,0,1,0,0,,,283,top structural and demand signals within provisional tier
/Game/Genesis2/Missions/ModularMission/NestProtect/MissionModule_ZSubmodule_SpawnCreatures_NestProtect.MissionModule_ZSubmodule_SpawnCreatures_NestProtect,MissionModule_ZSubmodule_SpawnCreatures_NestProtect,/Script/Engine.Blueprint,/Game/Genesis2/Missions/ModularMission/MissionModule_zSubmodule_SpawnCreatures_Base.MissionModule_zSubmodule_SpawnCreatures_Base_C,UNKNOWN,1,"[""has_descendants"",""referenced_by_assets""]",18,16,0,1,0,0,,,284,top structural and demand signals within provisional tier
/Game/ASA/Dinos/SpiritBear/States/Base/Buff_State_Server_SBear_Base.Buff_State_Server_SBear_Base,Buff_State_Server_SBear_Base,/Script/Engine.Blueprint,/Game/ASA/Dinos/SpiritBear/Gameplay/ToMerge/v2/Buff_State_Server_Base.Buff_State_Server_Base_C,/Script/ShooterGame.PrimalBuff,1,"[""has_descendants"",""referenced_by_assets""]",18,11,0,1,0,0,,,285,top structural and demand signals within provisional tier
/Game/Genesis/Missions/Fishing/MissionType_Fishing_Base.MissionType_Fishing_Base,MissionType_Fishing_Base,/Script/Engine.Blueprint,/Game/Genesis/Missions/MissionTypeBlueprintBase.MissionTypeBlueprintBase_C,/Script/ShooterGame.MissionType,1,"[""has_descendants"",""referenced_by_assets""]",18,8,0,1,0,0,,,286,top structural and demand signals within provisional tier
/Game/ASA/CoreBlueprints/ActorTrackFilters/CharacterTrackFilter_SearchName.CharacterTrackFilter_SearchName,CharacterTrackFilter_SearchName,/Script/Engine.Blueprint,/Game/ASA/CoreBlueprints/ActorTrackFilters/CharacterTrackFilter_Base.CharacterTrackFilter_Base_C,/Script/ShooterGame.DinoTrackFilterOption,1,"[""has_descendants"",""referenced_by_assets""]",18,4,0,1,0,0,,,287,top structural and demand signals within provisional tier
/Game/PrimalEarth/Dinos/Stego/Stego_Character_BP.Stego_Character_BP,Stego_Character_BP,/Script/Engine.Blueprint,/Game/PrimalEarth/CoreBlueprints/Dino_Character_BP.Dino_Character_BP_C,/Script/ShooterGame.PrimalDinoCharacter,1,"[""has_descendants"",""referenced_by_assets"",""cross_domain_references""]",17,126,0,15,0,0,,,288,top structural and demand signals within provisional tier
/Game/Aberration/CoreBlueprints/LanternPet_Character_BP.LanternPet_Character_BP,LanternPet_Character_BP,/Script/Engine.Blueprint,/Game/PrimalEarth/CoreBlueprints/Dino_Character_BP.Dino_Character_BP_C,/Script/ShooterGame.PrimalDinoCharacter,1,"[""has_descendants"",""referenced_by_assets"",""cross_domain_references""]",17,25,0,7,0,0,,,289,top structural and demand signals within provisional tier
/Game/PrimalEarth/CoreBlueprints/Items/Structures/BuildingBases/PrimalItemStructure_BaseGate.PrimalItemStructure_BaseGate,PrimalItemStructure_BaseGate,/Script/Engine.Blueprint,/Game/PrimalEarth/CoreBlueprints/Items/Structures/BuildingBases/PrimalItemStructureGeneric.PrimalItemStructureGeneric_C,/Script/ShooterGame.PrimalItem,1,"[""has_descendants"",""referenced_by_assets"",""cross_domain_references""]",17,17,0,5,0,0,,,290,top structural and demand signals within provisional tier
/Game/PrimalEarth/CoreBlueprints/Dino_Character_BP_DivingFlyer.Dino_Character_BP_DivingFlyer,Dino_Character_BP_DivingFlyer,/Script/Engine.Blueprint,/Game/PrimalEarth/CoreBlueprints/Dino_Character_BP.Dino_Character_BP_C,/Script/ShooterGame.PrimalDinoCharacter,1,"[""has_descendants"",""referenced_by_assets"",""cross_domain_references""]",17,12,0,4,0,0,,,291,top structural and demand signals within provisional tier
/Game/PrimalEarth/CoreBlueprints/Weapons/WeapMachinedPistol.WeapMachinedPistol,WeapMachinedPistol,/Script/Engine.Blueprint,/Script/ShooterGame.ShooterWeapon_Instant,/Script/ShooterGame.ShooterWeapon_Instant,1,"[""has_descendants"",""referenced_by_assets"",""cross_domain_references""]",17,11,0,3,0,0,,,292,top structural and demand signals within provisional tier
/Game/PrimalEarth/CoreBlueprints/Weapons/PrimalItemAmmo_ArrowBase.PrimalItemAmmo_ArrowBase,PrimalItemAmmo_ArrowBase,/Script/Engine.Blueprint,/Game/PrimalEarth/CoreBlueprints/Weapons/PrimalItemAmmo_Base.PrimalItemAmmo_Base_C,/Script/ShooterGame.PrimalItem,1,"[""has_descendants"",""referenced_by_assets"",""cross_domain_references""]",17,10,0,3,0,0,,,293,top structural and demand signals within provisional tier
/Game/Base/GameplayComponents/Mechanics/StateMachine/v3/GameComp_State_Definition_Base_v3.GameComp_State_Definition_Base_v3,GameComp_State_Definition_Base_v3,/Script/Engine.Blueprint,/Script/ShooterGame.Object_WithWorldContext,/Script/ShooterGame.Object_WithWorldContext,1,"[""has_descendants"",""referenced_by_assets"",""cross_domain_references""]",17,23,0,2,0,0,,,294,top structural and demand signals within provisional tier
/Game/Genesis2/Missions/ModularMission/MissionModule_Checkpoints.MissionModule_Checkpoints,MissionModule_Checkpoints,/Script/Engine.Blueprint,/Game/Genesis2/Missions/ModularMission/MissionModule_Base.MissionModule_Base_C,/Script/ShooterGame.NewMissionModuleBase,1,"[""has_descendants"",""referenced_by_assets"",""cross_domain_references""]",17,20,0,2,0,0,,,295,top structural and demand signals within provisional tier
/Game/PrimalEarth/Structures/TekTier/Door_Tek_Base.Door_Tek_Base,Door_Tek_Base,/Script/Engine.Blueprint,/Game/PrimalEarth/Structures/BuildingBases/Door_Base_SM.Door_Base_SM_C,/Script/ShooterGame.PrimalStructureDoor,1,"[""has_descendants"",""referenced_by_assets"",""cross_domain_references""]",17,17,0,2,0,0,,,296,top structural and demand signals within provisional tier
/Game/PrimalEarth/Structures/Tileset/TriangleRoofs/StructureBase_Roof_Tri.StructureBase_Roof_Tri,StructureBase_Roof_Tri,/Script/Engine.Blueprint,/Game/PrimalEarth/Structures/BuildingBases/StructureBaseBP.StructureBaseBP_C,/Script/ShooterGame.PrimalStructure,1,"[""has_descendants"",""referenced_by_assets"",""cross_domain_references""]",17,16,0,2,0,0,,,297,top structural and demand signals within provisional tier
/Game/PrimalEarth/CoreBlueprints/Dino_Character_BP_VariableAnim.Dino_Character_BP_VariableAnim,Dino_Character_BP_VariableAnim,/Script/Engine.Blueprint,/Game/PrimalEarth/CoreBlueprints/Dino_Character_BP.Dino_Character_BP_C,/Script/ShooterGame.PrimalDinoCharacter,1,"[""has_descendants"",""referenced_by_assets"",""cross_domain_references""]",17,6,0,2,0,0,,,298,top structural and demand signals within provisional tier
/Game/Genesis/Missions/Ocean/Outpost/Ocean/Base/Modules/Sub/MissionSubModule_SpawnCreatures_Gen_Outpost_Sabotage_Base.MissionSubModule_SpawnCreatures_Gen_Outpost_Sabotage_Base,MissionSubModule_SpawnCreatures_Gen_Outpost_Sabotage_Base,/Script/Engine.Blueprint,/Game/Genesis/Missions/Ocean/Outpost/Ocean/Base/Modules/Sub/MissionSubModule_SpawnCreatures_Gen_Outpost_Ocean_Base.MissionSubModule_SpawnCreatures_Gen_Outpost_Ocean_Base_C,/Script/ShooterGame.NewMissionModuleBase,1,"[""has_descendants"",""referenced_by_assets""]",17,17,0,1,0,0,,,299,top structural and demand signals within provisional tier
/Game/LostColony/Weapons/TekSpear/ProjSpear_Tek.ProjSpear_Tek,ProjSpear_Tek,/Script/Engine.Blueprint,/Game/PrimalEarth/CoreBlueprints/Projectiles/ProjSpear.ProjSpear_C,/Script/ShooterGame.PrimalProjectileArrow,1,"[""has_descendants"",""referenced_by_assets""]",17,16,0,1,0,0,,,300,top structural and demand signals within provisional tier
/Game/Packs/TidesOfFortune/Structures/PirateChest/SupplyCrate_BuriedTreasurePirate_BASE.SupplyCrate_BuriedTreasurePirate_BASE,SupplyCrate_BuriedTreasurePirate_BASE,/Script/Engine.Blueprint,/Game/Packs/Frontier/Structures/TreasureCache/SupplyCrate/SupplyCrate_BuriedTreasureBase.SupplyCrate_BuriedTreasureBase_C,/Script/ShooterGame.PrimalStructureItemContainer_SupplyCrate,2,"[""has_descendants"",""referenced_by_assets"",""captured_domain_evidence""]",6,7,0,1,0,0,,,1,top structural and demand signals within provisional tier
/Game/Genesis/Missions/VRBattle/MissionType_VRBattle_FinalStage.MissionType_VRBattle_FinalStage,MissionType_VRBattle_FinalStage,/Script/Engine.Blueprint,/Game/Genesis/Missions/VRBattle/MissionType_VRBattle_Base.MissionType_VRBattle_Base_C,/Script/ShooterGame.MissionType,2,"[""has_descendants"",""referenced_by_assets"",""captured_domain_evidence""]",5,10,0,1,0,0,,,2,top structural and demand signals within provisional tier
/Game/Genesis/CoreBlueprints/LootSets/LootItemSet_Missions_Gather.LootItemSet_Missions_Gather,LootItemSet_Missions_Gather,/Script/Engine.Blueprint,/Game/Genesis/CoreBlueprints/LootSets/LootItemSet_Missions.LootItemSet_Missions_C,UNKNOWN,2,"[""has_descendants"",""referenced_by_assets"",""captured_domain_evidence""]",5,6,0,1,0,0,,,3,top structural and demand signals within provisional tier
/Game/Genesis/Missions/GatherNodes/MissionType_Gather_Nodes_Ocean.MissionType_Gather_Nodes_Ocean,MissionType_Gather_Nodes_Ocean,/Script/Engine.Blueprint,/Game/Genesis/Missions/GatherNodes/MissionType_Gather_Nodes.MissionType_Gather_Nodes_C,/Script/ShooterGame.MissionType,2,"[""has_descendants"",""referenced_by_assets"",""captured_domain_evidence""]",3,6,0,1,0,0,,,4,top structural and demand signals within provisional tier
/Game/Dragontopia/Dragons/Base/Draco_Character_BP.Draco_Character_BP,Draco_Character_BP,/Script/Engine.Blueprint,/Game/PrimalEarth/CoreBlueprints/Dino_Character_BP.Dino_Character_BP_C,/Script/ShooterGame.PrimalDinoCharacter,2,"[""has_descendants"",""referenced_by_assets"",""blueprint_native_boundary"",""captured_domain_evidence""]",3,5,0,1,0,0,,,5,top structural and demand signals within provisional tier
/Game/Packs/TidesOfFortune/Items/Tools/TreasureMapBottle/Gameplay/BaseClasses/PrimalItem_TreasureMap_Wild_Bottle_Base.PrimalItem_TreasureMap_Wild_Bottle_Base,PrimalItem_TreasureMap_Wild_Bottle_Base,/Script/Engine.Blueprint,/Game/Packs/Frontier/Structures/TreasureCache/TreasureMap/PrimalItem_TreasureMap_WildSupplyDrop.PrimalItem_TreasureMap_WildSupplyDrop_C,/Script/ShooterGame.PrimalItem,2,"[""has_descendants"",""referenced_by_assets"",""captured_domain_evidence""]",3,5,0,1,0,0,,,6,top structural and demand signals within provisional tier
/Game/ScorchedEarth/Dinos/Wyvern/WyvAttackStateFire.WyvAttackStateFire,WyvAttackStateFire,/Script/Engine.Blueprint,/Script/ShooterGame.PrimalAIStateDinoMeleeState,UNKNOWN,2,"[""has_descendants"",""referenced_by_assets"",""captured_domain_evidence""]",2,6,0,1,0,0,,,7,top structural and demand signals within provisional tier
/Game/Packs/TidesOfFortune/Dinos/Axolotl/Axolotl_Character_BP.Axolotl_Character_BP,Axolotl_Character_BP,/Script/Engine.Blueprint,/Game/PrimalEarth/CoreBlueprints/Dino_Character_BP.Dino_Character_BP_C,/Script/ShooterGame.PrimalDinoCharacter,2,"[""has_descendants"",""referenced_by_assets"",""blueprint_native_boundary"",""captured_domain_evidence""]",2,5,0,1,0,0,,,8,top structural and demand signals within provisional tier
/Game/PrimalEarth/General/PoisonGrenadeGasCloud.PoisonGrenadeGasCloud,PoisonGrenadeGasCloud,/Script/Engine.Blueprint,/Game/PrimalEarth/CoreBlueprints/Buffs/Buff_PoisonTrap.Buff_PoisonTrap_C,/Script/ShooterGame.PrimalBuff,2,"[""has_descendants"",""referenced_by_assets"",""captured_domain_evidence""]",2,5,0,1,0,0,,,9,top structural and demand signals within provisional tier
/Game/ScorchedEarth/Dinos/Wyvern/WyvProjLightingBall.WyvProjLightingBall,WyvProjLightingBall,/Script/Engine.Blueprint,/Script/ShooterGame.ShooterProjectile,/Script/ShooterGame.ShooterProjectile,2,"[""has_descendants"",""referenced_by_assets"",""captured_domain_evidence""]",2,5,0,1,0,0,,,10,top structural and demand signals within provisional tier
/Game/Packs/TidesOfFortune/Dinos/Axolotl/Abilities/Buff_AxolotlRegenBuffer.Buff_AxolotlRegenBuffer,Buff_AxolotlRegenBuffer,/Script/Engine.Blueprint,/Game/PrimalEarth/CoreBlueprints/Buffs/Buff_Base.Buff_Base_C,/Script/ShooterGame.PrimalBuff,2,"[""has_descendants"",""referenced_by_assets"",""captured_domain_evidence""]",2,4,0,1,0,0,,,11,top structural and demand signals within provisional tier
/Game/PrimalEarth/CoreBlueprints/GeneTraits/TraitBPs/Agressive/Trait_Aggressive.Trait_Aggressive,Trait_Aggressive,/Script/Engine.Blueprint,/Game/PrimalEarth/CoreBlueprints/GeneTraits/TraitBPs/Trait_Base.Trait_Base_C,/Script/ShooterGame.GeneTrait,2,"[""has_descendants"",""referenced_by_assets"",""captured_domain_evidence""]",2,4,0,1,0,0,,,12,top structural and demand signals within provisional tier
/Game/Packs/TidesOfFortune/Items/Tools/TreasureMapBottle/Gameplay/SupplyCrate_Bottle.SupplyCrate_Bottle,SupplyCrate_Bottle,/Script/Engine.Blueprint,/Game/Packs/TidesOfFortune/Items/Tools/TreasureMapBottle/Gameplay/SupplyCrate_Bottle_BASE.SupplyCrate_Bottle_BASE_C,/Script/ShooterGame.PrimalStructureItemContainer_SupplyCrate,2,"[""has_descendants"",""referenced_by_assets"",""captured_domain_evidence""]",2,3,0,1,0,0,,,13,top structural and demand signals within provisional tier
/Game/PrimalEarth/CoreBlueprints/Buffs/Buff_Bleeding_Stacks.Buff_Bleeding_Stacks,Buff_Bleeding_Stacks,/Script/Engine.Blueprint,/Game/PrimalEarth/CoreBlueprints/Buffs/Buff_Bleeding.Buff_Bleeding_C,/Script/ShooterGame.PrimalBuff,2,"[""has_descendants"",""referenced_by_assets"",""captured_domain_evidence""]",2,3,0,1,0,0,,,14,top structural and demand signals within provisional tier
/Game/PrimalEarth/CoreBlueprints/DamageTypes/DmgType_Melee_Dino_Carnivore_Medium_Bleed.DmgType_Melee_Dino_Carnivore_Medium_Bleed,DmgType_Melee_Dino_Carnivore_Medium_Bleed,/Script/Engine.Blueprint,/Game/PrimalEarth/CoreBlueprints/DamageTypes/DmgType_Melee_Dino_Carnivore_Medium.DmgType_Melee_Dino_Carnivore_Medium_C,/Script/ShooterGame.ShooterDamageType,2,"[""has_descendants"",""referenced_by_assets"",""cross_domain_references"",""captured_domain_evidence""]",1,8,0,3,0,0,,,15,top structural and demand signals within provisional tier
/Game/PrimalEarth/CoreBlueprints/Buffs/Buff_PoisonGrenade.Buff_PoisonGrenade,Buff_PoisonGrenade,/Script/Engine.Blueprint,/Game/PrimalEarth/CoreBlueprints/Buffs/Buff_Base_GasMaskable.Buff_Base_GasMaskable_C,/Script/ShooterGame.PrimalBuff,2,"[""has_descendants"",""referenced_by_assets"",""cross_domain_references"",""captured_domain_evidence""]",1,3,0,3,0,0,,,16,top structural and demand signals within provisional tier
/Game/PrimalEarth/CoreBlueprints/DamageTypes/DmgType_Melee_Dino_Carnivore_Small_MineHide_Bleed.DmgType_Melee_Dino_Carnivore_Small_MineHide_Bleed,DmgType_Melee_Dino_Carnivore_Small_MineHide_Bleed,/Script/Engine.Blueprint,/Game/PrimalEarth/CoreBlueprints/DamageTypes/DmgType_Melee_Dino_Carnivore_Small_MineHide.DmgType_Melee_Dino_Carnivore_Small_MineHide_C,/Script/ShooterGame.ShooterDamageType,2,"[""has_descendants"",""referenced_by_assets"",""cross_domain_references"",""captured_domain_evidence""]",1,3,0,3,0,0,,,17,top structural and demand signals within provisional tier
/Game/Genesis/CoreBlueprints/DinoCharacterStatusComponent_BP_SpaceWhale.DinoCharacterStatusComponent_BP_SpaceWhale,DinoCharacterStatusComponent_BP_SpaceWhale,/Script/Engine.Blueprint,/Game/PrimalEarth/CoreBlueprints/DinoCharacterStatusComponent_BP_TorpidityControl.DinoCharacterStatusComponent_BP_TorpidityControl_C,UNKNOWN,2,"[""has_descendants"",""referenced_by_assets"",""cross_domain_references"",""captured_domain_evidence""]",1,8,0,2,0,0,,,18,top structural and demand signals within provisional tier
/Game/PrimalEarth/CoreBlueprints/Weapons/WeapPoisonGrenade.WeapPoisonGrenade,WeapPoisonGrenade,/Script/Engine.Blueprint,/Script/ShooterGame.PrimalWeaponGrenade,/Script/ShooterGame.PrimalWeaponGrenade,2,"[""has_descendants"",""referenced_by_assets"",""cross_domain_references"",""captured_domain_evidence""]",1,3,0,2,0,0,,,19,top structural and demand signals within provisional tier
/Game/Genesis/Dinos/Shapeshifter/DinoCharacterStatusComponent_BP_Shapeshifter_Large.DinoCharacterStatusComponent_BP_Shapeshifter_Large,DinoCharacterStatusComponent_BP_Shapeshifter_Large,/Script/Engine.Blueprint,/Game/PrimalEarth/CoreBlueprints/DinoCharacterStatusComponent_BP.DinoCharacterStatusComponent_BP_C,/Script/ShooterGame.PrimalDinoStatusComponent,2,"[""has_descendants"",""referenced_by_assets"",""captured_domain_evidence""]",1,8,0,1,0,0,,,20,top structural and demand signals within provisional tier
/Game/Genesis/Weapons/TekGrenadeLauncher/WeapTekGrenadeLauncher.WeapTekGrenadeLauncher,WeapTekGrenadeLauncher,/Script/Engine.Blueprint,/Script/ShooterGame.ShooterWeapon_Projectile,/Script/ShooterGame.ShooterWeapon_Projectile,2,"[""has_descendants"",""referenced_by_assets"",""blueprint_native_boundary"",""captured_domain_evidence""]",1,8,0,1,0,0,,,21,top structural and demand signals within provisional tier
/Game/PrimalEarth/CoreBlueprints/Buffs/Buff_Bleeding_Carno.Buff_Bleeding_Carno,Buff_Bleeding_Carno,/Script/Engine.Blueprint,/Game/PrimalEarth/CoreBlueprints/Buffs/Buff_Bleeding.Buff_Bleeding_C,/Script/ShooterGame.PrimalBuff,2,"[""has_descendants"",""referenced_by_assets"",""captured_domain_evidence""]",1,5,0,1,0,0,,,22,top structural and demand signals within provisional tier
/Game/PrimalEarth/CoreBlueprints/Buffs/Buff_Gnashed.Buff_Gnashed,Buff_Gnashed,/Script/Engine.Blueprint,/Game/PrimalEarth/CoreBlueprints/Buffs/Buff_Bleeding.Buff_Bleeding_C,/Script/ShooterGame.PrimalBuff,2,"[""has_descendants"",""referenced_by_assets"",""captured_domain_evidence""]",1,5,0,1,0,0,,,23,top structural and demand signals within provisional tier
/Game/Packs/TidesOfFortune/Items/Tools/TreasureMapBottle/TreasureBottle_Tier1_BP.TreasureBottle_Tier1_BP,TreasureBottle_Tier1_BP,/Script/Engine.Blueprint,/Game/Packs/TidesOfFortune/Items/Tools/TreasureMapBottle/Gameplay/SupplyCrate_Bottle.SupplyCrate_Bottle_C,/Script/ShooterGame.PrimalStructureItemContainer_SupplyCrate,2,"[""has_descendants"",""referenced_by_assets"",""captured_domain_evidence""]",1,4,0,1,0,0,,,24,top structural and demand signals within provisional tier
/Game/PrimalEarth/CoreBlueprints/Projectiles/ProjGasGrenade.ProjGasGrenade,ProjGasGrenade,/Script/Engine.Blueprint,/Script/ShooterGame.ShooterProjectile,/Script/ShooterGame.ShooterProjectile,2,"[""has_descendants"",""referenced_by_assets"",""blueprint_native_boundary"",""captured_domain_evidence""]",1,4,0,1,0,0,,,25,top structural and demand signals within provisional tier
/Game/PrimalEarth/CoreBlueprints/Projectiles/ProjGrenadeTek.ProjGrenadeTek,ProjGrenadeTek,/Script/Engine.Blueprint,/Script/ShooterGame.ShooterProjectile,/Script/ShooterGame.ShooterProjectile,2,"[""has_descendants"",""referenced_by_assets"",""captured_domain_evidence""]",1,4,0,1,0,0,,,26,top structural and demand signals within provisional tier
/Game/PrimalEarth/CoreBlueprints/Weapons/WeapGasGrenade.WeapGasGrenade,WeapGasGrenade,/Script/Engine.Blueprint,/Script/ShooterGame.PrimalWeaponGrenade,/Script/ShooterGame.PrimalWeaponGrenade,2,"[""has_descendants"",""referenced_by_assets"",""captured_domain_evidence""]",1,4,0,1,0,0,,,27,top structural and demand signals within provisional tier
/Game/PrimalEarth/CoreBlueprints/Weapons/WeapTekGrenade.WeapTekGrenade,WeapTekGrenade,/Script/Engine.Blueprint,/Script/ShooterGame.PrimalWeaponGrenade,/Script/ShooterGame.PrimalWeaponGrenade,2,"[""has_descendants"",""referenced_by_assets"",""captured_domain_evidence""]",1,4,0,1,0,0,,,28,top structural and demand signals within provisional tier
/Game/ScorchedEarth/Dinos/Wyvern/ProjWyvPoisonBall.ProjWyvPoisonBall,ProjWyvPoisonBall,/Script/Engine.Blueprint,/Script/ShooterGame.PrimalProjectileDilo,/Script/ShooterGame.PrimalProjectileDilo,2,"[""has_descendants"",""referenced_by_assets"",""captured_domain_evidence""]",1,4,0,1,0,0,,,29,top structural and demand signals within provisional tier
/Game/ScorchedEarth/WeaponClusterGrenade/ProjClusterGrenadeFragment.ProjClusterGrenadeFragment,ProjClusterGrenadeFragment,/Script/Engine.Blueprint,/Script/ShooterGame.ShooterProjectile,/Script/ShooterGame.ShooterProjectile,2,"[""has_descendants"",""referenced_by_assets"",""captured_domain_evidence""]",1,4,0,1,0,0,,,30,top structural and demand signals within provisional tier
/Game/Extinction/CoreBlueprints/Projectiles/ProjTekGravityGrenade.ProjTekGravityGrenade,ProjTekGravityGrenade,/Script/Engine.Blueprint,/Script/ShooterGame.ShooterProjectile,/Script/ShooterGame.ShooterProjectile,2,"[""has_descendants"",""referenced_by_assets"",""captured_domain_evidence""]",1,3,0,1,0,0,,,31,top structural and demand signals within provisional tier
/Game/Extinction/Effects/Blueprints/Gameplay/TekGravityGrenadeExplosionEmitter.TekGravityGrenadeExplosionEmitter,TekGravityGrenadeExplosionEmitter,/Script/Engine.Blueprint,/Script/ShooterGame.PrimalEmitterSpawnable,/Script/ShooterGame.PrimalEmitterSpawnable,2,"[""has_descendants"",""referenced_by_assets"",""captured_domain_evidence""]",1,3,0,1,0,0,,,32,top structural and demand signals within provisional tier
/Game/Genesis/Dinos/Shapeshifter/ProjRock_ShapeShifter.ProjRock_ShapeShifter,ProjRock_ShapeShifter,/Script/Engine.Blueprint,/Script/ShooterGame.PrimalProjectileArrow,UNKNOWN,2,"[""has_descendants"",""referenced_by_assets"",""captured_domain_evidence""]",1,3,0,1,0,0,,,33,top structural and demand signals within provisional tier
/Game/Genesis2/Dinos/TekStrider/HackingTaming/Buff_StriderHackingParent.Buff_StriderHackingParent,Buff_StriderHackingParent,/Script/Engine.Blueprint,/Game/PrimalEarth/CoreBlueprints/Buffs/Buff_Base.Buff_Base_C,UNKNOWN,2,"[""has_descendants"",""referenced_by_assets"",""captured_domain_evidence""]",1,3,0,1,0,0,,,34,top structural and demand signals within provisional tier
/Game/Packs/TidesOfFortune/Dinos/Axolotl/Axolotl_Large/Buff_HealAura_Axolotl.Buff_HealAura_Axolotl,Buff_HealAura_Axolotl,/Script/Engine.Blueprint,/Game/PrimalEarth/CoreBlueprints/Buffs/Buff_HealAura.Buff_HealAura_C,/Script/ShooterGame.PrimalBuff,2,"[""has_descendants"",""referenced_by_assets"",""blueprint_native_boundary"",""captured_domain_evidence""]",1,3,0,1,0,0,,,35,top structural and demand signals within provisional tier
/Game/PrimalEarth/CoreBlueprints/Projectiles/ProjPoisonGrenade.ProjPoisonGrenade,ProjPoisonGrenade,/Script/Engine.Blueprint,/Script/ShooterGame.ShooterProjectile,/Script/ShooterGame.ShooterProjectile,2,"[""has_descendants"",""referenced_by_assets"",""captured_domain_evidence""]",1,3,0,1,0,0,,,36,top structural and demand signals within provisional tier
/Game/ScorchedEarth/WeaponClusterGrenade/ProjClusterGrenade.ProjClusterGrenade,ProjClusterGrenade,/Script/Engine.Blueprint,/Game/PrimalEarth/CoreBlueprints/Projectiles/ProjGrenade.ProjGrenade_C,/Script/ShooterGame.ShooterProjectile,2,"[""has_descendants"",""referenced_by_assets"",""captured_domain_evidence""]",1,3,0,1,0,0,,,37,top structural and demand signals within provisional tier
/Game/ScorchedEarth/WeaponClusterGrenade/WeapClusterGrenade.WeapClusterGrenade,WeapClusterGrenade,/Script/Engine.Blueprint,/Game/PrimalEarth/CoreBlueprints/Weapons/WeapGrenade.WeapGrenade_C,/Script/ShooterGame.PrimalWeaponGrenade,2,"[""has_descendants"",""referenced_by_assets"",""captured_domain_evidence""]",1,3,0,1,0,0,,,38,top structural and demand signals within provisional tier
/Game/PrimalEarth/CoreBlueprints/ItemLootSets/LootItemSet_BottleMap.LootItemSet_BottleMap,LootItemSet_BottleMap,/Script/Engine.Blueprint,/Script/ShooterGame.PrimalSupplyCrateItemSet,/Script/ShooterGame.PrimalSupplyCrateItemSet,2,"[""has_descendants"",""referenced_by_assets"",""captured_domain_evidence""]",1,1,0,1,0,0,,,39,top structural and demand signals within provisional tier
/Game/Genesis/Missions/VRBattle/BossArenaManager_VRBattle.BossArenaManager_VRBattle,BossArenaManager_VRBattle,/Script/Engine.Blueprint,/Game/Genesis/CoreBlueprints/GenesisBossArenaManager.GenesisBossArenaManager_C,UNKNOWN,2,"[""referenced_by_assets"",""cross_domain_references"",""captured_domain_evidence""]",0,7,0,3,0,0,,,40,top structural and demand signals within provisional tier
/Game/ScorchedEarth/Dinos/Wyvern/WyvAttackStateRangedLightning.WyvAttackStateRangedLightning,WyvAttackStateRangedLightning,/Script/Engine.Blueprint,/Script/ShooterGame.PrimalAIStateDinoRangedState,UNKNOWN,2,"[""referenced_by_assets"",""cross_domain_references"",""captured_domain_evidence""]",0,5,0,3,0,0,,,41,top structural and demand signals within provisional tier
/Game/Genesis/Missions/VRBattle/AlphaMissions/MissionType_VRBattle_Alpha_FinalStage.MissionType_VRBattle_Alpha_FinalStage,MissionType_VRBattle_Alpha_FinalStage,/Script/Engine.Blueprint,/Game/Genesis/Missions/VRBattle/MissionType_VRBattle_FinalStage.MissionType_VRBattle_FinalStage_C,/Script/ShooterGame.MissionType,2,"[""referenced_by_assets"",""cross_domain_references"",""captured_domain_evidence""]",0,4,0,3,0,0,,,42,top structural and demand signals within provisional tier
/Game/Genesis/Missions/VRBattle/BetaMissions/MissionType_VRBattle_Beta_FinalStage.MissionType_VRBattle_Beta_FinalStage,MissionType_VRBattle_Beta_FinalStage,/Script/Engine.Blueprint,/Game/Genesis/Missions/VRBattle/MissionType_VRBattle_FinalStage.MissionType_VRBattle_FinalStage_C,/Script/ShooterGame.MissionType,2,"[""referenced_by_assets"",""cross_domain_references"",""captured_domain_evidence""]",0,4,0,3,0,0,,,43,top structural and demand signals within provisional tier
/Game/Genesis/Missions/VRBattle/GammaMissions/MissionType_VRBattle_Gamma_FinalStage.MissionType_VRBattle_Gamma_FinalStage,MissionType_VRBattle_Gamma_FinalStage,/Script/Engine.Blueprint,/Game/Genesis/Missions/VRBattle/MissionType_VRBattle_FinalStage.MissionType_VRBattle_FinalStage_C,/Script/ShooterGame.MissionType,2,"[""referenced_by_assets"",""cross_domain_references"",""captured_domain_evidence""]",0,4,0,3,0,0,,,44,top structural and demand signals within provisional tier
/Game/ScorchedEarth/Dinos/Wyvern/WyvAttackStateRangedPoison.WyvAttackStateRangedPoison,WyvAttackStateRangedPoison,/Script/Engine.Blueprint,/Script/ShooterGame.PrimalAIStateDinoRangedState,UNKNOWN,2,"[""referenced_by_assets"",""cross_domain_references"",""captured_domain_evidence""]",0,4,0,3,0,0,,,45,top structural and demand signals within provisional tier
/Game/PrimalEarth/CoreBlueprints/ItemLootSets/LootItemSet_TreasureMap.LootItemSet_TreasureMap,LootItemSet_TreasureMap,/Script/Engine.Blueprint,/Script/ShooterGame.PrimalSupplyCrateItemSet,/Script/ShooterGame.PrimalSupplyCrateItemSet,2,"[""referenced_by_assets"",""cross_domain_references"",""captured_domain_evidence""]",0,13,0,2,0,0,,,46,top structural and demand signals within provisional tier
/Game/Genesis/Dinos/Shapeshifter/DinoCharacterStatusComponent_BP_Shapeshifter_Small.DinoCharacterStatusComponent_BP_Shapeshifter_Small,DinoCharacterStatusComponent_BP_Shapeshifter_Small,/Script/Engine.Blueprint,/Game/PrimalEarth/CoreBlueprints/DinoCharacterStatusComponent_BP.DinoCharacterStatusComponent_BP_C,UNKNOWN,2,"[""referenced_by_assets"",""cross_domain_references"",""captured_domain_evidence""]",0,3,0,2,0,0,,,47,top structural and demand signals within provisional tier
/Game/Fjordur/Dinos/Desmodus/PrimalItem_SanguineElixir,/Game/Fjordur/Dinos/Desmodus/PrimalItem_SanguineElixir,/Script/Engine.Blueprint,UNKNOWN,UNKNOWN,2,"[""referenced_by_assets"",""cross_domain_references"",""captured_domain_evidence""]",0,2,0,2,0,0,,,48,top structural and demand signals within provisional tier
/Game/Packs/TidesOfFortune/Dinos/Parrot/PrimalItem_BondingFeather,/Game/Packs/TidesOfFortune/Dinos/Parrot/PrimalItem_BondingFeather,/Script/Engine.Blueprint,UNKNOWN,UNKNOWN,2,"[""referenced_by_assets"",""cross_domain_references"",""captured_domain_evidence""]",0,2,0,2,0,0,,,49,top structural and demand signals within provisional tier
/Game/PrimalEarth/Dinos/Coelacanth/Coel_Character_BP_Aberrant.Coel_Character_BP_Aberrant,Coel_Character_BP_Aberrant,/Script/Engine.Blueprint,/Game/PrimalEarth/Dinos/Coelacanth/Coel_Character_BP.Coel_Character_BP_C,/Script/ShooterGame.PrimalDinoCharacter,2,"[""referenced_by_assets"",""captured_domain_evidence""]",0,15,0,1,0,0,,,50,top structural and demand signals within provisional tier
/Game/PrimalEarth/Dinos/Piranha/Piranha_Character_BP_Aberrant.Piranha_Character_BP_Aberrant,Piranha_Character_BP_Aberrant,/Script/Engine.Blueprint,/Game/PrimalEarth/Dinos/Piranha/Piranha_Character_BP.Piranha_Character_BP_C,/Script/ShooterGame.PrimalDinoCharacter,2,"[""referenced_by_assets"",""captured_domain_evidence""]",0,13,0,1,0,0,,,51,top structural and demand signals within provisional tier
/Game/Aberration/Dinos/Lamprey/Lamprey_Character.Lamprey_Character,Lamprey_Character,/Script/Engine.Blueprint,/Game/PrimalEarth/Dinos/Ant/Insect_Character_Base.Insect_Character_Base_C,/Script/ShooterGame.PrimalDinoCharacter,2,"[""referenced_by_assets"",""captured_domain_evidence""]",0,12,0,1,0,0,,,52,top structural and demand signals within provisional tier
/Game/Extinction/CoreBlueprints/Weapons/PrimalItem_WeaponTekGravityGrenade.PrimalItem_WeaponTekGravityGrenade,PrimalItem_WeaponTekGravityGrenade,/Script/Engine.Blueprint,/Game/PrimalEarth/CoreBlueprints/Weapons/PrimalItemWeaponGenericAmmolessConsumeSelf.PrimalItemWeaponGenericAmmolessConsumeSelf_C,/Script/ShooterGame.PrimalItem,2,"[""referenced_by_assets"",""captured_domain_evidence""]",0,12,0,1,0,0,,,53,top structural and demand signals within provisional tier
/Game/PrimalEarth/Dinos/Anglerfish/Angler_Character_BP_Aberrant.Angler_Character_BP_Aberrant,Angler_Character_BP_Aberrant,/Script/Engine.Blueprint,/Game/PrimalEarth/Dinos/Anglerfish/Angler_Character_BP.Angler_Character_BP_C,/Script/ShooterGame.PrimalDinoCharacter,2,"[""referenced_by_assets"",""captured_domain_evidence""]",0,12,0,1,0,0,,,54,top structural and demand signals within provisional tier
/Game/PrimalEarth/Dinos/Coelacanth/Coel_Character_BP_Ocean.Coel_Character_BP_Ocean,Coel_Character_BP_Ocean,/Script/Engine.Blueprint,/Game/PrimalEarth/Dinos/Coelacanth/Coel_Character_BP.Coel_Character_BP_C,/Script/ShooterGame.PrimalDinoCharacter,2,"[""referenced_by_assets"",""captured_domain_evidence""]",0,12,0,1,0,0,,,55,top structural and demand signals within provisional tier
/Game/PrimalEarth/Dinos/Salmon/Salmon_Character_Aberrant.Salmon_Character_Aberrant,Salmon_Character_Aberrant,/Script/Engine.Blueprint,/Game/PrimalEarth/Dinos/Salmon/Salmon_Character_BP.Salmon_Character_BP_C,/Script/ShooterGame.PrimalDinoCharacter,2,"[""referenced_by_assets"",""captured_domain_evidence""]",0,12,0,1,0,0,,,56,top structural and demand signals within provisional tier
/Game/PrimalEarth/Dinos/Trilobite/Trilobite_Character_Aberrant.Trilobite_Character_Aberrant,Trilobite_Character_Aberrant,/Script/Engine.Blueprint,/Game/PrimalEarth/Dinos/Trilobite/Trilobite_Character.Trilobite_Character_C,/Script/ShooterGame.PrimalDinoCharacter,2,"[""referenced_by_assets"",""captured_domain_evidence""]",0,10,0,1,0,0,,,57,top structural and demand signals within provisional tier
/Game/LostColony/Dinos/SnowDragon/SnowDragon_Character_BP.SnowDragon_Character_BP,SnowDragon_Character_BP,/Script/Engine.Blueprint,/Game/PrimalEarth/CoreBlueprints/Dino_Character_BP.Dino_Character_BP_C,/Script/ShooterGame.PrimalDinoCharacter,2,"[""referenced_by_assets"",""blueprint_native_boundary"",""captured_domain_evidence""]",0,9,0,1,0,0,,,58,top structural and demand signals within provisional tier
/Game/PrimalEarth/Dinos/Manta/Manta_Character_BP_Aberrant.Manta_Character_BP_Aberrant,Manta_Character_BP_Aberrant,/Script/Engine.Blueprint,/Game/PrimalEarth/Dinos/Manta/Manta_Character_BP.Manta_Character_BP_C,/Script/ShooterGame.PrimalDinoCharacter,2,"[""referenced_by_assets"",""captured_domain_evidence""]",0,9,0,1,0,0,,,59,top structural and demand signals within provisional tier
/Game/Packs/TidesOfFortune/Dinos/Parrot/Parrot_Character_BP.Parrot_Character_BP,Parrot_Character_BP,/Script/Engine.Blueprint,/Game/PrimalEarth/CoreBlueprints/Dino_Character_BP.Dino_Character_BP_C,/Script/ShooterGame.PrimalDinoCharacter,2,"[""referenced_by_assets"",""blueprint_native_boundary"",""captured_domain_evidence""]",0,7,0,1,0,0,,,60,top structural and demand signals within provisional tier
/Game/PrimalEarth/CoreBlueprints/Items/PrimalItem_FishBasketFilled.PrimalItem_FishBasketFilled,PrimalItem_FishBasketFilled,/Script/Engine.Blueprint,/Game/PrimalEarth/CoreBlueprints/Items/PrimalItem_Base.PrimalItem_Base_C,/Script/ShooterGame.PrimalItem,2,"[""referenced_by_assets"",""blueprint_native_boundary"",""captured_domain_evidence""]",0,7,0,1,0,0,,,61,top structural and demand signals within provisional tier
/Game/PrimalEarth/CoreBlueprints/PlayerCharacterStatusComponent_BP.PlayerCharacterStatusComponent_BP,PlayerCharacterStatusComponent_BP,/Script/Engine.Blueprint,/Script/ShooterGame.PrimalPlayerStatusComponent,/Script/ShooterGame.PrimalPlayerStatusComponent,2,"[""referenced_by_assets"",""captured_domain_evidence""]",0,7,0,1,0,0,,,62,top structural and demand signals within provisional tier
/Game/ASA/Dinos/Archelon/Dinos/Consumables/PrimalItemConsumable_Veggie_TurtleAlgae_ASA.PrimalItemConsumable_Veggie_TurtleAlgae_ASA,PrimalItemConsumable_Veggie_TurtleAlgae_ASA,/Script/Engine.Blueprint,/Game/PrimalEarth/CoreBlueprints/Items/Consumables/BaseBPs/PrimalItemConsumable_Veggie_Base.PrimalItemConsumable_Veggie_Base_C,/Script/ShooterGame.PrimalItem,2,"[""referenced_by_assets"",""captured_domain_evidence""]",0,6,0,1,0,0,,,63,top structural and demand signals within provisional tier
/Game/Genesis/Dinos/MissionVariants/Gauntlet/Ocean/Coel_Character_BP_Gauntlet.Coel_Character_BP_Gauntlet,Coel_Character_BP_Gauntlet,/Script/Engine.Blueprint,/Game/PrimalEarth/Dinos/Coelacanth/Coel_Character_BP.Coel_Character_BP_C,/Script/ShooterGame.PrimalDinoCharacter,2,"[""referenced_by_assets"",""captured_domain_evidence""]",0,5,0,1,0,0,,,64,top structural and demand signals within provisional tier
/Game/Genesis/Dinos/MissionVariants/Gauntlet/Ocean/Piranha_Character_BP_Gauntlet.Piranha_Character_BP_Gauntlet,Piranha_Character_BP_Gauntlet,/Script/Engine.Blueprint,/Game/PrimalEarth/Dinos/Piranha/Piranha_Character_BP.Piranha_Character_BP_C,/Script/ShooterGame.PrimalDinoCharacter,2,"[""referenced_by_assets"",""captured_domain_evidence""]",0,5,0,1,0,0,,,65,top structural and demand signals within provisional tier
/Game/Genesis/Dinos/MissionVariants/Gauntlet/Ocean/Salmon_Character_BP_Gauntlet.Salmon_Character_BP_Gauntlet,Salmon_Character_BP_Gauntlet,/Script/Engine.Blueprint,/Game/PrimalEarth/Dinos/Salmon/Salmon_Character_BP.Salmon_Character_BP_C,/Script/ShooterGame.PrimalDinoCharacter,2,"[""referenced_by_assets"",""captured_domain_evidence""]",0,5,0,1,0,0,,,66,top structural and demand signals within provisional tier
/Game/ASA/Dinos/YiLing/Feathers/Buff_YiLingFeathered.Buff_YiLingFeathered,Buff_YiLingFeathered,/Script/Engine.Blueprint,/Game/PrimalEarth/CoreBlueprints/Buffs/Buff_Base.Buff_Base_C,/Script/ShooterGame.PrimalBuff,2,"[""referenced_by_assets"",""blueprint_native_boundary"",""captured_domain_evidence""]",0,4,0,1,0,0,,,67,top structural and demand signals within provisional tier
/Game/Packs/TidesOfFortune/Dinos/Axolotl/Axolotl_Large/Axolotl_Large_Character_BP.Axolotl_Large_Character_BP,Axolotl_Large_Character_BP,/Script/Engine.Blueprint,/Game/Packs/TidesOfFortune/Dinos/Axolotl/Axolotl_Character_BP.Axolotl_Character_BP_C,/Script/ShooterGame.PrimalDinoCharacter,2,"[""referenced_by_assets"",""blueprint_native_boundary"",""captured_domain_evidence""]",0,4,0,1,0,0,,,68,top structural and demand signals within provisional tier
/Game/Packs/TidesOfFortune/Dinos/Parrot/CoreBlueprints/Buffs/Buff_ParrotTaming.Buff_ParrotTaming,Buff_ParrotTaming,/Script/Engine.Blueprint,/Game/PrimalEarth/CoreBlueprints/Buffs/Buff_Base.Buff_Base_C,/Script/ShooterGame.PrimalBuff,2,"[""referenced_by_assets"",""captured_domain_evidence""]",0,4,0,1,0,0,,,69,top structural and demand signals within provisional tier
/Game/Packs/TidesOfFortune/Dinos/Parrot/CoreBlueprints/Buffs/Buff_TreasureHunter.Buff_TreasureHunter,Buff_TreasureHunter,/Script/Engine.Blueprint,/Game/PrimalEarth/CoreBlueprints/Buffs/Buff_Base.Buff_Base_C,/Script/ShooterGame.PrimalBuff,2,"[""referenced_by_assets"",""blueprint_native_boundary"",""captured_domain_evidence""]",0,4,0,1,0,0,,,70,top structural and demand signals within provisional tier
/Game/ASA/Dinos/Archelon/Dinos/DinoCharacterStatus_BP_Archelon_ASA.DinoCharacterStatus_BP_Archelon_ASA,DinoCharacterStatus_BP_Archelon_ASA,/Script/Engine.Blueprint,/Game/PrimalEarth/CoreBlueprints/DinoCharacterStatusComponent_BP_Sauropod.DinoCharacterStatusComponent_BP_Sauropod_C,/Script/ShooterGame.PrimalDinoStatusComponent,2,"[""referenced_by_assets"",""captured_domain_evidence""]",0,3,0,1,0,0,,,71,top structural and demand signals within provisional tier
/Game/ASA/Dinos/Gigantoraptor/Nest/Buff_HiddenInNest.Buff_HiddenInNest,Buff_HiddenInNest,/Script/Engine.Blueprint,/Game/PrimalEarth/CoreBlueprints/Buffs/Buff_Base.Buff_Base_C,/Script/ShooterGame.PrimalBuff,2,"[""referenced_by_assets"",""blueprint_native_boundary"",""captured_domain_evidence""]",0,3,0,1,0,0,,,72,top structural and demand signals within provisional tier
/Game/ASA/Dinos/ShoulderDragon/Chest/PrimalItem_TreasureMap_ShoulderDragon.PrimalItem_TreasureMap_ShoulderDragon,PrimalItem_TreasureMap_ShoulderDragon,/Script/Engine.Blueprint,/Game/Packs/Frontier/Structures/TreasureCache/TreasureMap/PrimalItem_TreasureMap_WildSupplyDrop.PrimalItem_TreasureMap_WildSupplyDrop_C,/Script/ShooterGame.PrimalItem,2,"[""referenced_by_assets"",""captured_domain_evidence""]",0,3,0,1,0,0,,,73,top structural and demand signals within provisional tier
/Game/ASA/Dinos/ShoulderDragon/Chest/SupplyCrate_BuriedTreasure_ShoulderDragon.SupplyCrate_BuriedTreasure_ShoulderDragon,SupplyCrate_BuriedTreasure_ShoulderDragon,/Script/Engine.Blueprint,/Game/Packs/Frontier/Structures/TreasureCache/SupplyCrate/SupplyCrate_BuriedTreasureBase.SupplyCrate_BuriedTreasureBase_C,/Script/ShooterGame.PrimalStructureItemContainer_SupplyCrate,2,"[""referenced_by_assets"",""captured_domain_evidence""]",0,3,0,1,0,0,,,74,top structural and demand signals within provisional tier
/Game/Genesis/CoreBlueprints/LootSets/SupplyCrates/LootItemSet_CaveDrop_T4_Weapons_Gen1.LootItemSet_CaveDrop_T4_Weapons_Gen1,LootItemSet_CaveDrop_T4_Weapons_Gen1,/Script/Engine.Blueprint,/Game/PrimalEarth/CoreBlueprints/ItemLootSets/LootItemSet_CaveDrop_ASA_Base.LootItemSet_CaveDrop_ASA_Base_C,/Script/ShooterGame.PrimalSupplyCrateItemSet,2,"[""referenced_by_assets"",""captured_domain_evidence""]",0,3,0,1,0,0,,,75,top structural and demand signals within provisional tier
/Game/Genesis/Dinos/Shapeshifter/Buff_ShapeshifterSwipeAttack.Buff_ShapeshifterSwipeAttack,Buff_ShapeshifterSwipeAttack,/Script/Engine.Blueprint,/Script/ShooterGame.PrimalBuff,/Script/ShooterGame.PrimalBuff,2,"[""referenced_by_assets"",""captured_domain_evidence""]",0,3,0,1,0,0,,,76,top structural and demand signals within provisional tier
/Game/Genesis/Weapons/TekGrenadeLauncher/Buff_TekGrenadeLauncherHelper.Buff_TekGrenadeLauncherHelper,Buff_TekGrenadeLauncherHelper,/Script/Engine.Blueprint,/Script/ShooterGame.PrimalBuff,/Script/ShooterGame.PrimalBuff,2,"[""referenced_by_assets"",""blueprint_native_boundary"",""captured_domain_evidence""]",0,3,0,1,0,0,,,77,top structural and demand signals within provisional tier
/Game/PrimalEarth/Structures/FishBasket.FishBasket,FishBasket,/Script/Engine.Blueprint,/Game/PrimalEarth/Structures/BuildingBases/StructureBaseBP.StructureBaseBP_C,/Script/ShooterGame.PrimalStructure,2,"[""referenced_by_assets"",""blueprint_native_boundary"",""captured_domain_evidence""]",0,3,0,1,0,0,,,78,top structural and demand signals within provisional tier
/Game/ASA/Dinos/Archelon/Dinos/Buffs/Buff_ArchelonCharged_ASA.Buff_ArchelonCharged_ASA,Buff_ArchelonCharged_ASA,/Script/Engine.Blueprint,/Game/PrimalEarth/CoreBlueprints/Buffs/Buff_Megatherium_Energized.Buff_Megatherium_Energized_C,/Script/ShooterGame.PrimalBuff,2,"[""referenced_by_assets"",""captured_domain_evidence""]",0,2,0,1,0,0,,,79,top structural and demand signals within provisional tier
/Game/ASA/Dinos/Archelon/Dinos/Buffs/Buff_Archelon_BabyDryLand_ASA.Buff_Archelon_BabyDryLand_ASA,Buff_Archelon_BabyDryLand_ASA,/Script/Engine.Blueprint,/Game/PrimalEarth/CoreBlueprints/Buffs/Buff_Base.Buff_Base_C,/Script/ShooterGame.PrimalBuff,2,"[""referenced_by_assets"",""blueprint_native_boundary"",""captured_domain_evidence""]",0,2,0,1,0,0,,,80,top structural and demand signals within provisional tier
/Game/ASA/Dinos/Archelon/Dinos/Buffs/Buff_Archelon_BabyDryLand_Damage_ASA.Buff_Archelon_BabyDryLand_Damage_ASA,Buff_Archelon_BabyDryLand_Damage_ASA,/Script/Engine.Blueprint,/Game/PrimalEarth/CoreBlueprints/Buffs/Buff_Base.Buff_Base_C,/Script/ShooterGame.PrimalBuff,2,"[""referenced_by_assets"",""captured_domain_evidence""]",0,2,0,1,0,0,,,81,top structural and demand signals within provisional tier
/Game/ASA/Dinos/Archelon/Dinos/DinoTamedInventoryComponent_Archelon_ASA.DinoTamedInventoryComponent_Archelon_ASA,DinoTamedInventoryComponent_Archelon_ASA,/Script/Engine.Blueprint,/Game/PrimalEarth/CoreBlueprints/Inventories/DinoTamedInventoryComponent_Turtle.DinoTamedInventoryComponent_Turtle_C,/Script/ShooterGame.PrimalInventoryComponent,2,"[""referenced_by_assets"",""blueprint_native_boundary"",""captured_domain_evidence""]",0,2,0,1,0,0,,,82,top structural and demand signals within provisional tier
/Game/ASA/Dinos/Bison/Buff_BisonBabyGrow.Buff_BisonBabyGrow,Buff_BisonBabyGrow,/Script/Engine.Blueprint,/Game/PrimalEarth/CoreBlueprints/Buffs/Buff_Base.Buff_Base_C,/Script/ShooterGame.PrimalBuff,2,"[""referenced_by_assets"",""captured_domain_evidence""]",0,2,0,1,0,0,,,83,top structural and demand signals within provisional tier
/Game/ASA/Dinos/Gigantoraptor/Buffs/Buff_GigantoraptorBonded.Buff_GigantoraptorBonded,Buff_GigantoraptorBonded,/Script/Engine.Blueprint,/Game/PrimalEarth/CoreBlueprints/Buffs/Buff_Base.Buff_Base_C,/Script/ShooterGame.PrimalBuff,2,"[""referenced_by_assets"",""captured_domain_evidence""]",0,2,0,1,0,0,,,84,top structural and demand signals within provisional tier
/Game/ASA/Dinos/Gigantoraptor/Buffs/Buff_GigantoraptorCallPlayer.Buff_GigantoraptorCallPlayer,Buff_GigantoraptorCallPlayer,/Script/Engine.Blueprint,/Game/PrimalEarth/CoreBlueprints/Buffs/Buff_Base.Buff_Base_C,/Script/ShooterGame.PrimalBuff,2,"[""referenced_by_assets"",""blueprint_native_boundary"",""captured_domain_evidence""]",0,2,0,1,0,0,,,85,top structural and demand signals within provisional tier
/Game/ASA/Dinos/Gigantoraptor/Buffs/Buff_GigantoraptorPassProtection.Buff_GigantoraptorPassProtection,Buff_GigantoraptorPassProtection,/Script/Engine.Blueprint,/Game/PrimalEarth/CoreBlueprints/Buffs/Buff_Base.Buff_Base_C,/Script/ShooterGame.PrimalBuff,2,"[""referenced_by_assets"",""captured_domain_evidence""]",0,2,0,1,0,0,,,86,top structural and demand signals within provisional tier
/Game/ASA/Dinos/Gigantoraptor/Buffs/Buff_GigantoraptorPride.Buff_GigantoraptorPride,Buff_GigantoraptorPride,/Script/Engine.Blueprint,/Game/PrimalEarth/CoreBlueprints/Buffs/Buff_Base.Buff_Base_C,/Script/ShooterGame.PrimalBuff,2,"[""referenced_by_assets"",""captured_domain_evidence""]",0,2,0,1,0,0,,,87,top structural and demand signals within provisional tier
/Game/ASA/Dinos/Gigantoraptor/Buffs/Buff_GigantoraptorSlowFall.Buff_GigantoraptorSlowFall,Buff_GigantoraptorSlowFall,/Script/Engine.Blueprint,/Game/PrimalEarth/CoreBlueprints/Buffs/Buff_Base.Buff_Base_C,/Script/ShooterGame.PrimalBuff,2,"[""referenced_by_assets"",""captured_domain_evidence""]",0,2,0,1,0,0,,,88,top structural and demand signals within provisional tier
/Game/ASA/Dinos/Gigantoraptor/Buffs/Buff_GigantoraptorTraining.Buff_GigantoraptorTraining,Buff_GigantoraptorTraining,/Script/Engine.Blueprint,/Game/PrimalEarth/CoreBlueprints/Buffs/Buff_Base.Buff_Base_C,/Script/ShooterGame.PrimalBuff,2,"[""referenced_by_assets"",""captured_domain_evidence""]",0,2,0,1,0,0,,,89,top structural and demand signals within provisional tier
/Game/ASA/Dinos/Gigantoraptor/PrimalItemResource_GigantoraptorFeather.PrimalItemResource_GigantoraptorFeather,PrimalItemResource_GigantoraptorFeather,/Script/Engine.Blueprint,/Game/PrimalEarth/CoreBlueprints/Resources/PrimalItemResourceGeneric.PrimalItemResourceGeneric_C,/Script/ShooterGame.PrimalItem,2,"[""referenced_by_assets"",""captured_domain_evidence""]",0,2,0,1,0,0,,,90,top structural and demand signals within provisional tier
/Game/ASA/Dinos/ShoulderDragon/Buff_ShoulderDragonXPTaming.Buff_ShoulderDragonXPTaming,Buff_ShoulderDragonXPTaming,/Script/Engine.Blueprint,/Game/PrimalEarth/CoreBlueprints/Buffs/Buff_Base.Buff_Base_C,/Script/ShooterGame.PrimalBuff,2,"[""referenced_by_assets"",""blueprint_native_boundary"",""captured_domain_evidence""]",0,2,0,1,0,0,,,91,top structural and demand signals within provisional tier
/Game/ASA/Dinos/ShoulderDragon/Chest/Buff_PingTreasureLocationPOI_ShoulderDragon.Buff_PingTreasureLocationPOI_ShoulderDragon,Buff_PingTreasureLocationPOI_ShoulderDragon,/Script/Engine.Blueprint,/Game/Packs/Frontier/Structures/TreasureCache/TreasureMap/PingTreasureLocationPOIBuff.PingTreasureLocationPOIBuff_C,/Script/ShooterGame.PrimalBuff,2,"[""referenced_by_assets"",""captured_domain_evidence""]",0,2,0,1,0,0,,,92,top structural and demand signals within provisional tier
/Game/ASA/Dinos/YiLing/Feathers/Buff_YiLingArmorReduction.Buff_YiLingArmorReduction,Buff_YiLingArmorReduction,/Script/Engine.Blueprint,/Game/PrimalEarth/CoreBlueprints/Buffs/Buff_Base.Buff_Base_C,/Script/ShooterGame.PrimalBuff,2,"[""referenced_by_assets"",""captured_domain_evidence""]",0,2,0,1,0,0,,,93,top structural and demand signals within provisional tier
/Game/ASA/Dinos/YiLing/Feathers/Buff_YiLingFeatheredCooldown.Buff_YiLingFeatheredCooldown,Buff_YiLingFeatheredCooldown,/Script/Engine.Blueprint,/Game/PrimalEarth/CoreBlueprints/Buffs/Buff_Base.Buff_Base_C,/Script/ShooterGame.PrimalBuff,2,"[""referenced_by_assets"",""captured_domain_evidence""]",0,2,0,1,0,0,,,94,top structural and demand signals within provisional tier
/Game/ASA/Dinos/YiLing/Feathers/Buff_YiLingPoison.Buff_YiLingPoison,Buff_YiLingPoison,/Script/Engine.Blueprint,/Game/PrimalEarth/CoreBlueprints/Buffs/Buff_Base.Buff_Base_C,/Script/ShooterGame.PrimalBuff,2,"[""referenced_by_assets"",""captured_domain_evidence""]",0,2,0,1,0,0,,,95,top structural and demand signals within provisional tier
/Game/ASA/Dinos/YiLing/Feathers/Buff_YiLingSlime.Buff_YiLingSlime,Buff_YiLingSlime,/Script/Engine.Blueprint,/Game/PrimalEarth/CoreBlueprints/Buffs/Buff_Base.Buff_Base_C,/Script/ShooterGame.PrimalBuff,2,"[""referenced_by_assets"",""captured_domain_evidence""]",0,2,0,1,0,0,,,96,top structural and demand signals within provisional tier
/Game/Extinction/CoreBlueprints/Buffs/Buff_TekGravityGrenadeForce.Buff_TekGravityGrenadeForce,Buff_TekGravityGrenadeForce,/Script/Engine.Blueprint,/Game/PrimalEarth/CoreBlueprints/Buffs/Buff_Base.Buff_Base_C,/Script/ShooterGame.PrimalBuff,2,"[""referenced_by_assets"",""blueprint_native_boundary"",""captured_domain_evidence""]",0,2,0,1,0,0,,,97,top structural and demand signals within provisional tier
/Game/Extinction/CoreBlueprints/Projectiles/ProjTekGravityGrenade_Repel.ProjTekGravityGrenade_Repel,ProjTekGravityGrenade_Repel,/Script/Engine.Blueprint,/Game/Extinction/CoreBlueprints/Projectiles/ProjTekGravityGrenade.ProjTekGravityGrenade_C,/Script/ShooterGame.ShooterProjectile,2,"[""referenced_by_assets"",""captured_domain_evidence""]",0,2,0,1,0,0,,,98,top structural and demand signals within provisional tier
/Game/Extinction/CoreBlueprints/Weapons/WeapTekGravityGrenade.WeapTekGravityGrenade,WeapTekGravityGrenade,/Script/Engine.Blueprint,/Script/ShooterGame.PrimalWeaponGrenade,/Script/ShooterGame.PrimalWeaponGrenade,2,"[""referenced_by_assets"",""captured_domain_evidence""]",0,2,0,1,0,0,,,99,top structural and demand signals within provisional tier
/Game/Extinction/Effects/Blueprints/Gameplay/TekGravityGrenadeExplosionEmitter_Repel.TekGravityGrenadeExplosionEmitter_Repel,TekGravityGrenadeExplosionEmitter_Repel,/Script/Engine.Blueprint,/Game/Extinction/Effects/Blueprints/Gameplay/TekGravityGrenadeExplosionEmitter.TekGravityGrenadeExplosionEmitter_C,/Script/ShooterGame.PrimalEmitterSpawnable,2,"[""referenced_by_assets"",""captured_domain_evidence""]",0,2,0,1,0,0,,,100,top structural and demand signals within provisional tier
/Game/Genesis/CoreBlueprints/LootSets/LootItemSet_Missions_Gather_Ocean.LootItemSet_Missions_Gather_Ocean,LootItemSet_Missions_Gather_Ocean,/Script/Engine.Blueprint,/Game/Genesis/CoreBlueprints/LootSets/LootItemSet_Missions_Gather.LootItemSet_Missions_Gather_C,UNKNOWN,2,"[""referenced_by_assets"",""captured_domain_evidence""]",0,2,0,1,0,0,,,101,top structural and demand signals within provisional tier
/Game/Genesis/Dinos/GiantTurtle/GiantTurtle_Piranha_Character_BP.GiantTurtle_Piranha_Character_BP,GiantTurtle_Piranha_Character_BP,/Script/Engine.Blueprint,/Game/PrimalEarth/CoreBlueprints/Dino_Character_BP.Dino_Character_BP_C,/Script/ShooterGame.PrimalDinoCharacter,2,"[""referenced_by_assets"",""captured_domain_evidence""]",0,2,0,1,0,0,,,102,top structural and demand signals within provisional tier
/Game/Genesis/Dinos/Shapeshifter/Buff_Shapeshifter_AOEGroundPoundTarget.Buff_Shapeshifter_AOEGroundPoundTarget,Buff_Shapeshifter_AOEGroundPoundTarget,/Script/Engine.Blueprint,/Game/PrimalEarth/CoreBlueprints/Buffs/Buff_Base.Buff_Base_C,/Script/ShooterGame.PrimalBuff,2,"[""referenced_by_assets"",""captured_domain_evidence""]",0,2,0,1,0,0,,,103,top structural and demand signals within provisional tier
/Game/Genesis/Dinos/Shapeshifter/Shapeshifter_Small/Shapeshifter_Small_AIController_BP.Shapeshifter_Small_AIController_BP,Shapeshifter_Small_AIController_BP,/Script/Engine.Blueprint,/Game/PrimalEarth/CoreAI/Dino_AIController_BP.Dino_AIController_BP_C,UNKNOWN,2,"[""referenced_by_assets"",""captured_domain_evidence""]",0,2,0,1,0,0,,,104,top structural and demand signals within provisional tier
/Game/Genesis/Dinos/SpaceWhale/DinoSettings_Carnivore_Huge_SpaceWhale.DinoSettings_Carnivore_Huge_SpaceWhale,DinoSettings_Carnivore_Huge_SpaceWhale,/Script/Engine.Blueprint,/Game/PrimalEarth/Dinos/BaseBPs/DinoSettings_Carnivore_Huge.DinoSettings_Carnivore_Huge_C,UNKNOWN,2,"[""referenced_by_assets"",""captured_domain_evidence""]",0,2,0,1,0,0,,,105,top structural and demand signals within provisional tier
/Game/Packs/TidesOfFortune/Dinos/Axolotl/Axolotl_Large/Buff_AxolotlRegenBuffer_Large.Buff_AxolotlRegenBuffer_Large,Buff_AxolotlRegenBuffer_Large,/Script/Engine.Blueprint,/Game/Packs/TidesOfFortune/Dinos/Axolotl/Abilities/Buff_AxolotlRegenBuffer.Buff_AxolotlRegenBuffer_C,/Script/ShooterGame.PrimalBuff,2,"[""referenced_by_assets"",""captured_domain_evidence""]",0,2,0,1,0,0,,,106,top structural and demand signals within provisional tier
/Game/Packs/TidesOfFortune/Dinos/Axolotl/Axolotl_Large/Buff_AxolotlRegenStasis.Buff_AxolotlRegenStasis,Buff_AxolotlRegenStasis,/Script/Engine.Blueprint,/Game/PrimalEarth/CoreBlueprints/Buffs/Buff_Base.Buff_Base_C,/Script/ShooterGame.PrimalBuff,2,"[""referenced_by_assets"",""captured_domain_evidence""]",0,2,0,1,0,0,,,107,top structural and demand signals within provisional tier
/Game/Packs/TidesOfFortune/Dinos/Axolotl/Axolotl_Large/Buff_HealAura_Axolotl_Passive.Buff_HealAura_Axolotl_Passive,Buff_HealAura_Axolotl_Passive,/Script/Engine.Blueprint,/Game/Packs/TidesOfFortune/Dinos/Axolotl/Axolotl_Large/Buff_HealAura_Axolotl.Buff_HealAura_Axolotl_C,/Script/ShooterGame.PrimalBuff,2,"[""referenced_by_assets"",""captured_domain_evidence""]",0,2,0,1,0,0,,,108,top structural and demand signals within provisional tier
/Game/Packs/TidesOfFortune/Dinos/Axolotl/Axolotl_Small/Buff_AxolotlRegenBuffer_Small.Buff_AxolotlRegenBuffer_Small,Buff_AxolotlRegenBuffer_Small,/Script/Engine.Blueprint,/Game/Packs/TidesOfFortune/Dinos/Axolotl/Abilities/Buff_AxolotlRegenBuffer.Buff_AxolotlRegenBuffer_C,/Script/ShooterGame.PrimalBuff,2,"[""referenced_by_assets"",""captured_domain_evidence""]",0,2,0,1,0,0,,,109,top structural and demand signals within provisional tier
/Game/Packs/TidesOfFortune/Dinos/Axolotl/Cocoon/AxolotlCocoon_TooltipWidget.AxolotlCocoon_TooltipWidget,AxolotlCocoon_TooltipWidget,/Script/UMGEditor.WidgetBlueprint,/Script/ShooterGame.PrimalCryopodTooltipWidget,/Script/ShooterGame.PrimalCryopodTooltipWidget,2,"[""referenced_by_assets"",""captured_domain_evidence""]",0,2,0,1,0,0,,,110,top structural and demand signals within provisional tier
/Game/Packs/TidesOfFortune/Structures/PirateChest/SupplyCrate_BuriedTreasurePirate_Apprentice.SupplyCrate_BuriedTreasurePirate_Apprentice,SupplyCrate_BuriedTreasurePirate_Apprentice,/Script/Engine.Blueprint,/Game/Packs/TidesOfFortune/Structures/PirateChest/SupplyCrate_BuriedTreasurePirate_BASE.SupplyCrate_BuriedTreasurePirate_BASE_C,/Script/ShooterGame.PrimalStructureItemContainer_SupplyCrate,2,"[""referenced_by_assets"",""captured_domain_evidence""]",0,2,0,1,0,0,,,111,top structural and demand signals within provisional tier
/Game/PrimalEarth/CoreBlueprints/Buffs/Buff_Gashed.Buff_Gashed,Buff_Gashed,/Script/Engine.Blueprint,/Game/PrimalEarth/CoreBlueprints/Buffs/Buff_Bleeding.Buff_Bleeding_C,/Script/ShooterGame.PrimalBuff,2,"[""referenced_by_assets"",""captured_domain_evidence""]",0,2,0,1,0,0,,,112,top structural and demand signals within provisional tier
/Game/PrimalEarth/CoreBlueprints/GeneTraits/GeneTraitDefinitions_Core.GeneTraitDefinitions_Core,GeneTraitDefinitions_Core,/Script/Engine.Blueprint,/Script/ShooterGame.GeneTraitDefinitions,/Script/ShooterGame.GeneTraitDefinitions,2,"[""referenced_by_assets"",""captured_domain_evidence""]",0,2,0,1,0,0,,,113,top structural and demand signals within provisional tier
/Game/PrimalEarth/CoreBlueprints/GeneTraits/TraitBPs/Angry/Trait_Angry.Trait_Angry,Trait_Angry,/Script/Engine.Blueprint,/Game/PrimalEarth/CoreBlueprints/GeneTraits/TraitBPs/Trait_Base.Trait_Base_C,/Script/ShooterGame.GeneTrait,2,"[""referenced_by_assets"",""captured_domain_evidence""]",0,2,0,1,0,0,,,114,top structural and demand signals within provisional tier
/Game/PrimalEarth/CoreBlueprints/GeneTraits/TraitBPs/Athletic/Trait_Athletic.Trait_Athletic,Trait_Athletic,/Script/Engine.Blueprint,/Game/PrimalEarth/CoreBlueprints/GeneTraits/TraitBPs/Trait_Base.Trait_Base_C,/Script/ShooterGame.GeneTrait,2,"[""referenced_by_assets"",""captured_domain_evidence""]",0,2,0,1,0,0,,,115,top structural and demand signals within provisional tier
/Game/PrimalEarth/CoreBlueprints/GeneTraits/TraitBPs/Carefree/Trait_Carefree.Trait_Carefree,Trait_Carefree,/Script/Engine.Blueprint,/Game/PrimalEarth/CoreBlueprints/GeneTraits/TraitBPs/Trait_Base.Trait_Base_C,/Script/ShooterGame.GeneTrait,2,"[""referenced_by_assets"",""captured_domain_evidence""]",0,2,0,1,0,0,,,116,top structural and demand signals within provisional tier
/Game/PrimalEarth/CoreBlueprints/GeneTraits/TraitBPs/Excitable/Trait_Excitable.Trait_Excitable,Trait_Excitable,/Script/Engine.Blueprint,/Game/PrimalEarth/CoreBlueprints/GeneTraits/TraitBPs/Trait_Base.Trait_Base_C,/Script/ShooterGame.GeneTrait,2,"[""referenced_by_assets"",""captured_domain_evidence""]",0,2,0,1,0,0,,,117,top structural and demand signals within provisional tier
/Game/PrimalEarth/CoreBlueprints/GeneTraits/TraitBPs/Fatty/Trait_Fatty.Trait_Fatty,Trait_Fatty,/Script/Engine.Blueprint,/Game/PrimalEarth/CoreBlueprints/GeneTraits/TraitBPs/Trait_Base.Trait_Base_C,/Script/ShooterGame.GeneTrait,2,"[""referenced_by_assets"",""captured_domain_evidence""]",0,2,0,1,0,0,,,118,top structural and demand signals within provisional tier
/Game/PrimalEarth/CoreBlueprints/GeneTraits/TraitBPs/Frenetic/Trait_Frenetic.Trait_Frenetic,Trait_Frenetic,/Script/Engine.Blueprint,/Game/PrimalEarth/CoreBlueprints/GeneTraits/TraitBPs/Trait_Base.Trait_Base_C,/Script/ShooterGame.GeneTrait,2,"[""referenced_by_assets"",""captured_domain_evidence""]",0,2,0,1,0,0,,,119,top structural and demand signals within provisional tier
/Game/PrimalEarth/CoreBlueprints/GeneTraits/TraitBPs/Giantslayer/Trait_Giantslaying.Trait_Giantslaying,Trait_Giantslaying,/Script/Engine.Blueprint,/Game/PrimalEarth/CoreBlueprints/GeneTraits/TraitBPs/Trait_Base.Trait_Base_C,/Script/ShooterGame.GeneTrait,2,"[""referenced_by_assets"",""captured_domain_evidence""]",0,2,0,1,0,0,,,120,top structural and demand signals within provisional tier
/Game/PrimalEarth/CoreBlueprints/GeneTraits/TraitBPs/HeavyHitting/Trait_HeavyHitting.Trait_HeavyHitting,Trait_HeavyHitting,/Script/Engine.Blueprint,/Game/PrimalEarth/CoreBlueprints/GeneTraits/TraitBPs/Trait_Base.Trait_Base_C,/Script/ShooterGame.GeneTrait,2,"[""referenced_by_assets"",""captured_domain_evidence""]",0,2,0,1,0,0,,,121,top structural and demand signals within provisional tier
/Game/PrimalEarth/CoreBlueprints/GeneTraits/TraitBPs/Kingslayer/Trait_Kingslaying.Trait_Kingslaying,Trait_Kingslaying,/Script/Engine.Blueprint,/Game/PrimalEarth/CoreBlueprints/GeneTraits/TraitBPs/Trait_Base.Trait_Base_C,/Script/ShooterGame.GeneTrait,2,"[""referenced_by_assets"",""captured_domain_evidence""]",0,2,0,1,0,0,,,122,top structural and demand signals within provisional tier
/Game/PrimalEarth/CoreBlueprints/GeneTraits/TraitBPs/Numb/Trait_Numb.Trait_Numb,Trait_Numb,/Script/Engine.Blueprint,/Game/PrimalEarth/CoreBlueprints/GeneTraits/TraitBPs/Trait_Base.Trait_Base_C,/Script/ShooterGame.GeneTrait,2,"[""referenced_by_assets"",""captured_domain_evidence""]",0,2,0,1,0,0,,,123,top structural and demand signals within provisional tier
/Game/PrimalEarth/CoreBlueprints/GeneTraits/TraitBPs/Protective/Trait_Protective.Trait_Protective,Trait_Protective,/Script/Engine.Blueprint,/Game/PrimalEarth/CoreBlueprints/GeneTraits/TraitBPs/Trait_Base.Trait_Base_C,/Script/ShooterGame.GeneTrait,2,"[""referenced_by_assets"",""captured_domain_evidence""]",0,2,0,1,0,0,,,124,top structural and demand signals within provisional tier
/Game/PrimalEarth/CoreBlueprints/GeneTraits/TraitBPs/QuickHitting/Trait_QuickHitting.Trait_QuickHitting,Trait_QuickHitting,/Script/Engine.Blueprint,/Game/PrimalEarth/CoreBlueprints/GeneTraits/TraitBPs/Trait_Base.Trait_Base_C,/Script/ShooterGame.GeneTrait,2,"[""referenced_by_assets"",""captured_domain_evidence""]",0,2,0,1,0,0,,,125,top structural and demand signals within provisional tier
/Game/PrimalEarth/CoreBlueprints/GeneTraits/TraitBPs/SlowMetabolism/Trait_SlowMetabolism.Trait_SlowMetabolism,Trait_SlowMetabolism,/Script/Engine.Blueprint,/Game/PrimalEarth/CoreBlueprints/GeneTraits/TraitBPs/Trait_Base.Trait_Base_C,/Script/ShooterGame.GeneTrait,2,"[""referenced_by_assets"",""captured_domain_evidence""]",0,2,0,1,0,0,,,126,top structural and demand signals within provisional tier
/Game/PrimalEarth/CoreBlueprints/GeneTraits/TraitBPs/Sprinter/Trait_High_Endurance.Trait_High_Endurance,Trait_High_Endurance,/Script/Engine.Blueprint,/Game/PrimalEarth/CoreBlueprints/GeneTraits/TraitBPs/Trait_Base.Trait_Base_C,/Script/ShooterGame.GeneTrait,2,"[""referenced_by_assets"",""captured_domain_evidence""]",0,2,0,1,0,0,,,127,top structural and demand signals within provisional tier
/Game/PrimalEarth/CoreBlueprints/GeneTraits/TraitBPs/ThickSkin/Trait_Tenacious.Trait_Tenacious,Trait_Tenacious,/Script/Engine.Blueprint,/Game/PrimalEarth/CoreBlueprints/GeneTraits/TraitBPs/Trait_Base.Trait_Base_C,/Script/ShooterGame.GeneTrait,2,"[""referenced_by_assets"",""captured_domain_evidence""]",0,2,0,1,0,0,,,128,top structural and demand signals within provisional tier
/Game/PrimalEarth/CoreBlueprints/GeneTraits/TraitBPs/Vampiric/Trait_Vampiric.Trait_Vampiric,Trait_Vampiric,/Script/Engine.Blueprint,/Game/PrimalEarth/CoreBlueprints/GeneTraits/TraitBPs/Trait_Base.Trait_Base_C,/Script/ShooterGame.GeneTrait,2,"[""referenced_by_assets"",""captured_domain_evidence""]",0,2,0,1,0,0,,,129,top structural and demand signals within provisional tier
/Game/PrimalEarth/General/TekExplosionEmitter.TekExplosionEmitter,TekExplosionEmitter,/Script/Engine.Blueprint,/Script/ShooterGame.PrimalEmitterSpawnable,/Script/ShooterGame.PrimalEmitterSpawnable,2,"[""referenced_by_assets"",""captured_domain_evidence""]",0,2,0,1,0,0,,,130,top structural and demand signals within provisional tier
/Game/ScorchedEarth/WeaponClusterGrenade/ClusterExplosionEmitter.ClusterExplosionEmitter,ClusterExplosionEmitter,/Script/Engine.Blueprint,/Script/ShooterGame.PrimalEmitterSpawnable,/Script/ShooterGame.PrimalEmitterSpawnable,2,"[""referenced_by_assets"",""captured_domain_evidence""]",0,2,0,1,0,0,,,131,top structural and demand signals within provisional tier
/Game/Fjordur/Dinos/Desmodus/Buff_SanguineElixirUsed,/Game/Fjordur/Dinos/Desmodus/Buff_SanguineElixirUsed,UNKNOWN,UNKNOWN,UNKNOWN,2,"[""referenced_by_assets"",""captured_domain_evidence""]",0,1,0,1,0,0,,,132,top structural and demand signals within provisional tier
/Game/Packs/TidesOfFortune/Dinos/Axolotl/Axolotl_Large/Buff_AxolotlEnhancedRegen.Buff_AxolotlEnhancedRegen,Buff_AxolotlEnhancedRegen,/Script/Engine.Blueprint,/Game/PrimalEarth/CoreBlueprints/Buffs/Buff_Base.Buff_Base_C,/Script/ShooterGame.PrimalBuff,2,"[""referenced_by_assets"",""captured_domain_evidence""]",0,1,0,1,0,0,,,133,top structural and demand signals within provisional tier
/Game/Packs/TidesOfFortune/Dinos/Axolotl/Axolotl_Large/Buff_AxolotlEnhancedRegenRider.Buff_AxolotlEnhancedRegenRider,Buff_AxolotlEnhancedRegenRider,/Script/Engine.Blueprint,/Game/PrimalEarth/CoreBlueprints/Buffs/Buff_Base.Buff_Base_C,/Script/ShooterGame.PrimalBuff,2,"[""referenced_by_assets"",""captured_domain_evidence""]",0,1,0,1,0,0,,,134,top structural and demand signals within provisional tier
/Game/Packs/TidesOfFortune/Dinos/Axolotl/Cocoon/DeathItemCache_AxolotlCocoon.DeathItemCache_AxolotlCocoon,DeathItemCache_AxolotlCocoon,/Script/Engine.Blueprint,/Game/PrimalEarth/Structures/DeathItemCache.DeathItemCache_C,/Script/ShooterGame.PrimalStructureItemContainer,2,"[""referenced_by_assets"",""captured_domain_evidence""]",0,1,0,1,0,0,,,135,top structural and demand signals within provisional tier
/Game/Packs/TidesOfFortune/Items/Tools/TreasureMapBottle/Gameplay/GameplayComps/GameComp_TreasureBottle.GameComp_TreasureBottle,GameComp_TreasureBottle,/Script/Engine.Blueprint,/Game/Base/GameplayComponents/GameComp_Base.GameComp_Base_C,/Script/Engine.SceneComponent,2,"[""referenced_by_assets"",""captured_domain_evidence""]",0,1,0,1,0,0,,,136,top structural and demand signals within provisional tier
/Game/Packs/TidesOfFortune/Items/Tools/TreasureMapBottle/Gameplay/TreasureBottleSpawningVolume_Base_Blueprint.TreasureBottleSpawningVolume_Base_Blueprint,TreasureBottleSpawningVolume_Base_Blueprint,/Script/Engine.Blueprint,/Script/ShooterGame.SupplyCrateSpawningVolume,/Script/ShooterGame.SupplyCrateSpawningVolume,2,"[""referenced_by_assets"",""captured_domain_evidence""]",0,1,0,1,0,0,,,137,top structural and demand signals within provisional tier
/Game/Packs/TidesOfFortune/Structures/PirateChest/SupplyCrate_BuriedTreasurePirate_Ascendant.SupplyCrate_BuriedTreasurePirate_Ascendant,SupplyCrate_BuriedTreasurePirate_Ascendant,/Script/Engine.Blueprint,/Game/Packs/TidesOfFortune/Structures/PirateChest/SupplyCrate_BuriedTreasurePirate_BASE.SupplyCrate_BuriedTreasurePirate_BASE_C,/Script/ShooterGame.PrimalStructureItemContainer_SupplyCrate,2,"[""referenced_by_assets"",""captured_domain_evidence""]",0,1,0,1,0,0,,,138,top structural and demand signals within provisional tier
/Game/Packs/TidesOfFortune/Structures/PirateChest/SupplyCrate_BuriedTreasurePirate_Journeyman.SupplyCrate_BuriedTreasurePirate_Journeyman,SupplyCrate_BuriedTreasurePirate_Journeyman,/Script/Engine.Blueprint,/Game/Packs/TidesOfFortune/Structures/PirateChest/SupplyCrate_BuriedTreasurePirate_BASE.SupplyCrate_BuriedTreasurePirate_BASE_C,/Script/ShooterGame.PrimalStructureItemContainer_SupplyCrate,2,"[""referenced_by_assets"",""captured_domain_evidence""]",0,1,0,1,0,0,,,139,top structural and demand signals within provisional tier
/Game/Packs/TidesOfFortune/Structures/PirateChest/SupplyCrate_BuriedTreasurePirate_Mastercraft.SupplyCrate_BuriedTreasurePirate_Mastercraft,SupplyCrate_BuriedTreasurePirate_Mastercraft,/Script/Engine.Blueprint,/Game/Packs/TidesOfFortune/Structures/PirateChest/SupplyCrate_BuriedTreasurePirate_BASE.SupplyCrate_BuriedTreasurePirate_BASE_C,/Script/ShooterGame.PrimalStructureItemContainer_SupplyCrate,2,"[""referenced_by_assets"",""captured_domain_evidence""]",0,1,0,1,0,0,,,140,top structural and demand signals within provisional tier
/Game/Packs/TidesOfFortune/Structures/PirateChest/SupplyCrate_BuriedTreasurePirate_Primitive.SupplyCrate_BuriedTreasurePirate_Primitive,SupplyCrate_BuriedTreasurePirate_Primitive,/Script/Engine.Blueprint,/Game/Packs/TidesOfFortune/Structures/PirateChest/SupplyCrate_BuriedTreasurePirate_BASE.SupplyCrate_BuriedTreasurePirate_BASE_C,/Script/ShooterGame.PrimalStructureItemContainer_SupplyCrate,2,"[""referenced_by_assets"",""captured_domain_evidence""]",0,1,0,1,0,0,,,141,top structural and demand signals within provisional tier
/Game/Packs/TidesOfFortune/Structures/PirateChest/SupplyCrate_BuriedTreasurePirate_Ramshackle.SupplyCrate_BuriedTreasurePirate_Ramshackle,SupplyCrate_BuriedTreasurePirate_Ramshackle,/Script/Engine.Blueprint,/Game/Packs/TidesOfFortune/Structures/PirateChest/SupplyCrate_BuriedTreasurePirate_BASE.SupplyCrate_BuriedTreasurePirate_BASE_C,/Script/ShooterGame.PrimalStructureItemContainer_SupplyCrate,2,"[""referenced_by_assets"",""captured_domain_evidence""]",0,1,0,1,0,0,,,142,top structural and demand signals within provisional tier
/Game/PrimalEarth/CoreBlueprints/ItemLootSets/LootItemSet_BottleMap_Guaranteed.LootItemSet_BottleMap_Guaranteed,LootItemSet_BottleMap_Guaranteed,/Script/Engine.Blueprint,/Game/PrimalEarth/CoreBlueprints/ItemLootSets/LootItemSet_BottleMap.LootItemSet_BottleMap_C,/Script/ShooterGame.PrimalSupplyCrateItemSet,2,"[""referenced_by_assets"",""captured_domain_evidence""]",0,1,0,1,0,0,,,143,top structural and demand signals within provisional tier
/Game/PrimalEarth/CoreBlueprints/PrimalGameDataARKNX_BP_ScorchedHair_TEST.PrimalGameDataARKNX_BP_ScorchedHair_TEST,PrimalGameDataARKNX_BP_ScorchedHair_TEST,/Script/Engine.Blueprint,/Game/PrimalEarth/CoreBlueprints/PrimalGameDataARKNX_BP.PrimalGameDataARKNX_BP_C,/Script/ShooterGame.PrimalGameData,2,"[""referenced_by_assets"",""global_entry_name_hint_low_confidence"",""captured_domain_evidence""]",0,1,0,1,0,0,,,144,top structural and demand signals within provisional tier
/Game/PrimalEarth/CoreBlueprints/Projectiles/ProjCannonBall.ProjCannonBall,ProjCannonBall,/Script/Engine.Blueprint,/Script/ShooterGame.PrimalProjectileArrow,UNKNOWN,2,"[""referenced_by_assets"",""captured_domain_evidence""]",0,1,0,1,0,0,,,145,top structural and demand signals within provisional tier
/Game/PrimalEarth/General/GasExplosionEmitter.GasExplosionEmitter,GasExplosionEmitter,/Script/Engine.Blueprint,/Script/ShooterGame.PrimalEmitterSpawnable,UNKNOWN,2,"[""referenced_by_assets"",""captured_domain_evidence""]",0,1,0,1,0,0,,,146,top structural and demand signals within provisional tier
/Game/ScorchedEarth/Dinos/Wyvern/DodoWyvProjLightingBall.DodoWyvProjLightingBall,DodoWyvProjLightingBall,/Script/Engine.Blueprint,/Game/ScorchedEarth/Dinos/Wyvern/WyvProjLightingBall.WyvProjLightingBall_C,UNKNOWN,2,"[""referenced_by_assets"",""captured_domain_evidence""]",0,1,0,1,0,0,,,147,top structural and demand signals within provisional tier
/Game/Mods/MegachelonDeepWaterVisualizer/BP_Megachelon_DeepWaterProbe.BP_Megachelon_DeepWaterProbe,BP_Megachelon_DeepWaterProbe,/Script/Engine.Blueprint,UNKNOWN,UNKNOWN,2,"[""captured_domain_evidence""]",0,0,0,0,0,0,,,148,top structural and demand signals within provisional tier
/Game/Mods/MegachelonDeepWaterVisualizer/BP_Megachelon_MatingProbe.BP_Megachelon_MatingProbe,BP_Megachelon_MatingProbe,/Script/Engine.Blueprint,UNKNOWN,UNKNOWN,2,"[""captured_domain_evidence""]",0,0,0,0,0,0,,,149,top structural and demand signals within provisional tier
/Game/Packs/TidesOfFortune/Items/Tools/TreasureMapBottle/Gameplay/BaseClasses/PrimalItemStructure_TreasureBottle_Base.PrimalItemStructure_TreasureBottle_Base,PrimalItemStructure_TreasureBottle_Base,/Script/Engine.Blueprint,/Game/PrimalEarth/CoreBlueprints/Items/Structures/BuildingBases/PrimalItemStructureGeneric.PrimalItemStructureGeneric_C,/Script/ShooterGame.PrimalItem,2,"[""captured_domain_evidence""]",0,0,0,0,0,0,,,150,top structural and demand signals within provisional tier
/Game/Packs/TidesOfFortune/Items/Tools/TreasureMapBottle/Gameplay/BaseClasses/StructureBP_TreasureBottle_Base.StructureBP_TreasureBottle_Base,StructureBP_TreasureBottle_Base,/Script/Engine.Blueprint,/Game/PrimalEarth/Structures/BuildingBases/StructureItemContainerBaseBP.StructureItemContainerBaseBP_C,/Script/ShooterGame.PrimalStructureItemContainer,2,"[""captured_domain_evidence""]",0,0,0,0,0,0,,,151,top structural and demand signals within provisional tier
/Game/Fjordur/Dinos/Desmodus/Buff_SanguineElixirUsed.Buff_SanguineElixirUsed,Buff_SanguineElixirUsed,/Script/Engine.Blueprint,/Script/ShooterGame.PrimalBuff,UNKNOWN,3,"[""global_or_system_registration"",""referenced_by_assets"",""entity_or_domain_candidate""]",0,2,0,1,1,0,,,1,top structural and demand signals within provisional tier
/Game/PrimalEarth/CoreBlueprints/Buffs/Buff_CakeSliceCooldown_Imprint.Buff_CakeSliceCooldown_Imprint,Buff_CakeSliceCooldown_Imprint,/Script/Engine.Blueprint,/Game/PrimalEarth/CoreBlueprints/Buffs/Buff_CakeSliceCooldown.Buff_CakeSliceCooldown_C,/Script/ShooterGame.PrimalBuff,3,"[""global_or_system_registration"",""referenced_by_assets"",""entity_or_domain_candidate""]",0,2,0,1,1,0,,,2,top structural and demand signals within provisional tier
/Game/Genesis/Missions/Retrieve/MissionType_Retrieve_DinoDrop.MissionType_Retrieve_DinoDrop,MissionType_Retrieve_DinoDrop,/Script/Engine.Blueprint,/Game/Genesis/Missions/Retrieve/MissionType_Retrieve_Base.MissionType_Retrieve_Base_C,/Script/ShooterGame.MissionType,3,"[""has_descendants"",""referenced_by_assets"",""entity_or_domain_candidate""]",12,4,0,1,0,0,,,3,top structural and demand signals within provisional tier
/Game/Genesis2/Missions/Hunt/MissionType_Hunt_RandomGenerated.MissionType_Hunt_RandomGenerated,MissionType_Hunt_RandomGenerated,/Script/Engine.Blueprint,/Game/Genesis/Missions/Hunt/MissionType_Hunt.MissionType_Hunt_C,UNKNOWN,3,"[""has_descendants"",""referenced_by_assets"",""entity_or_domain_candidate""]",12,4,0,1,0,0,,,4,top structural and demand signals within provisional tier
/Game/Genesis2/Missions/ModularMission/MissionModule_zSubmodule_RandomSubmoduleSet_Base.MissionModule_zSubmodule_RandomSubmoduleSet_Base,MissionModule_zSubmodule_RandomSubmoduleSet_Base,/Script/Engine.Blueprint,/Game/Genesis2/Missions/ModularMission/MissionModule_Base.MissionModule_Base_C,UNKNOWN,3,"[""has_descendants"",""referenced_by_assets"",""entity_or_domain_candidate""]",12,4,0,1,0,0,,,5,top structural and demand signals within provisional tier
/Game/Genesis/CoreBlueprints/LootSets/LootItemSet_Missions_Sports.LootItemSet_Missions_Sports,LootItemSet_Missions_Sports,/Script/Engine.Blueprint,/Game/Genesis/CoreBlueprints/LootSets/LootItemSet_Missions.LootItemSet_Missions_C,UNKNOWN,3,"[""has_descendants"",""referenced_by_assets"",""entity_or_domain_candidate""]",12,3,0,1,0,0,,,6,top structural and demand signals within provisional tier
/Game/Genesis2/Missions/ModularMission/Shmup/MissionModule_zSubmodule_SpawnCreatures_Shmup_Base.MissionModule_zSubmodule_SpawnCreatures_Shmup_Base,MissionModule_zSubmodule_SpawnCreatures_Shmup_Base,/Script/Engine.Blueprint,/Game/Genesis2/Missions/ModularMission/MissionModule_zSubmodule_SpawnCreatures_Base.MissionModule_zSubmodule_SpawnCreatures_Base_C,UNKNOWN,3,"[""has_descendants"",""referenced_by_assets"",""entity_or_domain_candidate""]",12,3,0,1,0,0,,,7,top structural and demand signals within provisional tier
/Game/Genesis/Missions/Escort/MissionType_Escort_Multiple.MissionType_Escort_Multiple,MissionType_Escort_Multiple,/Script/Engine.Blueprint,/Game/Genesis/Missions/Escort/MissionType_Escort_Base.MissionType_Escort_Base_C,/Script/ShooterGame.MissionType,3,"[""has_descendants"",""referenced_by_assets"",""entity_or_domain_candidate""]",9,5,0,1,0,0,,,8,top structural and demand signals within provisional tier
/Game/Genesis2/Missions/ModularMission/MissionModule_ProtectStructures_Base.MissionModule_ProtectStructures_Base,MissionModule_ProtectStructures_Base,/Script/Engine.Blueprint,/Game/Genesis2/Missions/ModularMission/MissionModule_Base.MissionModule_Base_C,/Script/ShooterGame.NewMissionModuleBase,3,"[""has_descendants"",""referenced_by_assets"",""entity_or_domain_candidate""]",9,3,0,1,0,0,,,9,top structural and demand signals within provisional tier
/Game/LostColony/Missions/Bossfight/Modules/SpawnMinions/Base/MissionSubModule_SpawnCreatures_LC_Outpost_Base_BossFight.MissionSubModule_SpawnCreatures_LC_Outpost_Base_BossFight,MissionSubModule_SpawnCreatures_LC_Outpost_Base_BossFight,/Script/Engine.Blueprint,/Game/LostColony/Missions/Overworld/Outpost/Base/Modules/MissionSubModule_SpawnCreatures_LC_Outpost_Base.MissionSubModule_SpawnCreatures_LC_Outpost_Base_C,/Script/ShooterGame.NewMissionModuleBase,3,"[""has_descendants"",""referenced_by_assets"",""entity_or_domain_candidate""]",9,3,0,1,0,0,,,10,top structural and demand signals within provisional tier
/Game/Aberration/CoreBlueprints/InventoryBP_AberrationEarthquake_Base.InventoryBP_AberrationEarthquake_Base,InventoryBP_AberrationEarthquake_Base,/Script/Engine.Blueprint,/Script/ShooterGame.PrimalInventoryComponent,UNKNOWN,3,"[""has_descendants"",""referenced_by_assets"",""entity_or_domain_candidate""]",8,8,0,1,0,0,,,11,top structural and demand signals within provisional tier
/Game/LostColony/Missions/Bossfight/Modules/Cinematics/Base/MissionModule_Cinematic_LC_Bossfight.MissionModule_Cinematic_LC_Bossfight,MissionModule_Cinematic_LC_Bossfight,/Script/Engine.Blueprint,/Game/Genesis2/Missions/ModularMission/MissionModule_Base.MissionModule_Base_C,/Script/ShooterGame.NewMissionModuleBase,3,"[""has_descendants"",""referenced_by_assets"",""entity_or_domain_candidate""]",8,5,0,1,0,0,,,12,top structural and demand signals within provisional tier
/Game/Genesis/Missions/Sports/DodoBall/Lunar/MissionType_Sport_BasketBall_Lunar.MissionType_Sport_BasketBall_Lunar,MissionType_Sport_BasketBall_Lunar,/Script/Engine.Blueprint,/Game/Genesis/Missions/Sports/DodoBall/MissionType_Sport_BasketBall.MissionType_Sport_BasketBall_C,/Script/ShooterGame.MissionType,3,"[""has_descendants"",""referenced_by_assets"",""entity_or_domain_candidate""]",8,3,0,1,0,0,,,13,top structural and demand signals within provisional tier
/Game/LostColony/Missions/Bossfight/Modules/Fights/MissionModule_LC_Bossfight.MissionModule_LC_Bossfight,MissionModule_LC_Bossfight,/Script/Engine.Blueprint,/Game/Genesis2/Missions/ModularMission/MissionModule_Base.MissionModule_Base_C,/Script/ShooterGame.NewMissionModuleBase,3,"[""has_descendants"",""referenced_by_assets"",""entity_or_domain_candidate""]",8,2,0,1,0,0,,,14,top structural and demand signals within provisional tier
/Game/PrimalEarth/CoreBlueprints/Buffs/Buff_BiomeApplied.Buff_BiomeApplied,Buff_BiomeApplied,/Script/Engine.Blueprint,/Game/PrimalEarth/CoreBlueprints/Buffs/Buff_Base.Buff_Base_C,/Script/ShooterGame.PrimalBuff,3,"[""has_descendants"",""referenced_by_assets"",""cross_domain_references"",""entity_or_domain_candidate""]",7,2,0,2,0,0,,,15,top structural and demand signals within provisional tier
/Game/Extinction/CoreBlueprints/HarvestComponents/DinoDeathHarvestingComponent_Corrupted_Base.DinoDeathHarvestingComponent_Corrupted_Base,DinoDeathHarvestingComponent_Corrupted_Base,/Script/Engine.Blueprint,/Game/PrimalEarth/CoreBlueprints/HarvestComponents/DinoDeathHarvestingComponent_Base.DinoDeathHarvestingComponent_Base_C,UNKNOWN,3,"[""has_descendants"",""referenced_by_assets"",""entity_or_domain_candidate""]",7,9,0,1,0,0,,,16,top structural and demand signals within provisional tier
/Game/LostColony/Dinos/Thrall/AI/ThrallDinoOverride_AIController_BP.ThrallDinoOverride_AIController_BP,ThrallDinoOverride_AIController_BP,/Script/Engine.Blueprint,/Script/ShooterGame.PrimalDinoAIController,/Script/ShooterGame.PrimalDinoAIController,3,"[""has_descendants"",""referenced_by_assets"",""entity_or_domain_candidate""]",7,8,0,1,0,0,,,17,top structural and demand signals within provisional tier
/Game/LostColony/Dinos/Thrall/Characters/Base/Thrall_AIController_BP_Base.Thrall_AIController_BP_Base,Thrall_AIController_BP_Base,/Script/Engine.Blueprint,/Game/Genesis/Dinos/Bots/Bot_AIController_BP.Bot_AIController_BP_C,/Script/ShooterGame.PrimalBotAIController,3,"[""has_descendants"",""referenced_by_assets"",""entity_or_domain_candidate""]",7,8,0,1,0,0,,,18,top structural and demand signals within provisional tier
/Game/LostColony/Missions/Bossfight/Modules/Crystals/MissionModule_LC_Bossfight_CrystalsStructures.MissionModule_LC_Bossfight_CrystalsStructures,MissionModule_LC_Bossfight_CrystalsStructures,/Script/Engine.Blueprint,/Game/Genesis2/Missions/ModularMission/MissionModule_Base.MissionModule_Base_C,/Script/ShooterGame.NewMissionModuleBase,3,"[""has_descendants"",""referenced_by_assets"",""entity_or_domain_candidate""]",7,8,0,1,0,0,,,19,top structural and demand signals within provisional tier
/Game/Packs/Wasteland/Vehicles/Car/RearEndMod/BaseClass/Buff_Vehicle_Rearmod_Base.Buff_Vehicle_Rearmod_Base,Buff_Vehicle_Rearmod_Base,/Script/Engine.Blueprint,/Game/Packs/Wasteland/Vehicles/Car/BaseClasses/Buff_VehicleAttachment_Base.Buff_VehicleAttachment_Base_C,/Script/ShooterGame.PrimalBuff,3,"[""has_descendants"",""referenced_by_assets"",""entity_or_domain_candidate""]",7,8,0,1,0,0,,,20,top structural and demand signals within provisional tier
/Game/Genesis/Missions/Ocean/Outpost/Structures/StructureBP_Mission_Outpost_SwapOnDeath_Base.StructureBP_Mission_Outpost_SwapOnDeath_Base,StructureBP_Mission_Outpost_SwapOnDeath_Base,/Script/Engine.Blueprint,/Game/LostColony/Missions/Overworld/Outpost/Structures/StructureBP_Mission_Outpost_Base.StructureBP_Mission_Outpost_Base_C,/Script/ShooterGame.PrimalStructure,3,"[""has_descendants"",""referenced_by_assets"",""entity_or_domain_candidate""]",7,7,0,1,0,0,,,21,top structural and demand signals within provisional tier
/Game/LostColony/Missions/Bossfight/Modules/SpawnMinions/Neophyte/MissionSubModule_SpawnCreatures_LC_Outpost_Base_BossFight_Neophyte.MissionSubModule_SpawnCreatures_LC_Outpost_Base_BossFight_Neophyte,MissionSubModule_SpawnCreatures_LC_Outpost_Base_BossFight_Neophyte,/Script/Engine.Blueprint,/Game/LostColony/Missions/Bossfight/Modules/SpawnMinions/Base/MissionSubModule_SpawnCreatures_LC_Outpost_Base_BossFight.MissionSubModule_SpawnCreatures_LC_Outpost_Base_BossFight_C,/Script/ShooterGame.NewMissionModuleBase,3,"[""has_descendants"",""referenced_by_assets"",""entity_or_domain_candidate""]",7,7,0,1,0,0,,,22,top structural and demand signals within provisional tier
/Game/Genesis/CoreBlueprints/LootSets/LootItemSet_Missions_Escort.LootItemSet_Missions_Escort,LootItemSet_Missions_Escort,/Script/Engine.Blueprint,/Game/Genesis/CoreBlueprints/LootSets/LootItemSet_Missions.LootItemSet_Missions_C,UNKNOWN,3,"[""has_descendants"",""referenced_by_assets"",""entity_or_domain_candidate""]",7,6,0,1,0,0,,,23,top structural and demand signals within provisional tier
/Game/Genesis/CoreBlueprints/LootSets/LootItemSet_Missions_Retrieve.LootItemSet_Missions_Retrieve,LootItemSet_Missions_Retrieve,/Script/Engine.Blueprint,/Game/Genesis/CoreBlueprints/LootSets/LootItemSet_Missions.LootItemSet_Missions_C,UNKNOWN,3,"[""has_descendants"",""referenced_by_assets"",""entity_or_domain_candidate""]",7,6,0,1,0,0,,,24,top structural and demand signals within provisional tier
/Game/Genesis2/Missions/ModularMission/Gauntlet2/Gauntlet2_MissionType_Base.Gauntlet2_MissionType_Base,Gauntlet2_MissionType_Base,/Script/Engine.Blueprint,/Game/Genesis2/Missions/ModularMission/MissionType_ModularMission_Base.MissionType_ModularMission_Base_C,/Script/ShooterGame.MissionType_ModularMissionBase,3,"[""has_descendants"",""referenced_by_assets"",""entity_or_domain_candidate""]",7,5,0,1,0,0,,,25,top structural and demand signals within provisional tier
/Game/Genesis2/Missions/ModularMission/Maze/MissionType_Maze_Base.MissionType_Maze_Base,MissionType_Maze_Base,/Script/Engine.Blueprint,/Game/Genesis2/Missions/ModularMission/MissionType_ModularMission_Base.MissionType_ModularMission_Base_C,UNKNOWN,3,"[""has_descendants"",""referenced_by_assets"",""entity_or_domain_candidate""]",7,5,0,1,0,0,,,26,top structural and demand signals within provisional tier
/Game/LostColony/Missions/Bossfight/Modules/Checkpoints/Rooms/MissionSubModule_RoomClean_Base.MissionSubModule_RoomClean_Base,MissionSubModule_RoomClean_Base,/Script/Engine.Blueprint,/Game/Genesis2/Missions/ModularMission/MissionModule_Base.MissionModule_Base_C,/Script/ShooterGame.NewMissionModuleBase,3,"[""has_descendants"",""referenced_by_assets"",""entity_or_domain_candidate""]",7,3,0,1,0,0,,,27,top structural and demand signals within provisional tier
/Game/Genesis2/Missions/ModularMission/MissionSubmodule_SplineSpawner.MissionSubmodule_SplineSpawner,MissionSubmodule_SplineSpawner,/Script/Engine.Blueprint,/Game/Genesis2/Missions/ModularMission/MissionModule_Base.MissionModule_Base_C,/Script/ShooterGame.NewMissionModuleBase,3,"[""has_descendants"",""referenced_by_assets"",""entity_or_domain_candidate""]",7,2,0,1,0,0,,,28,top structural and demand signals within provisional tier
/Game/PrimalEarth/CoreBlueprints/Buffs/Buff_PreventInput.Buff_PreventInput,Buff_PreventInput,/Script/Engine.Blueprint,/Game/PrimalEarth/CoreBlueprints/Buffs/Buff_Base.Buff_Base_C,/Script/ShooterGame.PrimalBuff,3,"[""has_descendants"",""referenced_by_assets"",""cross_domain_references"",""entity_or_domain_candidate""]",6,4,0,3,0,0,,,29,top structural and demand signals within provisional tier
/Game/PrimalEarth/Dinos/Megalodon/Megalodon_AIController_BP.Megalodon_AIController_BP,Megalodon_AIController_BP,/Script/Engine.Blueprint,/Game/PrimalEarth/CoreAI/Dino_AIController_BP.Dino_AIController_BP_C,/Script/ShooterGame.PrimalDinoAIController,3,"[""has_descendants"",""referenced_by_assets"",""cross_domain_references"",""entity_or_domain_candidate""]",6,7,0,2,0,0,,,30,top structural and demand signals within provisional tier
/Game/Aberration/CoreBlueprints/LanternPet_AIController_Base_BP.LanternPet_AIController_Base_BP,LanternPet_AIController_Base_BP,/Script/Engine.Blueprint,/Game/PrimalEarth/CoreAI/Dino_AIController_BP.Dino_AIController_BP_C,UNKNOWN,3,"[""has_descendants"",""referenced_by_assets"",""cross_domain_references"",""entity_or_domain_candidate""]",6,5,0,2,0,0,,,31,top structural and demand signals within provisional tier
/Game/PrimalEarth/Dinos/Trike/Trike_AIController_BP.Trike_AIController_BP,Trike_AIController_BP,/Script/Engine.Blueprint,/Game/PrimalEarth/CoreAI/Dino_AIController_BP.Dino_AIController_BP_C,UNKNOWN,3,"[""has_descendants"",""referenced_by_assets"",""cross_domain_references"",""entity_or_domain_candidate""]",6,3,0,2,0,0,,,32,top structural and demand signals within provisional tier
/Game/Genesis2/Missions/ModularMission/Shmup/MissionModule_zSubmodule_SpawnStructures_Shmup.MissionModule_zSubmodule_SpawnStructures_Shmup,MissionModule_zSubmodule_SpawnStructures_Shmup,/Script/Engine.Blueprint,/Game/Genesis2/Missions/ModularMission/MissionModule_zSubmodule_SpawnStructures_Base.MissionModule_zSubmodule_SpawnStructures_Base_C,UNKNOWN,3,"[""has_descendants"",""referenced_by_assets"",""entity_or_domain_candidate""]",6,7,0,1,0,0,,,33,top structural and demand signals within provisional tier
/Game/Genesis2/Missions/ModularMission/Shmup/MissionSubmodule_SplineSpawner_Shmup.MissionSubmodule_SplineSpawner_Shmup,MissionSubmodule_SplineSpawner_Shmup,/Script/Engine.Blueprint,/Game/Genesis2/Missions/ModularMission/MissionSubmodule_SplineSpawner.MissionSubmodule_SplineSpawner_C,UNKNOWN,3,"[""has_descendants"",""referenced_by_assets"",""entity_or_domain_candidate""]",6,7,0,1,0,0,,,34,top structural and demand signals within provisional tier
/Game/Genesis/Weapons/MiningDrill/Drill_HarvestImpactEmitter_Base.Drill_HarvestImpactEmitter_Base,Drill_HarvestImpactEmitter_Base,/Script/Engine.Blueprint,/Script/ShooterGame.PrimalEmitterSpawnable,/Script/ShooterGame.PrimalEmitterSpawnable,3,"[""has_descendants"",""referenced_by_assets"",""entity_or_domain_candidate""]",6,6,0,1,0,0,,,35,top structural and demand signals within provisional tier
/Game/Packs/Wasteland/CoreBlueprints/ItemTraits/Buff_ItemTrait_Base.Buff_ItemTrait_Base,Buff_ItemTrait_Base,/Script/Engine.Blueprint,/Script/ShooterGame.PrimalBuff,/Script/ShooterGame.PrimalBuff,3,"[""has_descendants"",""referenced_by_assets"",""entity_or_domain_candidate""]",6,6,0,1,0,0,,,36,top structural and demand signals within provisional tier
/Game/Genesis2/Missions/ModularMission/NestProtect/MissionModule_ProtectStructures_NestProtect_Base.MissionModule_ProtectStructures_NestProtect_Base,MissionModule_ProtectStructures_NestProtect_Base,/Script/Engine.Blueprint,/Game/Genesis2/Missions/ModularMission/MissionModule_ProtectStructures_Base.MissionModule_ProtectStructures_Base_C,UNKNOWN,3,"[""has_descendants"",""referenced_by_assets"",""entity_or_domain_candidate""]",6,4,0,1,0,0,,,37,top structural and demand signals within provisional tier
/Game/LostColony/Dinos/YoungIceFox/Buffs/Buff_YoungIceFox_MoralSupport_Base.Buff_YoungIceFox_MoralSupport_Base,Buff_YoungIceFox_MoralSupport_Base,/Script/Engine.Blueprint,/Game/PrimalEarth/CoreBlueprints/Buffs/Buff_Base.Buff_Base_C,/Script/ShooterGame.PrimalBuff,3,"[""has_descendants"",""referenced_by_assets"",""entity_or_domain_candidate""]",6,4,0,1,0,0,,,38,top structural and demand signals within provisional tier
/Game/Aberration/Dinos/ChupaCabra/ChupaCabra_AIController_BP.ChupaCabra_AIController_BP,ChupaCabra_AIController_BP,/Script/Engine.Blueprint,/Game/PrimalEarth/CoreAI/Dino_AIController_BP.Dino_AIController_BP_C,UNKNOWN,3,"[""has_descendants"",""referenced_by_assets"",""entity_or_domain_candidate""]",6,3,0,1,0,0,,,39,top structural and demand signals within provisional tier
/Game/PrimalEarth/Dinos/Quetzalcoatlus/Quetz_AIController_BP.Quetz_AIController_BP,Quetz_AIController_BP,/Script/Engine.Blueprint,/Game/PrimalEarth/CoreAI/Dino_AIController_BP.Dino_AIController_BP_C,/Script/ShooterGame.PrimalDinoAIController,3,"[""has_descendants"",""referenced_by_assets"",""entity_or_domain_candidate""]",6,2,0,1,0,0,,,40,top structural and demand signals within provisional tier
/Game/PrimalEarth/CoreBlueprints/Buffs/Buff_BiomeApplied_Gen2NoTick.Buff_BiomeApplied_Gen2NoTick,Buff_BiomeApplied_Gen2NoTick,/Script/Engine.Blueprint,/Game/PrimalEarth/CoreBlueprints/Buffs/Buff_Base.Buff_Base_C,UNKNOWN,3,"[""has_descendants"",""referenced_by_assets"",""entity_or_domain_candidate""]",6,1,0,1,0,0,,,41,top structural and demand signals within provisional tier
/Game/PrimalEarth/Dinos/Dodo/Dodo_AIController_BP.Dodo_AIController_BP,Dodo_AIController_BP,/Script/Engine.Blueprint,/Game/PrimalEarth/CoreAI/Dino_AIController_BP.Dino_AIController_BP_C,UNKNOWN,3,"[""has_descendants"",""referenced_by_assets"",""cross_domain_references"",""entity_or_domain_candidate""]",5,6,0,2,0,0,,,42,top structural and demand signals within provisional tier
/Game/Base/GameplayComponents/v2/GameComp_V2_BuffApplier.GameComp_V2_BuffApplier,GameComp_V2_BuffApplier,/Script/Engine.Blueprint,/Game/Base/GameplayComponents/GameComp_Base.GameComp_Base_C,/Script/Engine.SceneComponent,3,"[""has_descendants"",""referenced_by_assets"",""cross_domain_references"",""entity_or_domain_candidate""]",5,5,0,2,0,0,,,43,top structural and demand signals within provisional tier
/Game/Extinction/CoreBlueprints/HordeCrates/SupplyCrate_Horde_MeteorBase.SupplyCrate_Horde_MeteorBase,SupplyCrate_Horde_MeteorBase,/Script/Engine.Blueprint,/Game/Extinction/CoreBlueprints/HordeCrates/SupplyCrate_Base_Horde.SupplyCrate_Base_Horde_C,/Script/ShooterGame.PrimalStructureItemContainer_HordeCrate,3,"[""has_descendants"",""referenced_by_assets"",""cross_domain_references"",""entity_or_domain_candidate""]",5,5,0,2,0,0,,,44,top structural and demand signals within provisional tier
/Game/PrimalEarth/CoreBlueprints/Buffs/Buff_FoliageTrap.Buff_FoliageTrap,Buff_FoliageTrap,/Script/Engine.Blueprint,/Game/PrimalEarth/CoreBlueprints/Buffs/Buff_BiomeApplied.Buff_BiomeApplied_C,/Script/ShooterGame.PrimalBuff,3,"[""has_descendants"",""referenced_by_assets"",""cross_domain_references"",""entity_or_domain_candidate""]",5,5,0,2,0,0,,,45,top structural and demand signals within provisional tier
/Game/PrimalEarth/Dinos/Bigfoot/Bigfoot_AIController_BP.Bigfoot_AIController_BP,Bigfoot_AIController_BP,/Script/Engine.Blueprint,/Game/PrimalEarth/CoreAI/Dino_AIController_BP.Dino_AIController_BP_C,UNKNOWN,3,"[""has_descendants"",""referenced_by_assets"",""cross_domain_references"",""entity_or_domain_candidate""]",5,4,0,2,0,0,,,46,top structural and demand signals within provisional tier
/Game/PrimalEarth/CoreBlueprints/Buffs/Buff_Base_PointOfInterest.Buff_Base_PointOfInterest,Buff_Base_PointOfInterest,/Script/Engine.Blueprint,/Game/PrimalEarth/CoreBlueprints/Buffs/Buff_Base.Buff_Base_C,/Script/ShooterGame.PrimalBuff,3,"[""has_descendants"",""referenced_by_assets"",""cross_domain_references"",""entity_or_domain_candidate""]",5,3,0,2,0,0,,,47,top structural and demand signals within provisional tier
/Game/Genesis/CoreBlueprints/LootSets/LootItemSet_Missions_Sports_Lunar.LootItemSet_Missions_Sports_Lunar,LootItemSet_Missions_Sports_Lunar,/Script/Engine.Blueprint,/Game/Genesis/CoreBlueprints/LootSets/LootItemSet_Missions_Sports.LootItemSet_Missions_Sports_C,UNKNOWN,3,"[""has_descendants"",""referenced_by_assets"",""entity_or_domain_candidate""]",5,8,0,1,0,0,,,48,top structural and demand signals within provisional tier
/Game/Genesis/Missions/MissionType_GlitchCounter_Base.MissionType_GlitchCounter_Base,MissionType_GlitchCounter_Base,/Script/Engine.Blueprint,/Game/Genesis/Missions/MissionTypeBlueprintBase.MissionTypeBlueprintBase_C,/Script/ShooterGame.MissionType,3,"[""has_descendants"",""referenced_by_assets"",""entity_or_domain_candidate""]",5,8,0,1,0,0,,,49,top structural and demand signals within provisional tier
/Game/Genesis/Missions/Gather/MissionType_Gather.MissionType_Gather,MissionType_Gather,/Script/Engine.Blueprint,/Script/ShooterGame.MissionType,/Script/ShooterGame.MissionType,3,"[""has_descendants"",""referenced_by_assets"",""entity_or_domain_candidate""]",5,7,0,1,0,0,,,50,top structural and demand signals within provisional tier
/Game/Genesis/CoreBlueprints/LootSets/LootItemSet_Missions_Sports_Bog.LootItemSet_Missions_Sports_Bog,LootItemSet_Missions_Sports_Bog,/Script/Engine.Blueprint,/Game/Genesis/CoreBlueprints/LootSets/LootItemSet_Missions_Sports.LootItemSet_Missions_Sports_C,UNKNOWN,3,"[""has_descendants"",""referenced_by_assets"",""entity_or_domain_candidate""]",5,6,0,1,0,0,,,51,top structural and demand signals within provisional tier
/Game/Genesis2/CoreBlueprints/Buffs/AreaBuffs/Gen2_AreaBuff_Base.Gen2_AreaBuff_Base,Gen2_AreaBuff_Base,/Script/Engine.Blueprint,/Game/PrimalEarth/CoreBlueprints/Buffs/Buff_BiomeApplied_Gen2NoTick.Buff_BiomeApplied_Gen2NoTick_C,UNKNOWN,3,"[""has_descendants"",""referenced_by_assets"",""entity_or_domain_candidate""]",5,6,0,1,0,0,,,52,top structural and demand signals within provisional tier
/Game/Genesis2/Missions/ModularMission/Structures/MissionModule_zSubmodule_SpawnStructures_MissionWall.MissionModule_zSubmodule_SpawnStructures_MissionWall,MissionModule_zSubmodule_SpawnStructures_MissionWall,/Script/Engine.Blueprint,/Game/Genesis2/Missions/ModularMission/MissionModule_zSubmodule_SpawnStructures_Base.MissionModule_zSubmodule_SpawnStructures_Base_C,UNKNOWN,3,"[""has_descendants"",""referenced_by_assets"",""entity_or_domain_candidate""]",5,6,0,1,0,0,,,53,top structural and demand signals within provisional tier
/Game/Packs/Wasteland/Vehicles/Car/FrontEndMod/BaseClass/Buff_VehicleFrontmod_Base.Buff_VehicleFrontmod_Base,Buff_VehicleFrontmod_Base,/Script/Engine.Blueprint,/Game/Packs/Wasteland/Vehicles/Car/BaseClasses/Buff_VehicleAttachment_Base.Buff_VehicleAttachment_Base_C,/Script/ShooterGame.PrimalBuff,3,"[""has_descendants"",""referenced_by_assets"",""entity_or_domain_candidate""]",5,6,0,1,0,0,,,54,top structural and demand signals within provisional tier
/Game/Packs/Wasteland/Vehicles/Car/Turret/BaseClass/Buff_VehicleTurret_Base.Buff_VehicleTurret_Base,Buff_VehicleTurret_Base,/Script/Engine.Blueprint,/Game/Packs/Wasteland/Vehicles/Car/BaseClasses/Buff_VehicleAttachment_Base.Buff_VehicleAttachment_Base_C,/Script/ShooterGame.PrimalBuff,3,"[""has_descendants"",""referenced_by_assets"",""entity_or_domain_candidate""]",5,6,0,1,0,0,,,55,top structural and demand signals within provisional tier
/SOTFGameModeMod/TSOTF/Core/Supply/SupplyCrateSOTF_Tier1.SupplyCrateSOTF_Tier1,SupplyCrateSOTF_Tier1,/Script/Engine.Blueprint,/Game/PrimalEarth/Structures/BuildingBases/SupplyCrateBaseBP.SupplyCrateBaseBP_C,/Script/ShooterGame.PrimalStructureItemContainer_SupplyCrate,3,"[""has_descendants"",""referenced_by_assets"",""entity_or_domain_candidate""]",5,6,0,1,0,0,,,56,top structural and demand signals within provisional tier
/Game/Aberration/CoreBlueprints/Buffs/Buff_HazardSuit_Base.Buff_HazardSuit_Base,Buff_HazardSuit_Base,/Script/Engine.Blueprint,/Game/PrimalEarth/CoreBlueprints/Buffs/Buff_Base_OnlyRelevantToOwner.Buff_Base_OnlyRelevantToOwner_C,/Script/ShooterGame.PrimalBuff,3,"[""has_descendants"",""referenced_by_assets"",""entity_or_domain_candidate""]",5,5,0,1,0,0,,,57,top structural and demand signals within provisional tier
/Game/LostColony/Missions/Bossfight/Modules/Checkpoints/Enemies/MissionModule_zSubmodule_SpawnCreatures_LC_Bossfight.MissionModule_zSubmodule_SpawnCreatures_LC_Bossfight,MissionModule_zSubmodule_SpawnCreatures_LC_Bossfight,/Script/Engine.Blueprint,/Game/LostColony/Missions/Overworld/Outpost/Base/Modules/MissionSubModule_SpawnCreatures_LC_Outpost_Base.MissionSubModule_SpawnCreatures_LC_Outpost_Base_C,/Script/ShooterGame.NewMissionModuleBase,3,"[""has_descendants"",""referenced_by_assets"",""entity_or_domain_candidate""]",5,5,0,1,0,0,,,58,top structural and demand signals within provisional tier
/Game/LostColony/Missions/Overworld/Outpost/ResourceCache/Base/Modules/Sub/MissionSubModule_SpawnCreatures_Outpost_ResourceCache_Wave_Base.MissionSubModule_SpawnCreatures_Outpost_ResourceCache_Wave_Base,MissionSubModule_SpawnCreatures_Outpost_ResourceCache_Wave_Base,/Script/Engine.Blueprint,/Game/LostColony/Missions/Overworld/Outpost/Base/Modules/MissionSubModule_SpawnCreatures_LC_Outpost_Base.MissionSubModule_SpawnCreatures_LC_Outpost_Base_C,/Script/ShooterGame.NewMissionModuleBase,3,"[""has_descendants"",""referenced_by_assets"",""entity_or_domain_candidate""]",5,5,0,1,0,0,,,59,top structural and demand signals within provisional tier
/Game/Genesis2/Missions/ModularMission/Hotspot/MissionType_Hotspot_Base.MissionType_Hotspot_Base,MissionType_Hotspot_Base,/Script/Engine.Blueprint,/Game/Genesis2/Missions/ModularMission/MissionType_ModularMission_Base.MissionType_ModularMission_Base_C,UNKNOWN,3,"[""has_descendants"",""referenced_by_assets"",""entity_or_domain_candidate""]",5,3,0,1,0,0,,,60,top structural and demand signals within provisional tier
/Game/Genesis2/Missions/ModularMission/MissionModule_zSubmodule_AddSpecialWorldIndicator_Base.MissionModule_zSubmodule_AddSpecialWorldIndicator_Base,MissionModule_zSubmodule_AddSpecialWorldIndicator_Base,/Script/Engine.Blueprint,/Game/Genesis2/Missions/ModularMission/MissionModule_Base.MissionModule_Base_C,UNKNOWN,3,"[""has_descendants"",""referenced_by_assets"",""entity_or_domain_candidate""]",5,3,0,1,0,0,,,61,top structural and demand signals within provisional tier
/Game/LostColony/Dinos/Thrall/Characters/Servant/Harvester/Thrall_Character_BP_Harvester.Thrall_Character_BP_Harvester,Thrall_Character_BP_Harvester,/Script/Engine.Blueprint,/Game/LostColony/Dinos/Thrall/Characters/Base/Thrall_Character_BP_Base.Thrall_Character_BP_Base_C,/Script/ShooterGame.PrimalBotCharacter,3,"[""has_descendants"",""referenced_by_assets"",""entity_or_domain_candidate""]",5,3,0,1,0,0,,,62,top structural and demand signals within provisional tier
/Game/Genesis/Missions/Fishing/MissionType_Fishing_OnlyNormalFish.MissionType_Fishing_OnlyNormalFish,MissionType_Fishing_OnlyNormalFish,/Script/Engine.Blueprint,/Game/Genesis/Missions/Fishing/MissionType_Fishing_Base.MissionType_Fishing_Base_C,/Script/ShooterGame.MissionType,3,"[""has_descendants"",""referenced_by_assets"",""entity_or_domain_candidate""]",5,2,0,1,0,0,,,63,top structural and demand signals within provisional tier
/Game/Genesis/Missions/Fishing/MissionType_Fishing_OnlyNormalFishEndImmediately.MissionType_Fishing_OnlyNormalFishEndImmediately,MissionType_Fishing_OnlyNormalFishEndImmediately,/Script/Engine.Blueprint,/Game/Genesis/Missions/Fishing/MissionType_Fishing_Base.MissionType_Fishing_Base_C,/Script/ShooterGame.MissionType,3,"[""has_descendants"",""referenced_by_assets"",""entity_or_domain_candidate""]",5,2,0,1,0,0,,,64,top structural and demand signals within provisional tier
/Game/ScorchedEarth/CoreBlueprints/Buffs/Buff_ChargeEmitter_Foliage.Buff_ChargeEmitter_Foliage,Buff_ChargeEmitter_Foliage,/Script/Engine.Blueprint,/Game/Aberration/CoreBlueprints/Buffs/Buff_ChargeEmitter.Buff_ChargeEmitter_C,/Script/ShooterGame.PrimalBuff,3,"[""has_descendants"",""referenced_by_assets"",""cross_domain_references"",""entity_or_domain_candidate""]",4,6,0,3,0,0,,,65,top structural and demand signals within provisional tier
/Game/EndGame/Dinos/Drone/EndDrone_AIController_BP.EndDrone_AIController_BP,EndDrone_AIController_BP,/Script/Engine.Blueprint,/Game/PrimalEarth/CoreAI/Dino_AIController_BP.Dino_AIController_BP_C,/Script/ShooterGame.PrimalDinoAIController,3,"[""has_descendants"",""referenced_by_assets"",""cross_domain_references"",""entity_or_domain_candidate""]",4,5,0,3,0,0,,,66,top structural and demand signals within provisional tier
/Game/PrimalEarth/Dinos/Carno/Carno_AIController_BP.Carno_AIController_BP,Carno_AIController_BP,/Script/Engine.Blueprint,/Game/PrimalEarth/CoreAI/Dino_AIController_BP.Dino_AIController_BP_C,UNKNOWN,3,"[""has_descendants"",""referenced_by_assets"",""cross_domain_references"",""entity_or_domain_candidate""]",4,5,0,3,0,0,,,67,top structural and demand signals within provisional tier
/Game/PrimalEarth/Dinos/Sarco/Sarco_AIController_BP.Sarco_AIController_BP,Sarco_AIController_BP,/Script/Engine.Blueprint,/Game/PrimalEarth/CoreAI/Dino_AIController_BP.Dino_AIController_BP_C,UNKNOWN,3,"[""has_descendants"",""referenced_by_assets"",""cross_domain_references"",""entity_or_domain_candidate""]",4,5,0,3,0,0,,,68,top structural and demand signals within provisional tier
/Game/PrimalEarth/Dinos/Dimorphodon/Dimorph_AIController_BP.Dimorph_AIController_BP,Dimorph_AIController_BP,/Script/Engine.Blueprint,/Game/PrimalEarth/CoreAI/Dino_AIController_BP.Dino_AIController_BP_C,UNKNOWN,3,"[""has_descendants"",""referenced_by_assets"",""cross_domain_references"",""entity_or_domain_candidate""]",4,4,0,3,0,0,,,69,top structural and demand signals within provisional tier
/Game/PrimalEarth/Dinos/Stego/Stego_AIController_BP.Stego_AIController_BP,Stego_AIController_BP,/Script/Engine.Blueprint,/Game/PrimalEarth/CoreAI/Dino_AIController_BP.Dino_AIController_BP_C,UNKNOWN,3,"[""has_descendants"",""referenced_by_assets"",""cross_domain_references"",""entity_or_domain_candidate""]",4,4,0,3,0,0,,,70,top structural and demand signals within provisional tier
/Game/PrimalEarth/Dinos/Spider-Small/Spider_AIController.Spider_AIController,Spider_AIController,/Script/Engine.Blueprint,/Game/PrimalEarth/CoreAI/Dino_AIController_BP_Climber.Dino_AIController_BP_Climber_C,/Script/ShooterGame.PrimalDinoAIController,3,"[""has_descendants"",""referenced_by_assets"",""cross_domain_references"",""entity_or_domain_candidate""]",4,8,0,2,0,0,,,71,top structural and demand signals within provisional tier
/Game/PrimalEarth/CoreBlueprints/Inventories/DinoDropInventoryComponent_Carnivore_Large.DinoDropInventoryComponent_Carnivore_Large,DinoDropInventoryComponent_Carnivore_Large,/Script/Engine.Blueprint,/Game/PrimalEarth/CoreBlueprints/Inventories/DinoDropInventoryComponent_BP_Base.DinoDropInventoryComponent_BP_Base_C,UNKNOWN,3,"[""has_descendants"",""referenced_by_assets"",""cross_domain_references"",""entity_or_domain_candidate""]",4,7,0,2,0,0,,,72,top structural and demand signals within provisional tier
/Game/ScorchedEarth/Dinos/Manticore/Minions/DinoCharacterStatusComponent_BP_Deathworm_Minion.DinoCharacterStatusComponent_BP_Deathworm_Minion,DinoCharacterStatusComponent_BP_Deathworm_Minion,/Script/Engine.Blueprint,/Game/ScorchedEarth/Dinos/Deathworm/DinoCharacterStatusComponent_BP_Deathworm.DinoCharacterStatusComponent_BP_Deathworm_C,UNKNOWN,3,"[""has_descendants"",""referenced_by_assets"",""cross_domain_references"",""entity_or_domain_candidate""]",4,7,0,2,0,0,,,73,top structural and demand signals within provisional tier
/Game/Genesis/Dinos/SpaceWhale/AI/SpaceWhale_AIController_BP.SpaceWhale_AIController_BP,SpaceWhale_AIController_BP,/Script/Engine.Blueprint,/Game/PrimalEarth/CoreAI/Dino_AIController_BP.Dino_AIController_BP_C,/Script/ShooterGame.PrimalDinoAIController,3,"[""has_descendants"",""referenced_by_assets"",""cross_domain_references"",""entity_or_domain_candidate""]",4,6,0,2,0,0,,,74,top structural and demand signals within provisional tier
/Game/PrimalEarth/CoreBlueprints/Inventories/PrimalInventoryBP_CropPlot_Base.PrimalInventoryBP_CropPlot_Base,PrimalInventoryBP_CropPlot_Base,/Script/Engine.Blueprint,/Script/ShooterGame.PrimalInventoryComponent,/Script/ShooterGame.PrimalInventoryComponent,3,"[""has_descendants"",""referenced_by_assets"",""cross_domain_references"",""entity_or_domain_candidate""]",4,6,0,2,0,0,,,75,top structural and demand signals within provisional tier
/Game/PrimalEarth/Dinos/Tusoteuthis/Tusoteuthis_AIController_BP.Tusoteuthis_AIController_BP,Tusoteuthis_AIController_BP,/Script/Engine.Blueprint,/Game/PrimalEarth/CoreAI/Dino_AIController_BP.Dino_AIController_BP_C,UNKNOWN,3,"[""has_descendants"",""referenced_by_assets"",""cross_domain_references"",""entity_or_domain_candidate""]",4,6,0,2,0,0,,,76,top structural and demand signals within provisional tier
/Game/Aberration/Dinos/ChupaCabra/ChupaCabra_AIController_BP_InitialBuryOnly.ChupaCabra_AIController_BP_InitialBuryOnly,ChupaCabra_AIController_BP_InitialBuryOnly,/Script/Engine.Blueprint,/Game/Aberration/Dinos/ChupaCabra/ChupaCabra_AIController_BP.ChupaCabra_AIController_BP_C,UNKNOWN,3,"[""has_descendants"",""referenced_by_assets"",""cross_domain_references"",""entity_or_domain_candidate""]",4,5,0,2,0,0,,,77,top structural and demand signals within provisional tier
/Game/Aberration/Dinos/Pteroteuthis/Pteroteuthis_AIController_BP.Pteroteuthis_AIController_BP,Pteroteuthis_AIController_BP,/Script/Engine.Blueprint,/Game/PrimalEarth/CoreAI/Dino_AIController_BP.Dino_AIController_BP_C,UNKNOWN,3,"[""has_descendants"",""referenced_by_assets"",""cross_domain_references"",""entity_or_domain_candidate""]",4,5,0,2,0,0,,,78,top structural and demand signals within provisional tier
/Game/Packs/Wasteland/Structures/TekChemBench/Buffs/Buff_BabyfyCreature.Buff_BabyfyCreature,Buff_BabyfyCreature,/Script/Engine.Blueprint,/Game/PrimalEarth/CoreBlueprints/Buffs/Buff_Base.Buff_Base_C,/Script/ShooterGame.PrimalBuff,3,"[""has_descendants"",""referenced_by_assets"",""cross_domain_references"",""entity_or_domain_candidate""]",4,5,0,2,0,0,,,79,top structural and demand signals within provisional tier
/Game/PrimalEarth/CoreBlueprints/Inventories/PrimalInventoryBP_GenericFishing.PrimalInventoryBP_GenericFishing,PrimalInventoryBP_GenericFishing,/Script/Engine.Blueprint,/Script/ShooterGame.PrimalInventoryComponent,/Script/ShooterGame.PrimalInventoryComponent,3,"[""has_descendants"",""referenced_by_assets"",""cross_domain_references"",""entity_or_domain_candidate""]",4,5,0,2,0,0,,,80,top structural and demand signals within provisional tier
/Game/PrimalEarth/Dinos/Plesiosaur/Plesiosaur_AIController_BP.Plesiosaur_AIController_BP,Plesiosaur_AIController_BP,/Script/Engine.Blueprint,/Game/PrimalEarth/CoreAI/Dino_AIController_BP.Dino_AIController_BP_C,UNKNOWN,3,"[""has_descendants"",""referenced_by_assets"",""cross_domain_references"",""entity_or_domain_candidate""]",4,5,0,2,0,0,,,81,top structural and demand signals within provisional tier
/Game/Aberration/CoreBlueprints/Buffs/Buff_PoisonousTrap_Base.Buff_PoisonousTrap_Base,Buff_PoisonousTrap_Base,/Script/Engine.Blueprint,/Script/ShooterGame.PrimalBuff,/Script/ShooterGame.PrimalBuff,3,"[""has_descendants"",""referenced_by_assets"",""cross_domain_references"",""entity_or_domain_candidate""]",4,4,0,2,0,0,,,82,top structural and demand signals within provisional tier
/Game/Aberration/Dinos/Nameless/Buff_AcidHaze.Buff_AcidHaze,Buff_AcidHaze,/Script/Engine.Blueprint,/Game/PrimalEarth/CoreBlueprints/Buffs/Buff_Base.Buff_Base_C,/Script/ShooterGame.PrimalBuff,3,"[""has_descendants"",""referenced_by_assets"",""cross_domain_references"",""entity_or_domain_candidate""]",4,4,0,2,0,0,,,83,top structural and demand signals within provisional tier
/Game/Genesis2/Dinos/Macrophage/AggroHarvestComponentBase.AggroHarvestComponentBase,AggroHarvestComponentBase,/Script/Engine.Blueprint,/Game/PrimalEarth/CoreBlueprints/HarvestComponents/AttackHarvestComponent_Base.AttackHarvestComponent_Base_C,UNKNOWN,3,"[""has_descendants"",""referenced_by_assets"",""cross_domain_references"",""entity_or_domain_candidate""]",4,4,0,2,0,0,,,84,top structural and demand signals within provisional tier
/Game/Packs/Steampunk/Dinos/JumpingSpider/Buff_Webbed_JumpingSpider.Buff_Webbed_JumpingSpider,Buff_Webbed_JumpingSpider,/Script/Engine.Blueprint,/Game/PrimalEarth/CoreBlueprints/Buffs/Buff_Webbed.Buff_Webbed_C,/Script/ShooterGame.PrimalBuff,3,"[""has_descendants"",""referenced_by_assets"",""cross_domain_references"",""entity_or_domain_candidate""]",4,4,0,2,0,0,,,85,top structural and demand signals within provisional tier
/Game/PrimalEarth/CoreBlueprints/Inventories/DinoTamedInventoryComponent_SmithyCapable.DinoTamedInventoryComponent_SmithyCapable,DinoTamedInventoryComponent_SmithyCapable,/Script/Engine.Blueprint,/Game/PrimalEarth/CoreBlueprints/Inventories/DinoTamedInventoryComponent_BP_Base.DinoTamedInventoryComponent_BP_Base_C,/Script/ShooterGame.PrimalInventoryComponent,3,"[""has_descendants"",""referenced_by_assets"",""cross_domain_references"",""entity_or_domain_candidate""]",4,4,0,2,0,0,,,86,top structural and demand signals within provisional tier
/Game/PrimalEarth/Dinos/Trike/Trike_AIController_BP_Aggressive.Trike_AIController_BP_Aggressive,Trike_AIController_BP_Aggressive,/Script/Engine.Blueprint,/Game/PrimalEarth/Dinos/Trike/Trike_AIController_BP.Trike_AIController_BP_C,UNKNOWN,3,"[""has_descendants"",""referenced_by_assets"",""cross_domain_references"",""entity_or_domain_candidate""]",4,4,0,2,0,0,,,87,top structural and demand signals within provisional tier
/Game/Genesis2/Missions/ModularMission/Gauntlet2/STA/Gauntlet2_MissionType_STA.Gauntlet2_MissionType_STA,Gauntlet2_MissionType_STA,/Script/Engine.Blueprint,/Game/Genesis2/Missions/ModularMission/Gauntlet2/Gauntlet2_MissionType_Base.Gauntlet2_MissionType_Base_C,/Script/ShooterGame.MissionType_ModularMissionBase,3,"[""has_descendants"",""referenced_by_assets"",""cross_domain_references"",""entity_or_domain_candidate""]",4,3,0,2,0,0,,,88,top structural and demand signals within provisional tier
/Game/Packs/Wasteland/Dinos/CompanionDino/AI/DinoCompanion_AIController_BP.DinoCompanion_AIController_BP,DinoCompanion_AIController_BP,/Script/Engine.Blueprint,/Game/PrimalEarth/CoreAI/Dino_AIController_BP.Dino_AIController_BP_C,/Script/ShooterGame.PrimalDinoAIController,3,"[""has_descendants"",""referenced_by_assets"",""cross_domain_references"",""entity_or_domain_candidate""]",4,3,0,2,0,0,,,89,top structural and demand signals within provisional tier
/Game/PrimalEarth/CoreBlueprints/Buffs/Buff_Base_SuperDisease.Buff_Base_SuperDisease,Buff_Base_SuperDisease,/Script/Engine.Blueprint,/Game/PrimalEarth/CoreBlueprints/Buffs/Buff_Base.Buff_Base_C,/Script/ShooterGame.PrimalBuff,3,"[""has_descendants"",""referenced_by_assets"",""cross_domain_references"",""entity_or_domain_candidate""]",4,2,0,2,0,0,,,90,top structural and demand signals within provisional tier
/Game/Genesis2/Missions/ModularMission/MissionModule_Hotspot_Base.MissionModule_Hotspot_Base,MissionModule_Hotspot_Base,/Script/Engine.Blueprint,/Game/Genesis2/Missions/ModularMission/MissionModule_Base.MissionModule_Base_C,/Script/ShooterGame.NewMissionModuleBase,3,"[""has_descendants"",""referenced_by_assets"",""entity_or_domain_candidate""]",4,9,0,1,0,0,,,91,top structural and demand signals within provisional tier
/Game/Genesis/Missions/VRBattle/MissionType_VRBattle_Stage1.MissionType_VRBattle_Stage1,MissionType_VRBattle_Stage1,/Script/Engine.Blueprint,/Game/Genesis/Missions/VRBattle/MissionType_VRBattle_Base.MissionType_VRBattle_Base_C,/Script/ShooterGame.MissionType,3,"[""has_descendants"",""referenced_by_assets"",""entity_or_domain_candidate""]",4,7,0,1,0,0,,,92,top structural and demand signals within provisional tier
/Game/Genesis2/Missions/ModularMission/LifeSupport/MissionModule_zSubmodule_SpawnCreatures_LifeSupport.MissionModule_zSubmodule_SpawnCreatures_LifeSupport,MissionModule_zSubmodule_SpawnCreatures_LifeSupport,/Script/Engine.Blueprint,/Game/Genesis2/Missions/ModularMission/MissionModule_zSubmodule_SpawnCreatures_Base.MissionModule_zSubmodule_SpawnCreatures_Base_C,UNKNOWN,3,"[""has_descendants"",""referenced_by_assets"",""entity_or_domain_candidate""]",4,7,0,1,0,0,,,93,top structural and demand signals within provisional tier
/Game/ASA/Dinos/ShoulderDragon/Buff_ShoulderDragonBoost.Buff_ShoulderDragonBoost,Buff_ShoulderDragonBoost,/Script/Engine.Blueprint,/Game/PrimalEarth/CoreBlueprints/Buffs/Buff_Base.Buff_Base_C,/Script/ShooterGame.PrimalBuff,3,"[""has_descendants"",""referenced_by_assets"",""entity_or_domain_candidate""]",4,6,0,1,0,0,,,94,top structural and demand signals within provisional tier
/Game/Genesis/Missions/VRBattle/MissionType_TeleportToVR.MissionType_TeleportToVR,MissionType_TeleportToVR,/Script/Engine.Blueprint,/Game/Genesis/Missions/MissionTypeBlueprintBase.MissionTypeBlueprintBase_C,/Script/ShooterGame.MissionType,3,"[""has_descendants"",""referenced_by_assets"",""entity_or_domain_candidate""]",4,6,0,1,0,0,,,95,top structural and demand signals within provisional tier
/Game/Genesis2/Dinos/Summoner/MissionType_Gather_Nodes_Summoner.MissionType_Gather_Nodes_Summoner,MissionType_Gather_Nodes_Summoner,/Script/Engine.Blueprint,/Game/Genesis/Missions/GatherNodes/MissionType_Gather_Nodes.MissionType_Gather_Nodes_C,UNKNOWN,3,"[""has_descendants"",""referenced_by_assets"",""entity_or_domain_candidate""]",4,6,0,1,0,0,,,96,top structural and demand signals within provisional tier
/Game/Genesis2/Missions/ModularMission/Shmup/WhaleRescue/MissionModule_zSubmodule_FireProjectiles_WhaleRescue_FinalRoom.MissionModule_zSubmodule_FireProjectiles_WhaleRescue_FinalRoom,MissionModule_zSubmodule_FireProjectiles_WhaleRescue_FinalRoom,/Script/Engine.Blueprint,/Game/Genesis2/Missions/ModularMission/MissionModule_zSubmodule_FireProjectiles_Base.MissionModule_zSubmodule_FireProjectiles_Base_C,/Script/ShooterGame.NewMissionModuleBase,3,"[""has_descendants"",""referenced_by_assets"",""entity_or_domain_candidate""]",4,6,0,1,0,0,,,97,top structural and demand signals within provisional tier
/Game/Genesis2/Missions/ModularMission/Structures/MissionExplosive.MissionExplosive,MissionExplosive,/Script/Engine.Blueprint,/Game/PrimalEarth/Structures/BuildingBases/StructureBaseBP.StructureBaseBP_C,UNKNOWN,3,"[""has_descendants"",""referenced_by_assets"",""entity_or_domain_candidate""]",4,6,0,1,0,0,,,98,top structural and demand signals within provisional tier
/Game/ASA/Dinos/Megaraptor/DinoCharacterStatusComponent_BP_ValMegaraptor.DinoCharacterStatusComponent_BP_ValMegaraptor,DinoCharacterStatusComponent_BP_ValMegaraptor,/Script/Engine.Blueprint,/Game/PrimalEarth/CoreBlueprints/DinoCharacterStatusComponent_BP_TorpidityControl.DinoCharacterStatusComponent_BP_TorpidityControl_C,/Script/ShooterGame.PrimalDinoStatusComponent,3,"[""has_descendants"",""referenced_by_assets"",""entity_or_domain_candidate""]",4,5,0,1,0,0,,,99,top structural and demand signals within provisional tier
/Game/ASA/Dinos/ShoulderDragon/DinoTamedInventoryComponent_ShoulderDragon.DinoTamedInventoryComponent_ShoulderDragon,DinoTamedInventoryComponent_ShoulderDragon,/Script/Engine.Blueprint,/Game/PrimalEarth/CoreBlueprints/Inventories/DinoTamedInventoryComponent_BP_Base.DinoTamedInventoryComponent_BP_Base_C,/Script/ShooterGame.PrimalInventoryComponent,3,"[""has_descendants"",""referenced_by_assets"",""entity_or_domain_candidate""]",4,5,0,1,0,0,,,100,top structural and demand signals within provisional tier
/Game/Aberration/CoreBlueprints/Inventories/DinoDropInventoryComponent_Carnivore_Large_Basilisk.DinoDropInventoryComponent_Carnivore_Large_Basilisk,DinoDropInventoryComponent_Carnivore_Large_Basilisk,/Script/Engine.Blueprint,/Game/PrimalEarth/CoreBlueprints/Inventories/DinoDropInventoryComponent_BP_Base.DinoDropInventoryComponent_BP_Base_C,UNKNOWN,3,"[""has_descendants"",""referenced_by_assets"",""entity_or_domain_candidate""]",4,5,0,1,0,0,,,101,top structural and demand signals within provisional tier
/Game/Genesis/CoreBlueprints/LootSets/LootItemSet_Missions_Gauntlet.LootItemSet_Missions_Gauntlet,LootItemSet_Missions_Gauntlet,/Script/Engine.Blueprint,/Game/Genesis/CoreBlueprints/LootSets/LootItemSet_Missions.LootItemSet_Missions_C,UNKNOWN,3,"[""has_descendants"",""referenced_by_assets"",""entity_or_domain_candidate""]",4,5,0,1,0,0,,,102,top structural and demand signals within provisional tier
/Game/Genesis/CoreBlueprints/LootSets/LootItemSet_Missions_Hunt_Arctic.LootItemSet_Missions_Hunt_Arctic,LootItemSet_Missions_Hunt_Arctic,/Script/Engine.Blueprint,/Game/Genesis/CoreBlueprints/LootSets/LootItemSet_Missions_Hunt.LootItemSet_Missions_Hunt_C,UNKNOWN,3,"[""has_descendants"",""referenced_by_assets"",""entity_or_domain_candidate""]",4,5,0,1,0,0,,,103,top structural and demand signals within provisional tier
/Game/Genesis/CoreBlueprints/LootSets/LootItemSet_Missions_Hunt_Bog.LootItemSet_Missions_Hunt_Bog,LootItemSet_Missions_Hunt_Bog,/Script/Engine.Blueprint,/Game/Genesis/CoreBlueprints/LootSets/LootItemSet_Missions_Hunt.LootItemSet_Missions_Hunt_C,UNKNOWN,3,"[""has_descendants"",""referenced_by_assets"",""entity_or_domain_candidate""]",4,5,0,1,0,0,,,104,top structural and demand signals within provisional tier
/Game/Genesis/CoreBlueprints/LootSets/LootItemSet_Missions_Hunt_Lunar.LootItemSet_Missions_Hunt_Lunar,LootItemSet_Missions_Hunt_Lunar,/Script/Engine.Blueprint,/Game/Genesis/CoreBlueprints/LootSets/LootItemSet_Missions_Hunt.LootItemSet_Missions_Hunt_C,UNKNOWN,3,"[""has_descendants"",""referenced_by_assets"",""entity_or_domain_candidate""]",4,5,0,1,0,0,,,105,top structural and demand signals within provisional tier
/Game/Genesis/CoreBlueprints/LootSets/LootItemSet_Missions_Hunt_Ocean.LootItemSet_Missions_Hunt_Ocean,LootItemSet_Missions_Hunt_Ocean,/Script/Engine.Blueprint,/Game/Genesis/CoreBlueprints/LootSets/LootItemSet_Missions_Hunt.LootItemSet_Missions_Hunt_C,UNKNOWN,3,"[""has_descendants"",""referenced_by_assets"",""entity_or_domain_candidate""]",4,5,0,1,0,0,,,106,top structural and demand signals within provisional tier
/Game/Genesis/CoreBlueprints/LootSets/LootItemSet_Missions_Hunt_Volcanic.LootItemSet_Missions_Hunt_Volcanic,LootItemSet_Missions_Hunt_Volcanic,/Script/Engine.Blueprint,/Game/Genesis/CoreBlueprints/LootSets/LootItemSet_Missions_Hunt.LootItemSet_Missions_Hunt_C,UNKNOWN,3,"[""has_descendants"",""referenced_by_assets"",""entity_or_domain_candidate""]",4,5,0,1,0,0,,,107,top structural and demand signals within provisional tier
/Game/Genesis/Missions/Ocean/Outpost/Buffs/Buff_Gen_Outpost_BigExplosion_Base.Buff_Gen_Outpost_BigExplosion_Base,Buff_Gen_Outpost_BigExplosion_Base,/Script/Engine.Blueprint,/Script/ShooterGame.PrimalBuff,/Script/ShooterGame.PrimalBuff,3,"[""has_descendants"",""referenced_by_assets"",""entity_or_domain_candidate""]",4,5,0,1,0,0,,,108,top structural and demand signals within provisional tier
/Game/Genesis2/Missions/ModularMission/Assault/MissionModule_zSubmodule_Assault.MissionModule_zSubmodule_Assault,MissionModule_zSubmodule_Assault,/Script/Engine.Blueprint,/Game/Genesis2/Missions/ModularMission/MissionModule_Base.MissionModule_Base_C,/Script/ShooterGame.NewMissionModuleBase,3,"[""has_descendants"",""referenced_by_assets"",""entity_or_domain_candidate""]",4,5,0,1,0,0,,,109,top structural and demand signals within provisional tier
/Game/Genesis2/Missions/ModularMission/FinalBattleAlt/Rockwell/MissionModule_zSubmodule_CompanionReaction_Rockwell.MissionModule_zSubmodule_CompanionReaction_Rockwell,MissionModule_zSubmodule_CompanionReaction_Rockwell,/Script/Engine.Blueprint,/Game/Genesis2/Missions/ModularMission/MissionModule_zSubmodule_CompanionReaction_Base.MissionModule_zSubmodule_CompanionReaction_Base_C,UNKNOWN,3,"[""has_descendants"",""referenced_by_assets"",""entity_or_domain_candidate""]",4,5,0,1,0,0,,,110,top structural and demand signals within provisional tier
/Game/Genesis2/Missions/ModularMission/Mashup/ExperimentG/MissionModule_Checkpoints_ExperimentG.MissionModule_Checkpoints_ExperimentG,MissionModule_Checkpoints_ExperimentG,/Script/Engine.Blueprint,/Game/Genesis2/Missions/ModularMission/MissionModule_Checkpoints.MissionModule_Checkpoints_C,UNKNOWN,3,"[""has_descendants"",""referenced_by_assets"",""entity_or_domain_candidate""]",4,5,0,1,0,0,,,111,top structural and demand signals within provisional tier
/Game/Genesis2/Missions/ModularMission/Mashup/LavaMine/MissionModule_zSubmodule_SpawnCreatures_LavaMine2.MissionModule_zSubmodule_SpawnCreatures_LavaMine2,MissionModule_zSubmodule_SpawnCreatures_LavaMine2,/Script/Engine.Blueprint,/Game/Genesis2/Missions/ModularMission/MissionModule_zSubmodule_SpawnCreatures_Base.MissionModule_zSubmodule_SpawnCreatures_Base_C,UNKNOWN,3,"[""has_descendants"",""referenced_by_assets"",""entity_or_domain_candidate""]",4,5,0,1,0,0,,,112,top structural and demand signals within provisional tier
/Game/Genesis/Missions/Ocean/Outpost/Ocean/Base/Modules/MissionModule_Gen_Outpost_BossFight_Base.MissionModule_Gen_Outpost_BossFight_Base,MissionModule_Gen_Outpost_BossFight_Base,/Script/Engine.Blueprint,/Game/LostColony/Missions/Overworld/Outpost/Attack/Base/Modules/MissionModule_LC_Outpost_BossFight_Attack_Base.MissionModule_LC_Outpost_BossFight_Attack_Base_C,/Script/ShooterGame.NewMissionModuleBase,3,"[""has_descendants"",""referenced_by_assets"",""entity_or_domain_candidate""]",4,4,0,1,0,0,,,113,top structural and demand signals within provisional tier
/Game/Genesis/Missions/Ocean/Outpost/Ocean/Base/Modules/MissionModule_Gen_Outpost_Destruction_Base.MissionModule_Gen_Outpost_Destruction_Base,MissionModule_Gen_Outpost_Destruction_Base,/Script/Engine.Blueprint,/Game/Genesis2/Missions/ModularMission/MissionModule_Base.MissionModule_Base_C,/Script/ShooterGame.NewMissionModuleBase,3,"[""has_descendants"",""referenced_by_assets"",""entity_or_domain_candidate""]",4,4,0,1,0,0,,,114,top structural and demand signals within provisional tier
/Game/Genesis/Missions/Ocean/Outpost/Ocean/Base/Modules/MissionModule_Gen_Outpost_NavalAssault_Base.MissionModule_Gen_Outpost_NavalAssault_Base,MissionModule_Gen_Outpost_NavalAssault_Base,/Script/Engine.Blueprint,/Game/LostColony/Missions/Overworld/Outpost/Attack/Base/Modules/MissionModule_LC_Outpost_Waves_Attack_Base.MissionModule_LC_Outpost_Waves_Attack_Base_C,/Script/ShooterGame.NewMissionModuleBase,3,"[""has_descendants"",""referenced_by_assets"",""entity_or_domain_candidate""]",4,4,0,1,0,0,,,115,top structural and demand signals within provisional tier
/Game/Genesis/Missions/Ocean/Outpost/Ocean/Base/Modules/MissionModule_Gen_Outpost_Sabotage_Base.MissionModule_Gen_Outpost_Sabotage_Base,MissionModule_Gen_Outpost_Sabotage_Base,/Script/Engine.Blueprint,/Game/Genesis2/Missions/ModularMission/MissionModule_Base.MissionModule_Base_C,/Script/ShooterGame.NewMissionModuleBase,3,"[""has_descendants"",""referenced_by_assets"",""entity_or_domain_candidate""]",4,4,0,1,0,0,,,116,top structural and demand signals within provisional tier
/Game/Genesis/Missions/Fishing/MissionType_Fishing_OnlyNormalFish_CoelPiranhaOnly.MissionType_Fishing_OnlyNormalFish_CoelPiranhaOnly,MissionType_Fishing_OnlyNormalFish_CoelPiranhaOnly,/Script/Engine.Blueprint,/Game/Genesis/Missions/Fishing/MissionType_Fishing_OnlyNormalFish.MissionType_Fishing_OnlyNormalFish_C,/Script/ShooterGame.MissionType,3,"[""has_descendants"",""referenced_by_assets"",""entity_or_domain_candidate""]",4,3,0,1,0,0,,,117,top structural and demand signals within provisional tier
/Game/LostColony/Dinos/Zombie/DinoCharacterStatusComponent_BP_Zombie.DinoCharacterStatusComponent_BP_Zombie,DinoCharacterStatusComponent_BP_Zombie,/Script/Engine.Blueprint,/Game/PrimalEarth/CoreBlueprints/DinoCharacterStatusComponent_BP.DinoCharacterStatusComponent_BP_C,/Script/ShooterGame.PrimalDinoStatusComponent,3,"[""has_descendants"",""referenced_by_assets"",""entity_or_domain_candidate""]",4,3,0,1,0,0,,,118,top structural and demand signals within provisional tier
/Game/ASA/Dinos/SpiritBear/States/Attacks_NormalSwipes/Gameplay/BaseBuffs/Buff_SBear_Attk_Server_Base.Buff_SBear_Attk_Server_Base,Buff_SBear_Attk_Server_Base,/Script/Engine.Blueprint,/Game/ASA/Dinos/SpiritBear/States/Base/Buff_State_Server_SBear_Base.Buff_State_Server_SBear_Base_C,/Script/ShooterGame.PrimalBuff,3,"[""has_descendants"",""referenced_by_assets"",""entity_or_domain_candidate""]",4,2,0,1,0,0,,,119,top structural and demand signals within provisional tier
/Game/Genesis/Missions/Fishing/MissionType_Fishing_OnlyNormalFish_EndImmediately_RodOnly.MissionType_Fishing_OnlyNormalFish_EndImmediately_RodOnly,MissionType_Fishing_OnlyNormalFish_EndImmediately_RodOnly,/Script/Engine.Blueprint,/Game/Genesis/Missions/Fishing/MissionType_Fishing_OnlyNormalFishEndImmediately.MissionType_Fishing_OnlyNormalFishEndImmediately_C,/Script/ShooterGame.MissionType,3,"[""has_descendants"",""referenced_by_assets"",""entity_or_domain_candidate""]",4,2,0,1,0,0,,,120,top structural and demand signals within provisional tier
/Game/Genesis/Missions/Ocean/Outpost/Base/Modules/Sub/MissionSubModule_SpawnStructures_Gen_Outpost_Base.MissionSubModule_SpawnStructures_Gen_Outpost_Base,MissionSubModule_SpawnStructures_Gen_Outpost_Base,/Script/Engine.Blueprint,/Game/LostColony/Missions/Overworld/Outpost/Attack/Base/Modules/Sub/MissionSubModule_SpawnStructures_Outpost_Attack.MissionSubModule_SpawnStructures_Outpost_Attack_C,/Script/ShooterGame.NewMissionModuleBase,3,"[""has_descendants"",""referenced_by_assets"",""entity_or_domain_candidate""]",4,2,0,1,0,0,,,121,top structural and demand signals within provisional tier
/Game/PrimalEarth/Dinos/Direbear/Bear_AIController_BP.Bear_AIController_BP,Bear_AIController_BP,/Script/Engine.Blueprint,/Game/PrimalEarth/CoreAI/Dino_AIController_BP.Dino_AIController_BP_C,UNKNOWN,3,"[""has_descendants"",""referenced_by_assets"",""entity_or_domain_candidate""]",4,2,0,1,0,0,,,122,top structural and demand signals within provisional tier
/Game/PrimalEarth/Dinos/Liopleurodon/Liopleurodon_AIController_BP.Liopleurodon_AIController_BP,Liopleurodon_AIController_BP,/Script/Engine.Blueprint,/Game/PrimalEarth/CoreAI/Dino_AIController_BP.Dino_AIController_BP_C,/Script/ShooterGame.PrimalDinoAIController,3,"[""has_descendants"",""referenced_by_assets"",""entity_or_domain_candidate""]",4,2,0,1,0,0,,,123,top structural and demand signals within provisional tier
/Game/LostColony/Missions/PrimalItem_MissionStart_Base.PrimalItem_MissionStart_Base,PrimalItem_MissionStart_Base,/Script/Engine.Blueprint,/Game/PrimalEarth/CoreBlueprints/Items/PrimalItem_Base.PrimalItem_Base_C,/Script/ShooterGame.PrimalItem,3,"[""has_descendants"",""referenced_by_assets"",""entity_or_domain_candidate""]",4,1,0,1,0,0,,,124,top structural and demand signals within provisional tier
/Game/PrimalEarth/CoreBlueprints/Buffs/Buff_Electrocuted_EelBoss.Buff_Electrocuted_EelBoss,Buff_Electrocuted_EelBoss,/Script/Engine.Blueprint,/Game/PrimalEarth/CoreBlueprints/Buffs/Buff_Electrocuted.Buff_Electrocuted_C,/Script/ShooterGame.PrimalBuff,3,"[""has_descendants"",""referenced_by_assets"",""cross_domain_references"",""entity_or_domain_candidate""]",3,7,0,3,0,0,,,125,top structural and demand signals within provisional tier
/Game/Genesis/Missions/Race/MissionType_Race_Manta.MissionType_Race_Manta,MissionType_Race_Manta,/Script/Engine.Blueprint,/Game/Genesis/Missions/Race/MissionType_Race.MissionType_Race_C,/Script/ShooterGame.MissionType,3,"[""has_descendants"",""referenced_by_assets"",""cross_domain_references"",""entity_or_domain_candidate""]",3,6,0,3,0,0,,,126,top structural and demand signals within provisional tier
/Game/PrimalEarth/CoreBlueprints/DinoCharacterStatusComponent_BP_Dimorph.DinoCharacterStatusComponent_BP_Dimorph,DinoCharacterStatusComponent_BP_Dimorph,/Script/Engine.Blueprint,/Game/PrimalEarth/CoreBlueprints/DinoCharacterStatusComponent_BP.DinoCharacterStatusComponent_BP_C,/Script/ShooterGame.PrimalDinoStatusComponent,3,"[""has_descendants"",""referenced_by_assets"",""cross_domain_references"",""entity_or_domain_candidate""]",3,6,0,3,0,0,,,127,top structural and demand signals within provisional tier
/Game/Genesis/CoreBlueprints/Buffs/Buff_Companion_BaseBP.Buff_Companion_BaseBP,Buff_Companion_BaseBP,/Script/Engine.Blueprint,/Script/ShooterGame.PrimalBuff_Companion,/Script/ShooterGame.PrimalBuff_Companion,3,"[""has_descendants"",""referenced_by_assets"",""cross_domain_references"",""entity_or_domain_candidate""]",3,5,0,3,0,0,,,128,top structural and demand signals within provisional tier
/Game/PrimalEarth/Dinos/Ptero/Ptero_AIController_BP.Ptero_AIController_BP,Ptero_AIController_BP,/Script/Engine.Blueprint,/Game/PrimalEarth/CoreAI/Dino_AIController_BP.Dino_AIController_BP_C,UNKNOWN,3,"[""has_descendants"",""referenced_by_assets"",""cross_domain_references"",""entity_or_domain_candidate""]",3,5,0,3,0,0,,,129,top structural and demand signals within provisional tier
/Game/Genesis/Dinos/Bots/PrimalBuff_ChangeMaterialScalarParamOverTime.PrimalBuff_ChangeMaterialScalarParamOverTime,PrimalBuff_ChangeMaterialScalarParamOverTime,/Script/Engine.Blueprint,/Script/ShooterGame.PrimalBuff,UNKNOWN,3,"[""has_descendants"",""referenced_by_assets"",""cross_domain_references"",""entity_or_domain_candidate""]",3,4,0,3,0,0,,,130,top structural and demand signals within provisional tier
/Game/PrimalEarth/CoreBlueprints/Buffs/Buff_DinoPackMate.Buff_DinoPackMate,Buff_DinoPackMate,/Script/Engine.Blueprint,/Script/ShooterGame.PrimalBuff,/Script/ShooterGame.PrimalBuff,3,"[""has_descendants"",""referenced_by_assets"",""cross_domain_references"",""entity_or_domain_candidate""]",3,4,0,3,0,0,,,131,top structural and demand signals within provisional tier
/Game/PrimalEarth/Dinos/Argentavis/Argent_AIController_BP.Argent_AIController_BP,Argent_AIController_BP,/Script/Engine.Blueprint,/Game/PrimalEarth/CoreAI/Dino_AIController_BP.Dino_AIController_BP_C,UNKNOWN,3,"[""has_descendants"",""referenced_by_assets"",""cross_domain_references"",""entity_or_domain_candidate""]",3,4,0,3,0,0,,,132,top structural and demand signals within provisional tier
/Game/PrimalEarth/Dinos/Arthropluera/Arthro_AIController_BP.Arthro_AIController_BP,Arthro_AIController_BP,/Script/Engine.Blueprint,/Game/PrimalEarth/CoreAI/Dino_AIController_BP.Dino_AIController_BP_C,UNKNOWN,3,"[""has_descendants"",""referenced_by_assets"",""cross_domain_references"",""entity_or_domain_candidate""]",3,4,0,3,0,0,,,133,top structural and demand signals within provisional tier
/Game/PrimalEarth/Dinos/Giganotosaurus/Gigant_AIController_BP.Gigant_AIController_BP,Gigant_AIController_BP,/Script/Engine.Blueprint,/Game/PrimalEarth/CoreAI/Dino_AIController_BP.Dino_AIController_BP_C,UNKNOWN,3,"[""has_descendants"",""referenced_by_assets"",""cross_domain_references"",""entity_or_domain_candidate""]",3,4,0,3,0,0,,,134,top structural and demand signals within provisional tier
/Game/PrimalEarth/Dinos/Gorilla/Gorilla_AIController_BP.Gorilla_AIController_BP,Gorilla_AIController_BP,/Script/Engine.Blueprint,/Game/PrimalEarth/CoreAI/Dino_AIController_BP.Dino_AIController_BP_C,UNKNOWN,3,"[""has_descendants"",""referenced_by_assets"",""cross_domain_references"",""entity_or_domain_candidate""]",3,4,0,3,0,0,,,135,top structural and demand signals within provisional tier
/Game/PrimalEarth/Dinos/Spider-Large/SpiderL_AIController_BP.SpiderL_AIController_BP,SpiderL_AIController_BP,/Script/Engine.Blueprint,/Game/PrimalEarth/CoreAI/Dino_AIController_BP.Dino_AIController_BP_C,UNKNOWN,3,"[""has_descendants"",""referenced_by_assets"",""cross_domain_references"",""entity_or_domain_candidate""]",3,4,0,3,0,0,,,136,top structural and demand signals within provisional tier
/Game/PrimalEarth/Dinos/Therizinosaurus/Therizino_AIController_BP.Therizino_AIController_BP,Therizino_AIController_BP,/Script/Engine.Blueprint,/Game/PrimalEarth/CoreAI/Dino_AIController_BP.Dino_AIController_BP_C,UNKNOWN,3,"[""has_descendants"",""referenced_by_assets"",""cross_domain_references"",""entity_or_domain_candidate""]",3,4,0,3,0,0,,,137,top structural and demand signals within provisional tier
/Game/ScorchedEarth/Dinos/Vulture/Vulture_AIController_BP.Vulture_AIController_BP,Vulture_AIController_BP,/Script/Engine.Blueprint,/Game/PrimalEarth/CoreAI/Dino_AIController_BP.Dino_AIController_BP_C,UNKNOWN,3,"[""has_descendants"",""referenced_by_assets"",""cross_domain_references"",""entity_or_domain_candidate""]",3,4,0,3,0,0,,,138,top structural and demand signals within provisional tier
/Game/PrimalEarth/CoreBlueprints/Inventories/PrimalInventoryBP_BaseAutoGenerateItems.PrimalInventoryBP_BaseAutoGenerateItems,PrimalInventoryBP_BaseAutoGenerateItems,/Script/Engine.Blueprint,/Script/ShooterGame.PrimalInventoryComponent,/Script/ShooterGame.PrimalInventoryComponent,3,"[""has_descendants"",""referenced_by_assets"",""cross_domain_references"",""entity_or_domain_candidate""]",3,3,0,3,0,0,,,139,top structural and demand signals within provisional tier
/Game/Genesis/Missions/GauntletWaves/Buff_GauntletWaves_PowerUpTrigger.Buff_GauntletWaves_PowerUpTrigger,Buff_GauntletWaves_PowerUpTrigger,/Script/Engine.Blueprint,/Script/ShooterGame.PrimalBuff,/Script/ShooterGame.PrimalBuff,3,"[""has_descendants"",""referenced_by_assets"",""cross_domain_references"",""entity_or_domain_candidate""]",3,8,0,2,0,0,,,140,top structural and demand signals within provisional tier
/Game/Genesis/Missions/EelBossFight/MissionType_EelBossFight.MissionType_EelBossFight,MissionType_EelBossFight,/Script/Engine.Blueprint,/Game/Genesis/Missions/MissionTypeBlueprintBase.MissionTypeBlueprintBase_C,/Script/ShooterGame.MissionType,3,"[""has_descendants"",""referenced_by_assets"",""cross_domain_references"",""entity_or_domain_candidate""]",3,7,0,2,0,0,,,141,top structural and demand signals within provisional tier
/Game/Genesis/Missions/Race/Arctic/MissionType_Race_Saber.MissionType_Race_Saber,MissionType_Race_Saber,/Script/Engine.Blueprint,/Game/Genesis/Missions/Race/MissionType_Race.MissionType_Race_C,/Script/ShooterGame.MissionType,3,"[""has_descendants"",""referenced_by_assets"",""cross_domain_references"",""entity_or_domain_candidate""]",3,6,0,2,0,0,,,142,top structural and demand signals within provisional tier
/Game/Genesis/Missions/Race/Arctic/MissionType_Race_SnowRhino.MissionType_Race_SnowRhino,MissionType_Race_SnowRhino,/Script/Engine.Blueprint,/Game/Genesis/Missions/Race/MissionType_Race.MissionType_Race_C,/Script/ShooterGame.MissionType,3,"[""has_descendants"",""referenced_by_assets"",""cross_domain_references"",""entity_or_domain_candidate""]",3,6,0,2,0,0,,,143,top structural and demand signals within provisional tier
/Game/Genesis/Missions/Retrieve/MissionType_RetrieveItem_Egg_Cherufe.MissionType_RetrieveItem_Egg_Cherufe,MissionType_RetrieveItem_Egg_Cherufe,/Script/Engine.Blueprint,/Game/Genesis/Missions/Retrieve/MissionType_Retrieve_Base.MissionType_Retrieve_Base_C,/Script/ShooterGame.MissionType,3,"[""has_descendants"",""referenced_by_assets"",""cross_domain_references"",""entity_or_domain_candidate""]",3,6,0,2,0,0,,,144,top structural and demand signals within provisional tier
/Game/Packs/Frontier/Structures/TreasureCache/TreasureMap/PingTreasureLocationPOIBuff.PingTreasureLocationPOIBuff,PingTreasureLocationPOIBuff,/Script/Engine.Blueprint,/Script/ShooterGame.PrimalBuff,/Script/ShooterGame.PrimalBuff,3,"[""has_descendants"",""referenced_by_assets"",""cross_domain_references"",""entity_or_domain_candidate""]",3,6,0,2,0,0,,,145,top structural and demand signals within provisional tier
/DinoDefense/Base/CharacterSystem/AISystem/SimpleAIController.SimpleAIController,SimpleAIController,/Script/Engine.Blueprint,/Script/AIModule.AIController,/Script/AIModule.AIController,3,"[""has_descendants"",""referenced_by_assets"",""cross_domain_references"",""entity_or_domain_candidate""]",3,5,0,2,0,0,,,146,top structural and demand signals within provisional tier
/Game/Genesis/Missions/Escort/MissionType_Escort_Arctic_Procop.MissionType_Escort_Arctic_Procop,MissionType_Escort_Arctic_Procop,/Script/Engine.Blueprint,/Game/Genesis/Missions/Escort/MissionType_Escort_Base.MissionType_Escort_Base_C,/Script/ShooterGame.MissionType,3,"[""has_descendants"",""referenced_by_assets"",""cross_domain_references"",""entity_or_domain_candidate""]",3,5,0,2,0,0,,,147,top structural and demand signals within provisional tier
/Game/Genesis/Missions/Escort/MissionType_Escort_Bog_Toad.MissionType_Escort_Bog_Toad,MissionType_Escort_Bog_Toad,/Script/Engine.Blueprint,/Game/Genesis/Missions/Escort/MissionType_Escort_Base.MissionType_Escort_Base_C,/Script/ShooterGame.MissionType,3,"[""has_descendants"",""referenced_by_assets"",""cross_domain_references"",""entity_or_domain_candidate""]",3,5,0,2,0,0,,,148,top structural and demand signals within provisional tier
/Game/Genesis/Missions/Escort/MissionType_Escort_Lunar_LanternPets.MissionType_Escort_Lunar_LanternPets,MissionType_Escort_Lunar_LanternPets,/Script/Engine.Blueprint,/Game/Genesis/Missions/Escort/MissionType_Escort_Base.MissionType_Escort_Base_C,/Script/ShooterGame.MissionType,3,"[""has_descendants"",""referenced_by_assets"",""cross_domain_references"",""entity_or_domain_candidate""]",3,5,0,2,0,0,,,149,top structural and demand signals within provisional tier
/Game/Genesis/Missions/Escort/MissionType_Escort_Ocean_Dolphin.MissionType_Escort_Ocean_Dolphin,MissionType_Escort_Ocean_Dolphin,/Script/Engine.Blueprint,/Game/Genesis/Missions/Escort/MissionType_Escort_Base.MissionType_Escort_Base_C,/Script/ShooterGame.MissionType,3,"[""has_descendants"",""referenced_by_assets"",""cross_domain_references"",""entity_or_domain_candidate""]",3,5,0,2,0,0,,,150,top structural and demand signals within provisional tier
/Game/Genesis/Missions/Escort/MissionType_Escort_Ocean_Turtle.MissionType_Escort_Ocean_Turtle,MissionType_Escort_Ocean_Turtle,/Script/Engine.Blueprint,/Game/Genesis/Missions/Escort/MissionType_Escort_Multiple.MissionType_Escort_Multiple_C,/Script/ShooterGame.MissionType,3,"[""has_descendants"",""referenced_by_assets"",""cross_domain_references"",""entity_or_domain_candidate""]",3,5,0,2,0,0,,,151,top structural and demand signals within provisional tier
/Game/Genesis/Missions/Escort/MissionType_Escort_Volcano_Para.MissionType_Escort_Volcano_Para,MissionType_Escort_Volcano_Para,/Script/Engine.Blueprint,/Game/Genesis/Missions/Escort/MissionType_Escort_Multiple.MissionType_Escort_Multiple_C,/Script/ShooterGame.MissionType,3,"[""has_descendants"",""referenced_by_assets"",""cross_domain_references"",""entity_or_domain_candidate""]",3,5,0,2,0,0,,,152,top structural and demand signals within provisional tier
/Game/Genesis/Missions/Fishing/MissionType_Fishing_OnlyNormalFish_CoelPiranhaOnly_Bog.MissionType_Fishing_OnlyNormalFish_CoelPiranhaOnly_Bog,MissionType_Fishing_OnlyNormalFish_CoelPiranhaOnly_Bog,/Script/Engine.Blueprint,/Game/Genesis/Missions/Fishing/MissionType_Fishing_OnlyNormalFish_CoelPiranhaOnly.MissionType_Fishing_OnlyNormalFish_CoelPiranhaOnly_C,/Script/ShooterGame.MissionType,3,"[""has_descendants"",""referenced_by_assets"",""cross_domain_references"",""entity_or_domain_candidate""]",3,5,0,2,0,0,,,153,top structural and demand signals within provisional tier
/Game/Genesis/Missions/Fishing/MissionType_Fishing_OnlyNormalFish_EndImmediately_RodOnly_Ice.MissionType_Fishing_OnlyNormalFish_EndImmediately_RodOnly_Ice,MissionType_Fishing_OnlyNormalFish_EndImmediately_RodOnly_Ice,/Script/Engine.Blueprint,/Game/Genesis/Missions/Fishing/MissionType_Fishing_OnlyNormalFish_EndImmediately_RodOnly.MissionType_Fishing_OnlyNormalFish_EndImmediately_RodOnly_C,/Script/ShooterGame.MissionType,3,"[""has_descendants"",""referenced_by_assets"",""cross_domain_references"",""entity_or_domain_candidate""]",3,5,0,2,0,0,,,154,top structural and demand signals within provisional tier
/Game/Genesis/Missions/GatherNodes/MissionType_Gather_Nodes_Arctic.MissionType_Gather_Nodes_Arctic,MissionType_Gather_Nodes_Arctic,/Script/Engine.Blueprint,/Game/Genesis/Missions/GatherNodes/MissionType_Gather_Nodes.MissionType_Gather_Nodes_C,/Script/ShooterGame.MissionType,3,"[""has_descendants"",""referenced_by_assets"",""cross_domain_references"",""entity_or_domain_candidate""]",3,5,0,2,0,0,,,155,top structural and demand signals within provisional tier
/Game/Genesis/Missions/GatherNodes/MissionType_Gather_Nodes_Bog.MissionType_Gather_Nodes_Bog,MissionType_Gather_Nodes_Bog,/Script/Engine.Blueprint,/Game/Genesis/Missions/GatherNodes/MissionType_Gather_Nodes.MissionType_Gather_Nodes_C,/Script/ShooterGame.MissionType,3,"[""has_descendants"",""referenced_by_assets"",""cross_domain_references"",""entity_or_domain_candidate""]",3,5,0,2,0,0,,,156,top structural and demand signals within provisional tier
/Game/Genesis/Missions/GatherNodes/MissionType_Gather_Nodes_Lunar.MissionType_Gather_Nodes_Lunar,MissionType_Gather_Nodes_Lunar,/Script/Engine.Blueprint,/Game/Genesis/Missions/GatherNodes/MissionType_Gather_Nodes.MissionType_Gather_Nodes_C,/Script/ShooterGame.MissionType,3,"[""has_descendants"",""referenced_by_assets"",""cross_domain_references"",""entity_or_domain_candidate""]",3,5,0,2,0,0,,,157,top structural and demand signals within provisional tier
/Game/Genesis/Missions/GatherNodes/MissionType_Gather_Nodes_Volcanic.MissionType_Gather_Nodes_Volcanic,MissionType_Gather_Nodes_Volcanic,/Script/Engine.Blueprint,/Game/Genesis/Missions/GatherNodes/MissionType_Gather_Nodes.MissionType_Gather_Nodes_C,/Script/ShooterGame.MissionType,3,"[""has_descendants"",""referenced_by_assets"",""cross_domain_references"",""entity_or_domain_candidate""]",3,5,0,2,0,0,,,158,top structural and demand signals within provisional tier
/Game/Genesis/Missions/GauntletWaves/MissionType_GauntletWaves_Arctic.MissionType_GauntletWaves_Arctic,MissionType_GauntletWaves_Arctic,/Script/Engine.Blueprint,/Game/Genesis/Missions/GauntletWaves/MissionType_GauntletWaves_Base.MissionType_GauntletWaves_Base_C,/Script/ShooterGame.MissionType,3,"[""has_descendants"",""referenced_by_assets"",""cross_domain_references"",""entity_or_domain_candidate""]",3,5,0,2,0,0,,,159,top structural and demand signals within provisional tier
/Game/Genesis/Missions/GauntletWaves/MissionType_GauntletWaves_Bog.MissionType_GauntletWaves_Bog,MissionType_GauntletWaves_Bog,/Script/Engine.Blueprint,/Game/Genesis/Missions/GauntletWaves/MissionType_GauntletWaves_Base.MissionType_GauntletWaves_Base_C,/Script/ShooterGame.MissionType,3,"[""has_descendants"",""referenced_by_assets"",""cross_domain_references"",""entity_or_domain_candidate""]",3,5,0,2,0,0,,,160,top structural and demand signals within provisional tier
/Game/Genesis/Missions/GauntletWaves/MissionType_GauntletWaves_Lunar.MissionType_GauntletWaves_Lunar,MissionType_GauntletWaves_Lunar,/Script/Engine.Blueprint,/Game/Genesis/Missions/GauntletWaves/MissionType_GauntletWaves_Base.MissionType_GauntletWaves_Base_C,/Script/ShooterGame.MissionType,3,"[""has_descendants"",""referenced_by_assets"",""cross_domain_references"",""entity_or_domain_candidate""]",3,5,0,2,0,0,,,161,top structural and demand signals within provisional tier
/Game/Genesis/Missions/GauntletWaves/MissionType_GauntletWaves_Volcanic.MissionType_GauntletWaves_Volcanic,MissionType_GauntletWaves_Volcanic,/Script/Engine.Blueprint,/Game/Genesis/Missions/GauntletWaves/MissionType_GauntletWaves_Base.MissionType_GauntletWaves_Base_C,/Script/ShooterGame.MissionType,3,"[""has_descendants"",""referenced_by_assets"",""cross_domain_references"",""entity_or_domain_candidate""]",3,5,0,2,0,0,,,162,top structural and demand signals within provisional tier
/Game/Genesis/Missions/Hunt/Arctic/MissionType_Hunt_Mammoth.MissionType_Hunt_Mammoth,MissionType_Hunt_Mammoth,/Script/Engine.Blueprint,/Game/Genesis/Missions/Hunt/MissionType_Hunt.MissionType_Hunt_C,/Script/ShooterGame.MissionType,3,"[""has_descendants"",""referenced_by_assets"",""cross_domain_references"",""entity_or_domain_candidate""]",3,5,0,2,0,0,,,163,top structural and demand signals within provisional tier
/Game/Genesis/Missions/Hunt/Arctic/MissionType_Hunt_Megaloceros.MissionType_Hunt_Megaloceros,MissionType_Hunt_Megaloceros,/Script/Engine.Blueprint,/Game/Genesis/Missions/Hunt/MissionType_Hunt.MissionType_Hunt_C,/Script/ShooterGame.MissionType,3,"[""has_descendants"",""referenced_by_assets"",""cross_domain_references"",""entity_or_domain_candidate""]",3,5,0,2,0,0,,,164,top structural and demand signals within provisional tier
/Game/Genesis/Missions/Hunt/Arctic/MissionType_Hunt_Shapeshifter.MissionType_Hunt_Shapeshifter,MissionType_Hunt_Shapeshifter,/Script/Engine.Blueprint,/Game/Genesis/Missions/Hunt/MissionType_Hunt.MissionType_Hunt_C,/Script/ShooterGame.MissionType,3,"[""has_descendants"",""referenced_by_assets"",""cross_domain_references"",""entity_or_domain_candidate""]",3,5,0,2,0,0,,,165,top structural and demand signals within provisional tier
/Game/Genesis/Missions/Hunt/Arctic/MissionType_Hunt_Yuty.MissionType_Hunt_Yuty,MissionType_Hunt_Yuty,/Script/Engine.Blueprint,/Game/Genesis/Missions/Hunt/MissionType_Hunt.MissionType_Hunt_C,/Script/ShooterGame.MissionType,3,"[""has_descendants"",""referenced_by_assets"",""cross_domain_references"",""entity_or_domain_candidate""]",3,5,0,2,0,0,,,166,top structural and demand signals within provisional tier
/Game/Genesis/Missions/Hunt/Bog/MissionType_Hunt_BogSpider.MissionType_Hunt_BogSpider,MissionType_Hunt_BogSpider,/Script/Engine.Blueprint,/Game/Genesis/Missions/Hunt/MissionType_Hunt.MissionType_Hunt_C,/Script/ShooterGame.MissionType,3,"[""has_descendants"",""referenced_by_assets"",""cross_domain_references"",""entity_or_domain_candidate""]",3,5,0,2,0,0,,,167,top structural and demand signals within provisional tier
/Game/Genesis/Missions/Hunt/Bog/MissionType_Hunt_Raptor.MissionType_Hunt_Raptor,MissionType_Hunt_Raptor,/Script/Engine.Blueprint,/Game/Genesis/Missions/Hunt/MissionType_Hunt.MissionType_Hunt_C,/Script/ShooterGame.MissionType,3,"[""has_descendants"",""referenced_by_assets"",""cross_domain_references"",""entity_or_domain_candidate""]",3,5,0,2,0,0,,,168,top structural and demand signals within provisional tier
/Game/Genesis/Missions/Hunt/Bog/MissionType_Hunt_Sarco.MissionType_Hunt_Sarco,MissionType_Hunt_Sarco,/Script/Engine.Blueprint,/Game/Genesis/Missions/Hunt/MissionType_Hunt.MissionType_Hunt_C,/Script/ShooterGame.MissionType,3,"[""has_descendants"",""referenced_by_assets"",""cross_domain_references"",""entity_or_domain_candidate""]",3,5,0,2,0,0,,,169,top structural and demand signals within provisional tier
/Game/Genesis/Missions/Hunt/Bog/MissionType_Hunt_Spino.MissionType_Hunt_Spino,MissionType_Hunt_Spino,/Script/Engine.Blueprint,/Game/Genesis/Missions/Hunt/MissionType_Hunt.MissionType_Hunt_C,/Script/ShooterGame.MissionType,3,"[""has_descendants"",""referenced_by_assets"",""cross_domain_references"",""entity_or_domain_candidate""]",3,5,0,2,0,0,,,170,top structural and demand signals within provisional tier
/Game/Genesis/Missions/Hunt/Lunar/MissionType_Hunt_BionicGiga.MissionType_Hunt_BionicGiga,MissionType_Hunt_BionicGiga,/Script/Engine.Blueprint,/Game/Genesis/Missions/Hunt/MissionType_Hunt.MissionType_Hunt_C,/Script/ShooterGame.MissionType,3,"[""has_descendants"",""referenced_by_assets"",""cross_domain_references"",""entity_or_domain_candidate""]",3,5,0,2,0,0,,,171,top structural and demand signals within provisional tier
/Game/Genesis/Missions/Hunt/Lunar/MissionType_Hunt_BionicRex.MissionType_Hunt_BionicRex,MissionType_Hunt_BionicRex,/Script/Engine.Blueprint,/Game/Genesis/Missions/Hunt/MissionType_Hunt.MissionType_Hunt_C,/Script/ShooterGame.MissionType,3,"[""has_descendants"",""referenced_by_assets"",""cross_domain_references"",""entity_or_domain_candidate""]",3,5,0,2,0,0,,,172,top structural and demand signals within provisional tier
/Game/Genesis/Missions/Hunt/Lunar/MissionType_Hunt_NamelessXeno.MissionType_Hunt_NamelessXeno,MissionType_Hunt_NamelessXeno,/Script/Engine.Blueprint,/Game/Genesis/Missions/Hunt/MissionType_Hunt.MissionType_Hunt_C,/Script/ShooterGame.MissionType,3,"[""has_descendants"",""referenced_by_assets"",""cross_domain_references"",""entity_or_domain_candidate""]",3,5,0,2,0,0,,,173,top structural and demand signals within provisional tier
/Game/Genesis/Missions/Hunt/Ocean/MissionType_Hunt_Leeds.MissionType_Hunt_Leeds,MissionType_Hunt_Leeds,/Script/Engine.Blueprint,/Game/Genesis/Missions/Hunt/MissionType_Hunt.MissionType_Hunt_C,/Script/ShooterGame.MissionType,3,"[""has_descendants"",""referenced_by_assets"",""cross_domain_references"",""entity_or_domain_candidate""]",3,5,0,2,0,0,,,174,top structural and demand signals within provisional tier
/Game/Genesis/Missions/Hunt/Ocean/MissionType_Hunt_Mosa.MissionType_Hunt_Mosa,MissionType_Hunt_Mosa,/Script/Engine.Blueprint,/Game/Genesis/Missions/Hunt/MissionType_Hunt.MissionType_Hunt_C,/Script/ShooterGame.MissionType,3,"[""has_descendants"",""referenced_by_assets"",""cross_domain_references"",""entity_or_domain_candidate""]",3,5,0,2,0,0,,,175,top structural and demand signals within provisional tier
/Game/Genesis/Missions/Hunt/Ocean/MissionType_Hunt_Plesio.MissionType_Hunt_Plesio,MissionType_Hunt_Plesio,/Script/Engine.Blueprint,/Game/Genesis/Missions/Hunt/MissionType_Hunt.MissionType_Hunt_C,/Script/ShooterGame.MissionType,3,"[""has_descendants"",""referenced_by_assets"",""cross_domain_references"",""entity_or_domain_candidate""]",3,5,0,2,0,0,,,176,top structural and demand signals within provisional tier
/Game/Genesis/Missions/Hunt/Ocean/MissionType_Hunt_Tuso.MissionType_Hunt_Tuso,MissionType_Hunt_Tuso,/Script/Engine.Blueprint,/Game/Genesis/Missions/Hunt/MissionType_Hunt.MissionType_Hunt_C,/Script/ShooterGame.MissionType,3,"[""has_descendants"",""referenced_by_assets"",""cross_domain_references"",""entity_or_domain_candidate""]",3,5,0,2,0,0,,,177,top structural and demand signals within provisional tier
/Game/Genesis/Missions/Hunt/Volcanic/MissionType_Hunt_Allo.MissionType_Hunt_Allo,MissionType_Hunt_Allo,/Script/Engine.Blueprint,/Game/Genesis/Missions/Hunt/MissionType_Hunt.MissionType_Hunt_C,/Script/ShooterGame.MissionType,3,"[""has_descendants"",""referenced_by_assets"",""cross_domain_references"",""entity_or_domain_candidate""]",3,5,0,2,0,0,,,178,top structural and demand signals within provisional tier
/Game/Genesis/Missions/Hunt/Volcanic/MissionType_Hunt_LavaLizard.MissionType_Hunt_LavaLizard,MissionType_Hunt_LavaLizard,/Script/Engine.Blueprint,/Game/Genesis/Missions/Hunt/MissionType_Hunt.MissionType_Hunt_C,/Script/ShooterGame.MissionType,3,"[""has_descendants"",""referenced_by_assets"",""cross_domain_references"",""entity_or_domain_candidate""]",3,5,0,2,0,0,,,179,top structural and demand signals within provisional tier
/Game/Genesis/Missions/Hunt/Volcanic/MissionType_Hunt_Rex.MissionType_Hunt_Rex,MissionType_Hunt_Rex,/Script/Engine.Blueprint,/Game/Genesis/Missions/Hunt/MissionType_Hunt.MissionType_Hunt_C,/Script/ShooterGame.MissionType,3,"[""has_descendants"",""referenced_by_assets"",""cross_domain_references"",""entity_or_domain_candidate""]",3,5,0,2,0,0,,,180,top structural and demand signals within provisional tier
/Game/Genesis/Missions/Hunt/Volcanic/MissionType_Hunt_RockElemental.MissionType_Hunt_RockElemental,MissionType_Hunt_RockElemental,/Script/Engine.Blueprint,/Game/Genesis/Missions/Hunt/MissionType_Hunt.MissionType_Hunt_C,/Script/ShooterGame.MissionType,3,"[""has_descendants"",""referenced_by_assets"",""cross_domain_references"",""entity_or_domain_candidate""]",3,5,0,2,0,0,,,181,top structural and demand signals within provisional tier
/Game/Genesis/Missions/Race/MissionType_Race_BogKapro.MissionType_Race_BogKapro,MissionType_Race_BogKapro,/Script/Engine.Blueprint,/Game/Genesis/Missions/Race/MissionType_Race.MissionType_Race_C,/Script/ShooterGame.MissionType,3,"[""has_descendants"",""referenced_by_assets"",""cross_domain_references"",""entity_or_domain_candidate""]",3,5,0,2,0,0,,,182,top structural and demand signals within provisional tier
/Game/Genesis/Missions/Race/MissionType_Race_BogSpider.MissionType_Race_BogSpider,MissionType_Race_BogSpider,/Script/Engine.Blueprint,/Game/Genesis/Missions/Race/MissionType_Race.MissionType_Race_C,/Script/ShooterGame.MissionType,3,"[""has_descendants"",""referenced_by_assets"",""cross_domain_references"",""entity_or_domain_candidate""]",3,5,0,2,0,0,,,183,top structural and demand signals within provisional tier
/Game/Genesis/Missions/Race/MissionType_Race_Doed.MissionType_Race_Doed,MissionType_Race_Doed,/Script/Engine.Blueprint,/Game/Genesis/Missions/Race/MissionType_Race.MissionType_Race_C,/Script/ShooterGame.MissionType,3,"[""has_descendants"",""referenced_by_assets"",""cross_domain_references"",""entity_or_domain_candidate""]",3,5,0,2,0,0,,,184,top structural and demand signals within provisional tier
/Game/Genesis/Missions/Race/MissionType_Race_Dolphin.MissionType_Race_Dolphin,MissionType_Race_Dolphin,/Script/Engine.Blueprint,/Game/Genesis/Missions/Race/MissionType_Race.MissionType_Race_C,/Script/ShooterGame.MissionType,3,"[""has_descendants"",""referenced_by_assets"",""cross_domain_references"",""entity_or_domain_candidate""]",3,5,0,2,0,0,,,185,top structural and demand signals within provisional tier
/Game/Genesis/Missions/Race/MissionType_Race_Galli.MissionType_Race_Galli,MissionType_Race_Galli,/Script/Engine.Blueprint,/Game/Genesis/Missions/Race/MissionType_Race.MissionType_Race_C,/Script/ShooterGame.MissionType,3,"[""has_descendants"",""referenced_by_assets"",""cross_domain_references"",""entity_or_domain_candidate""]",3,5,0,2,0,0,,,186,top structural and demand signals within provisional tier
/Game/Genesis/Missions/Race/MissionType_Race_HoverSkiff.MissionType_Race_HoverSkiff,MissionType_Race_HoverSkiff,/Script/Engine.Blueprint,/Game/Genesis/Missions/Race/MissionType_Race.MissionType_Race_C,/Script/ShooterGame.MissionType,3,"[""has_descendants"",""referenced_by_assets"",""cross_domain_references"",""entity_or_domain_candidate""]",3,5,0,2,0,0,,,187,top structural and demand signals within provisional tier
/Game/Genesis/Missions/Retrieve/MissionType_Retrieve_ArcticMounds.MissionType_Retrieve_ArcticMounds,MissionType_Retrieve_ArcticMounds,/Script/Engine.Blueprint,/Game/Genesis/Missions/Retrieve/MissionType_Retrieve_Base.MissionType_Retrieve_Base_C,/Script/ShooterGame.MissionType,3,"[""has_descendants"",""referenced_by_assets"",""cross_domain_references"",""entity_or_domain_candidate""]",3,5,0,2,0,0,,,188,top structural and demand signals within provisional tier
/Game/Genesis/Missions/Retrieve/MissionType_Retrieve_BogBulbs.MissionType_Retrieve_BogBulbs,MissionType_Retrieve_BogBulbs,/Script/Engine.Blueprint,/Game/Genesis/Missions/Retrieve/MissionType_Retrieve_Base.MissionType_Retrieve_Base_C,/Script/ShooterGame.MissionType,3,"[""has_descendants"",""referenced_by_assets"",""cross_domain_references"",""entity_or_domain_candidate""]",3,5,0,2,0,0,,,189,top structural and demand signals within provisional tier
/Game/Genesis/Missions/Retrieve/MissionType_Retrieve_DinoDrop_LunarReaper.MissionType_Retrieve_DinoDrop_LunarReaper,MissionType_Retrieve_DinoDrop_LunarReaper,/Script/Engine.Blueprint,/Game/Genesis/Missions/Retrieve/MissionType_Retrieve_DinoDrop.MissionType_Retrieve_DinoDrop_C,/Script/ShooterGame.MissionType,3,"[""has_descendants"",""referenced_by_assets"",""cross_domain_references"",""entity_or_domain_candidate""]",3,5,0,2,0,0,,,190,top structural and demand signals within provisional tier
/Game/Genesis/Missions/Retrieve/MissionType_Retrieve_DinoDrop_MegTeeth.MissionType_Retrieve_DinoDrop_MegTeeth,MissionType_Retrieve_DinoDrop_MegTeeth,/Script/Engine.Blueprint,/Game/Genesis/Missions/Retrieve/MissionType_Retrieve_DinoDrop.MissionType_Retrieve_DinoDrop_C,/Script/ShooterGame.MissionType,3,"[""has_descendants"",""referenced_by_assets"",""cross_domain_references"",""entity_or_domain_candidate""]",3,5,0,2,0,0,,,191,top structural and demand signals within provisional tier
/Game/Genesis/Missions/Retrieve/MissionType_Retrieve_DinoDrop_VolcanicTrike.MissionType_Retrieve_DinoDrop_VolcanicTrike,MissionType_Retrieve_DinoDrop_VolcanicTrike,/Script/Engine.Blueprint,/Game/Genesis/Missions/Retrieve/MissionType_Retrieve_DinoDrop.MissionType_Retrieve_DinoDrop_C,/Script/ShooterGame.MissionType,3,"[""has_descendants"",""referenced_by_assets"",""cross_domain_references"",""entity_or_domain_candidate""]",3,5,0,2,0,0,,,192,top structural and demand signals within provisional tier
/Game/Genesis/Missions/Sports/DodoBall/Lunar/MissionType_Sport_BasketBall_Lunar_Pickup.MissionType_Sport_BasketBall_Lunar_Pickup,MissionType_Sport_BasketBall_Lunar_Pickup,/Script/Engine.Blueprint,/Game/Genesis/Missions/Sports/DodoBall/Lunar/MissionType_Sport_BasketBall_Lunar.MissionType_Sport_BasketBall_Lunar_C,/Script/ShooterGame.MissionType,3,"[""has_descendants"",""referenced_by_assets"",""cross_domain_references"",""entity_or_domain_candidate""]",3,5,0,2,0,0,,,193,top structural and demand signals within provisional tier
/Game/Genesis/Missions/Sports/DodoBall/Lunar/MissionType_Sport_BasketBall_Lunar_ShotClock.MissionType_Sport_BasketBall_Lunar_ShotClock,MissionType_Sport_BasketBall_Lunar_ShotClock,/Script/Engine.Blueprint,/Game/Genesis/Missions/Sports/DodoBall/Lunar/MissionType_Sport_BasketBall_Lunar.MissionType_Sport_BasketBall_Lunar_C,/Script/ShooterGame.MissionType,3,"[""has_descendants"",""referenced_by_assets"",""cross_domain_references"",""entity_or_domain_candidate""]",3,5,0,2,0,0,,,194,top structural and demand signals within provisional tier
/Game/PrimalEarth/CoreBlueprints/Buffs/Buff_EndBossMorph_Dissolve_In_BossForm.Buff_EndBossMorph_Dissolve_In_BossForm,Buff_EndBossMorph_Dissolve_In_BossForm,/Script/Engine.Blueprint,/Game/PrimalEarth/CoreBlueprints/Buffs/Buff_EndBossMorph_Dissolve.Buff_EndBossMorph_Dissolve_C,UNKNOWN,3,"[""has_descendants"",""referenced_by_assets"",""cross_domain_references"",""entity_or_domain_candidate""]",3,5,0,2,0,0,,,195,top structural and demand signals within provisional tier
/Game/Base/GameplayComponents/Mechanics/StateMachine/v3/Buff_GameComp_StateMachine_V3_Base.Buff_GameComp_StateMachine_V3_Base,Buff_GameComp_StateMachine_V3_Base,/Script/Engine.Blueprint,/Game/Base/GameplayComponents/v2/Buff_GameComp_Base_Rep_V3.Buff_GameComp_Base_Rep_V3_C,/Script/ShooterGame.PrimalBuff,3,"[""has_descendants"",""referenced_by_assets"",""cross_domain_references"",""entity_or_domain_candidate""]",3,4,0,2,0,0,,,196,top structural and demand signals within provisional tier
/Game/LostColony/Missions/Overworld/Base/Buffs/Buff_Mission_LC_Overworld_Base.Buff_Mission_LC_Overworld_Base,Buff_Mission_LC_Overworld_Base,/Script/Engine.Blueprint,/Script/ShooterGame.PrimalBuff,/Script/ShooterGame.PrimalBuff,3,"[""has_descendants"",""referenced_by_assets"",""cross_domain_references"",""entity_or_domain_candidate""]",3,4,0,2,0,0,,,197,top structural and demand signals within provisional tier
/Game/PrimalEarth/Dinos/Allosaurus/Allo_AIController_BP.Allo_AIController_BP,Allo_AIController_BP,/Script/Engine.Blueprint,/Game/PrimalEarth/CoreAI/Dino_AIController_BP.Dino_AIController_BP_C,UNKNOWN,3,"[""has_descendants"",""referenced_by_assets"",""cross_domain_references"",""entity_or_domain_candidate""]",3,4,0,2,0,0,,,198,top structural and demand signals within provisional tier
/Game/PrimalEarth/Dinos/Anglerfish/Angler_AIController_BP.Angler_AIController_BP,Angler_AIController_BP,/Script/Engine.Blueprint,/Game/PrimalEarth/CoreAI/Dino_AIController_BP.Dino_AIController_BP_C,UNKNOWN,3,"[""has_descendants"",""referenced_by_assets"",""cross_domain_references"",""entity_or_domain_candidate""]",3,4,0,2,0,0,,,199,top structural and demand signals within provisional tier
/Game/PrimalEarth/Dinos/Daeodon/Daeodon_AIController_BP.Daeodon_AIController_BP,Daeodon_AIController_BP,/Script/Engine.Blueprint,/Game/PrimalEarth/CoreAI/Dino_AIController_BP.Dino_AIController_BP_C,UNKNOWN,3,"[""has_descendants"",""referenced_by_assets"",""cross_domain_references"",""entity_or_domain_candidate""]",3,4,0,2,0,0,,,200,top structural and demand signals within provisional tier
/Game/PrimalEarth/Dinos/Dilo/Dilo_AIController_BP.Dilo_AIController_BP,Dilo_AIController_BP,/Script/Engine.Blueprint,/Game/PrimalEarth/CoreAI/Dino_AIController_BP.Dino_AIController_BP_C,UNKNOWN,3,"[""has_descendants"",""referenced_by_assets"",""cross_domain_references"",""entity_or_domain_candidate""]",3,4,0,2,0,0,,,201,top structural and demand signals within provisional tier
/Game/PrimalEarth/Dinos/Direbear/Bear_AIController_BP_Polar.Bear_AIController_BP_Polar,Bear_AIController_BP_Polar,/Script/Engine.Blueprint,/Game/PrimalEarth/Dinos/Direbear/Bear_AIController_BP.Bear_AIController_BP_C,UNKNOWN,3,"[""has_descendants"",""referenced_by_assets"",""cross_domain_references"",""entity_or_domain_candidate""]",3,4,0,2,0,0,,,202,top structural and demand signals within provisional tier
/Game/PrimalEarth/Dinos/Direwolf/Direwolf_AIController_BP.Direwolf_AIController_BP,Direwolf_AIController_BP,/Script/Engine.Blueprint,/Game/PrimalEarth/CoreAI/Dino_AIController_BP.Dino_AIController_BP_C,UNKNOWN,3,"[""has_descendants"",""referenced_by_assets"",""cross_domain_references"",""entity_or_domain_candidate""]",3,4,0,2,0,0,,,203,top structural and demand signals within provisional tier
/Game/PrimalEarth/Dinos/Dunkleosteus/Dunkle_AIController_BP.Dunkle_AIController_BP,Dunkle_AIController_BP,/Script/Engine.Blueprint,/Game/PrimalEarth/CoreAI/Dino_AIController_BP.Dino_AIController_BP_C,UNKNOWN,3,"[""has_descendants"",""referenced_by_assets"",""cross_domain_references"",""entity_or_domain_candidate""]",3,4,0,2,0,0,,,204,top structural and demand signals within provisional tier
/Game/PrimalEarth/Dinos/Eel/Eel_AIController_BP.Eel_AIController_BP,Eel_AIController_BP,/Script/Engine.Blueprint,/Game/PrimalEarth/CoreAI/Dino_AIController_BP.Dino_AIController_BP_C,/Script/ShooterGame.PrimalDinoAIController,3,"[""has_descendants"",""referenced_by_assets"",""cross_domain_references"",""entity_or_domain_candidate""]",3,4,0,2,0,0,,,205,top structural and demand signals within provisional tier
/Game/PrimalEarth/Dinos/Leedsichthys/Leedsichthys_AIController_BP.Leedsichthys_AIController_BP,Leedsichthys_AIController_BP,/Script/Engine.Blueprint,/Game/PrimalEarth/CoreAI/Dino_AIController_BP.Dino_AIController_BP_C,/Script/ShooterGame.PrimalDinoAIController,3,"[""has_descendants"",""referenced_by_assets"",""cross_domain_references"",""entity_or_domain_candidate""]",3,4,0,2,0,0,,,206,top structural and demand signals within provisional tier
/Game/PrimalEarth/Dinos/Manta/Manta_AIController_BP.Manta_AIController_BP,Manta_AIController_BP,/Script/Engine.Blueprint,/Game/PrimalEarth/CoreAI/Dino_AIController_BP.Dino_AIController_BP_C,UNKNOWN,3,"[""has_descendants"",""referenced_by_assets"",""cross_domain_references"",""entity_or_domain_candidate""]",3,4,0,2,0,0,,,207,top structural and demand signals within provisional tier
/Game/PrimalEarth/Dinos/Mosasaurus/Mosa_AIController_BP.Mosa_AIController_BP,Mosa_AIController_BP,/Script/Engine.Blueprint,/Game/PrimalEarth/CoreAI/Dino_AIController_BP.Dino_AIController_BP_C,UNKNOWN,3,"[""has_descendants"",""referenced_by_assets"",""cross_domain_references"",""entity_or_domain_candidate""]",3,4,0,2,0,0,,,208,top structural and demand signals within provisional tier
/Game/PrimalEarth/Dinos/Saber/Saber_AIController_BP.Saber_AIController_BP,Saber_AIController_BP,/Script/Engine.Blueprint,/Game/PrimalEarth/CoreAI/Dino_AIController_BP.Dino_AIController_BP_C,/Script/ShooterGame.PrimalDinoAIController,3,"[""has_descendants"",""referenced_by_assets"",""cross_domain_references"",""entity_or_domain_candidate""]",3,4,0,2,0,0,,,209,top structural and demand signals within provisional tier
/Game/PrimalEarth/Dinos/Salmon/Salmon_AIController_BP.Salmon_AIController_BP,Salmon_AIController_BP,/Script/Engine.Blueprint,/Game/PrimalEarth/CoreAI/Dino_AIController_BP.Dino_AIController_BP_C,UNKNOWN,3,"[""has_descendants"",""referenced_by_assets"",""cross_domain_references"",""entity_or_domain_candidate""]",3,4,0,2,0,0,,,210,top structural and demand signals within provisional tier
/Game/PrimalEarth/Dinos/Yutyrannus/Yutyrannus_AIController_BP.Yutyrannus_AIController_BP,Yutyrannus_AIController_BP,/Script/Engine.Blueprint,/Game/PrimalEarth/CoreAI/Dino_AIController_BP.Dino_AIController_BP_C,/Script/ShooterGame.PrimalDinoAIController,3,"[""has_descendants"",""referenced_by_assets"",""cross_domain_references"",""entity_or_domain_candidate""]",3,4,0,2,0,0,,,211,top structural and demand signals within provisional tier
/Game/ScorchedEarth/CoreBlueprints/Buffs/Buff_WyvernFire_OnFire.Buff_WyvernFire_OnFire,Buff_WyvernFire_OnFire,/Script/Engine.Blueprint,/Game/ScorchedEarth/CoreBlueprints/Buffs/Buff_FlameThrower_OnFire.Buff_FlameThrower_OnFire_C,/Script/ShooterGame.PrimalBuff,3,"[""has_descendants"",""referenced_by_assets"",""cross_domain_references"",""entity_or_domain_candidate""]",3,4,0,2,0,0,,,212,top structural and demand signals within provisional tier
/Game/Packs/Wasteland/Dinos/CompanionDino/DinoTamedInventoryComponent_DinoCompanion.DinoTamedInventoryComponent_DinoCompanion,DinoTamedInventoryComponent_DinoCompanion,/Script/Engine.Blueprint,/Game/PrimalEarth/CoreBlueprints/Inventories/DinoTamedInventoryComponent_BP_Base.DinoTamedInventoryComponent_BP_Base_C,/Script/ShooterGame.PrimalInventoryComponent,3,"[""has_descendants"",""referenced_by_assets"",""cross_domain_references"",""entity_or_domain_candidate""]",3,3,0,2,0,0,,,213,top structural and demand signals within provisional tier
/Game/Extinction/CoreBlueprints/HarvestComponents/StoneHarvestComponent_Ex_Base.StoneHarvestComponent_Ex_Base,StoneHarvestComponent_Ex_Base,/Script/Engine.Blueprint,/Game/PrimalEarth/CoreBlueprints/HarvestComponents/AttackHarvestComponent_Base.AttackHarvestComponent_Base_C,UNKNOWN,3,"[""has_descendants"",""referenced_by_assets"",""entity_or_domain_candidate""]",3,13,0,1,0,0,,,214,top structural and demand signals within provisional tier
/Game/Extinction/CoreBlueprints/HarvestComponents/WoodHarvestComponent_CorruptTree.WoodHarvestComponent_CorruptTree,WoodHarvestComponent_CorruptTree,/Script/Engine.Blueprint,/Game/Extinction/CoreBlueprints/HarvestComponents/WoodHarvestComponent_Ex_Base.WoodHarvestComponent_Ex_Base_C,/Script/ShooterGame.PrimalHarvestingComponent,3,"[""has_descendants"",""referenced_by_assets"",""entity_or_domain_candidate""]",3,9,0,1,0,0,,,215,top structural and demand signals within provisional tier
/Game/Genesis2/CoreBlueprints/DinoCharacterStatusComponent_BP_RockwellSpawn.DinoCharacterStatusComponent_BP_RockwellSpawn,DinoCharacterStatusComponent_BP_RockwellSpawn,/Script/Engine.Blueprint,/Game/PrimalEarth/CoreBlueprints/DinoCharacterStatusComponent_BP.DinoCharacterStatusComponent_BP_C,UNKNOWN,3,"[""has_descendants"",""referenced_by_assets"",""entity_or_domain_candidate""]",3,9,0,1,0,0,,,216,top structural and demand signals within provisional tier
/Game/Genesis/CoreBlueprints/DinoCharacterStatusComponent_BP_EelBoss.DinoCharacterStatusComponent_BP_EelBoss,DinoCharacterStatusComponent_BP_EelBoss,/Script/Engine.Blueprint,/Game/PrimalEarth/CoreBlueprints/DinoCharacterStatusComponent_BP.DinoCharacterStatusComponent_BP_C,UNKNOWN,3,"[""has_descendants"",""referenced_by_assets"",""entity_or_domain_candidate""]",3,8,0,1,0,0,,,217,top structural and demand signals within provisional tier
/Game/Genesis/CoreBlueprints/DinoCharacterStatusComponent_BP_EelMinion.DinoCharacterStatusComponent_BP_EelMinion,DinoCharacterStatusComponent_BP_EelMinion,/Script/Engine.Blueprint,/Game/PrimalEarth/CoreBlueprints/DinoCharacterStatusComponent_BP.DinoCharacterStatusComponent_BP_C,UNKNOWN,3,"[""has_descendants"",""referenced_by_assets"",""entity_or_domain_candidate""]",3,8,0,1,0,0,,,218,top structural and demand signals within provisional tier
/Game/Genesis2/CoreBlueprints/DinoCharacterStatusComponent_BP_Gen2_RockwellBoss.DinoCharacterStatusComponent_BP_Gen2_RockwellBoss,DinoCharacterStatusComponent_BP_Gen2_RockwellBoss,/Script/Engine.Blueprint,/Game/PrimalEarth/CoreBlueprints/DinoCharacterStatusComponent_BP.DinoCharacterStatusComponent_BP_C,UNKNOWN,3,"[""has_descendants"",""referenced_by_assets"",""entity_or_domain_candidate""]",3,8,0,1,0,0,,,219,top structural and demand signals within provisional tier
/Game/Genesis2/Missions/ModularMission/FinalBattleAlt/MissionType_FinalBattleImmersive.MissionType_FinalBattleImmersive,MissionType_FinalBattleImmersive,/Script/Engine.Blueprint,/Game/Genesis2/Missions/ModularMission/MissionType_ModularMission_Base.MissionType_ModularMission_Base_C,/Script/ShooterGame.MissionType_ModularMissionBase,3,"[""has_descendants"",""referenced_by_assets"",""entity_or_domain_candidate""]",3,8,0,1,0,0,,,220,top structural and demand signals within provisional tier
/Game/ASA/Dinos/IceWyvern/Boss/Minions/DinoCharacterStatusComponent_BP_Deathworm_Minion_RagWyvBoss.DinoCharacterStatusComponent_BP_Deathworm_Minion_RagWyvBoss,DinoCharacterStatusComponent_BP_Deathworm_Minion_RagWyvBoss,/Script/Engine.Blueprint,/Game/ScorchedEarth/Dinos/Manticore/Minions/DinoCharacterStatusComponent_BP_Deathworm_Minion.DinoCharacterStatusComponent_BP_Deathworm_Minion_C,/Script/ShooterGame.PrimalDinoStatusComponent,3,"[""has_descendants"",""referenced_by_assets"",""entity_or_domain_candidate""]",3,7,0,1,0,0,,,221,top structural and demand signals within provisional tier
/Game/ASA/Dinos/Megaraptor/Boss/Minions/DinoCharacterStatusComponent_BP_Deinonychus_Minion.DinoCharacterStatusComponent_BP_Deinonychus_Minion,DinoCharacterStatusComponent_BP_Deinonychus_Minion,/Script/Engine.Blueprint,/Game/PrimalEarth/CoreBlueprints/DinoCharacterStatusComponent_BP_Deinonychus.DinoCharacterStatusComponent_BP_Deinonychus_C,/Script/ShooterGame.PrimalDinoStatusComponent,3,"[""has_descendants"",""referenced_by_assets"",""entity_or_domain_candidate""]",3,7,0,1,0,0,,,222,top structural and demand signals within provisional tier
/Game/ASA/Dinos/Megaraptor/Boss/Minions/DinoCharacterStatusComponent_BP_Vulture_Minion.DinoCharacterStatusComponent_BP_Vulture_Minion,DinoCharacterStatusComponent_BP_Vulture_Minion,/Script/Engine.Blueprint,/Game/ScorchedEarth/Dinos/Vulture/DinoCharacterStatusComponent_BP_Vulture.DinoCharacterStatusComponent_BP_Vulture_C,/Script/ShooterGame.PrimalDinoStatusComponent,3,"[""has_descendants"",""referenced_by_assets"",""entity_or_domain_candidate""]",3,7,0,1,0,0,,,223,top structural and demand signals within provisional tier
/Game/Extinction/CoreBlueprints/HarvestComponents/DinoDeathHarvestingComponent_Corrupted_Huge.DinoDeathHarvestingComponent_Corrupted_Huge,DinoDeathHarvestingComponent_Corrupted_Huge,/Script/Engine.Blueprint,/Game/Extinction/CoreBlueprints/HarvestComponents/DinoDeathHarvestingComponent_Corrupted_Base.DinoDeathHarvestingComponent_Corrupted_Base_C,UNKNOWN,3,"[""has_descendants"",""referenced_by_assets"",""entity_or_domain_candidate""]",3,7,0,1,0,0,,,224,top structural and demand signals within provisional tier
/Game/LostColony/Missions/Bossfight/Modules/Fights/LostKing/MissionModule_LC_Bossfight_LostKing.MissionModule_LC_Bossfight_LostKing,MissionModule_LC_Bossfight_LostKing,/Script/Engine.Blueprint,/Game/LostColony/Missions/Bossfight/Modules/Fights/MissionModule_LC_Bossfight.MissionModule_LC_Bossfight_C,/Script/ShooterGame.NewMissionModuleBase,3,"[""has_descendants"",""referenced_by_assets"",""entity_or_domain_candidate""]",3,7,0,1,0,0,,,225,top structural and demand signals within provisional tier
/Game/ASA/Dinos/Megaraptor/Boss/DinoCharacterStatusComponent_BP_ValMegaraptor_Boss.DinoCharacterStatusComponent_BP_ValMegaraptor_Boss,DinoCharacterStatusComponent_BP_ValMegaraptor_Boss,/Script/Engine.Blueprint,/Game/ASA/Dinos/Megaraptor/DinoCharacterStatusComponent_BP_ValMegaraptor.DinoCharacterStatusComponent_BP_ValMegaraptor_C,/Script/ShooterGame.PrimalDinoStatusComponent,3,"[""has_descendants"",""referenced_by_assets"",""entity_or_domain_candidate""]",3,6,0,1,0,0,,,226,top structural and demand signals within provisional tier
/Game/Genesis2/Missions/ModularMission/LifeSupport/MissionType_ModularMission_LifeSupport.MissionType_ModularMission_LifeSupport,MissionType_ModularMission_LifeSupport,/Script/Engine.Blueprint,/Game/Genesis2/Missions/ModularMission/Hotspot/MissionType_Hotspot_Base.MissionType_Hotspot_Base_C,UNKNOWN,3,"[""has_descendants"",""referenced_by_assets"",""entity_or_domain_candidate""]",3,6,0,1,0,0,,,227,top structural and demand signals within provisional tier
/Game/Genesis2/Missions/ModularMission/Mashup/ExperimentG/MissionType_ModularMission_ExperimentG.MissionType_ModularMission_ExperimentG,MissionType_ModularMission_ExperimentG,/Script/Engine.Blueprint,/Game/Genesis2/Missions/ModularMission/MissionType_ModularMission_Base.MissionType_ModularMission_Base_C,UNKNOWN,3,"[""has_descendants"",""referenced_by_assets"",""entity_or_domain_candidate""]",3,6,0,1,0,0,,,228,top structural and demand signals within provisional tier
/Game/Genesis2/Missions/ModularMission/Shmup/MissionModule_ProtectCreatures_Shmup.MissionModule_ProtectCreatures_Shmup,MissionModule_ProtectCreatures_Shmup,/Script/Engine.Blueprint,/Game/Genesis2/Missions/ModularMission/MissionModule_Base.MissionModule_Base_C,/Script/ShooterGame.NewMissionModuleBase,3,"[""has_descendants"",""referenced_by_assets"",""entity_or_domain_candidate""]",3,6,0,1,0,0,,,229,top structural and demand signals within provisional tier
/Game/Genesis2/Missions/Race2/MilkGlider/MissionType_Race2_MilkGlider.MissionType_Race2_MilkGlider,MissionType_Race2_MilkGlider,/Script/Engine.Blueprint,/Game/Genesis2/Missions/Race2/MissionType_Race2.MissionType_Race2_C,UNKNOWN,3,"[""has_descendants"",""referenced_by_assets"",""entity_or_domain_candidate""]",3,6,0,1,0,0,,,230,top structural and demand signals within provisional tier
/Game/Genesis/Dinos/Cherufe/Cherufe_AIController_BP.Cherufe_AIController_BP,Cherufe_AIController_BP,/Script/Engine.Blueprint,/Game/PrimalEarth/CoreAI/Dino_AIController_BP.Dino_AIController_BP_C,UNKNOWN,3,"[""has_descendants"",""referenced_by_assets"",""entity_or_domain_candidate""]",3,5,0,1,0,0,,,231,top structural and demand signals within provisional tier
/Game/Genesis/Missions/Retrieve/MissionType_TestRetrieveItem_Base.MissionType_TestRetrieveItem_Base,MissionType_TestRetrieveItem_Base,/Script/Engine.Blueprint,/Script/ShooterGame.MissionType,/Script/ShooterGame.MissionType,3,"[""has_descendants"",""referenced_by_assets"",""entity_or_domain_candidate""]",3,5,0,1,0,0,,,232,top structural and demand signals within provisional tier
/Game/Genesis/Missions/Sports/DodoBall/MissionType_Sport_BasketBall_Pickup.MissionType_Sport_BasketBall_Pickup,MissionType_Sport_BasketBall_Pickup,/Script/Engine.Blueprint,/Game/Genesis/Missions/Sports/DodoBall/MissionType_Sport_BasketBall.MissionType_Sport_BasketBall_C,/Script/ShooterGame.MissionType,3,"[""has_descendants"",""referenced_by_assets"",""entity_or_domain_candidate""]",3,5,0,1,0,0,,,233,top structural and demand signals within provisional tier
/Game/Genesis2/CoreBlueprints/DinoCharacterStatusComponent_BP_Gen2_RockwellNode.DinoCharacterStatusComponent_BP_Gen2_RockwellNode,DinoCharacterStatusComponent_BP_Gen2_RockwellNode,/Script/Engine.Blueprint,/Game/PrimalEarth/CoreBlueprints/DinoCharacterStatusComponent_BP.DinoCharacterStatusComponent_BP_C,UNKNOWN,3,"[""has_descendants"",""referenced_by_assets"",""entity_or_domain_candidate""]",3,5,0,1,0,0,,,234,top structural and demand signals within provisional tier
/Game/Genesis2/Dinos/Summoner/Summoner_AIController_BP.Summoner_AIController_BP,Summoner_AIController_BP,/Script/Engine.Blueprint,/Game/PrimalEarth/CoreAI/Dino_AIController_BP.Dino_AIController_BP_C,UNKNOWN,3,"[""has_descendants"",""referenced_by_assets"",""entity_or_domain_candidate""]",3,5,0,1,0,0,,,235,top structural and demand signals within provisional tier
/Game/Genesis2/Dinos/TekStrider/Buff_Strider_BodyVFX_Parent.Buff_Strider_BodyVFX_Parent,Buff_Strider_BodyVFX_Parent,/Script/Engine.Blueprint,/Script/ShooterGame.PrimalBuff,/Script/ShooterGame.PrimalBuff,3,"[""has_descendants"",""referenced_by_assets"",""entity_or_domain_candidate""]",3,5,0,1,0,0,,,236,top structural and demand signals within provisional tier
/Game/Genesis2/Missions/Hunt/HuntMissions/MissionMetaData_Hunt_LionFishLion.MissionMetaData_Hunt_LionFishLion,MissionMetaData_Hunt_LionFishLion,/Script/Engine.Blueprint,/Game/Genesis2/Missions/Hunt/MissionMetaData_Hunt.MissionMetaData_Hunt_C,/Script/ShooterGame.MissionType,3,"[""has_descendants"",""referenced_by_assets"",""entity_or_domain_candidate""]",3,5,0,1,0,0,,,237,top structural and demand signals within provisional tier
/Game/Genesis2/Missions/Hunt/HuntMissions/MissionMetaData_Hunt_Shapeshifter.MissionMetaData_Hunt_Shapeshifter,MissionMetaData_Hunt_Shapeshifter,/Script/Engine.Blueprint,/Game/Genesis2/Missions/Hunt/MissionMetaData_Hunt.MissionMetaData_Hunt_C,/Script/ShooterGame.MissionType,3,"[""has_descendants"",""referenced_by_assets"",""entity_or_domain_candidate""]",3,5,0,1,0,0,,,238,top structural and demand signals within provisional tier
/Game/Genesis2/Missions/Hunt/HuntMissions/MissionMetaData_Hunt_Spindles.MissionMetaData_Hunt_Spindles,MissionMetaData_Hunt_Spindles,/Script/Engine.Blueprint,/Game/Genesis2/Missions/Hunt/MissionMetaData_Hunt.MissionMetaData_Hunt_C,/Script/ShooterGame.MissionType,3,"[""has_descendants"",""referenced_by_assets"",""entity_or_domain_candidate""]",3,5,0,1,0,0,,,239,top structural and demand signals within provisional tier
/Game/Genesis2/Missions/Hunt/TorporMissions/MissionMetaData_Hunt_LanternPet.MissionMetaData_Hunt_LanternPet,MissionMetaData_Hunt_LanternPet,/Script/Engine.Blueprint,/Game/Genesis2/Missions/Hunt/MissionMetaData_Hunt.MissionMetaData_Hunt_C,/Script/ShooterGame.MissionType,3,"[""has_descendants"",""referenced_by_assets"",""entity_or_domain_candidate""]",3,5,0,1,0,0,,,240,top structural and demand signals within provisional tier
/Game/Genesis2/Missions/Hunt/TorporMissions/MissionMetaData_Hunt_MilkGlider.MissionMetaData_Hunt_MilkGlider,MissionMetaData_Hunt_MilkGlider,/Script/Engine.Blueprint,/Game/Genesis2/Missions/Hunt/MissionMetaData_Hunt.MissionMetaData_Hunt_C,/Script/ShooterGame.MissionType,3,"[""has_descendants"",""referenced_by_assets"",""entity_or_domain_candidate""]",3,5,0,1,0,0,,,241,top structural and demand signals within provisional tier
/Game/Genesis2/Missions/Hunt/TorporMissions/MissionMetaData_Hunt_Paracer.MissionMetaData_Hunt_Paracer,MissionMetaData_Hunt_Paracer,/Script/Engine.Blueprint,/Game/Genesis2/Missions/Hunt/MissionMetaData_Hunt.MissionMetaData_Hunt_C,/Script/ShooterGame.MissionType,3,"[""has_descendants"",""referenced_by_assets"",""entity_or_domain_candidate""]",3,5,0,1,0,0,,,242,top structural and demand signals within provisional tier
/Game/Genesis2/Missions/Hunt/TorporMissions/MissionType_Hunt_Torpor_MilkGlider.MissionType_Hunt_Torpor_MilkGlider,MissionType_Hunt_Torpor_MilkGlider,/Script/Engine.Blueprint,/Game/Genesis2/Missions/Hunt/MissionType_Trapping.MissionType_Trapping_C,UNKNOWN,3,"[""has_descendants"",""referenced_by_assets"",""entity_or_domain_candidate""]",3,5,0,1,0,0,,,243,top structural and demand signals within provisional tier
/Game/Genesis2/Missions/ModularMission/FinalBattleAlt/MissionModule_FinalBattleAlt.MissionModule_FinalBattleAlt,MissionModule_FinalBattleAlt,/Script/Engine.Blueprint,/Game/Genesis2/Missions/ModularMission/MissionModule_Base.MissionModule_Base_C,UNKNOWN,3,"[""has_descendants"",""referenced_by_assets"",""entity_or_domain_candidate""]",3,5,0,1,0,0,,,244,top structural and demand signals within provisional tier
/Game/Genesis2/Missions/ModularMission/FinalBattleAlt/MissionModule_zSubmodule_SpawnCreatures_FinalBattle.MissionModule_zSubmodule_SpawnCreatures_FinalBattle,MissionModule_zSubmodule_SpawnCreatures_FinalBattle,/Script/Engine.Blueprint,/Game/Genesis2/Missions/ModularMission/MissionModule_zSubmodule_SpawnCreatures_Base.MissionModule_zSubmodule_SpawnCreatures_Base_C,UNKNOWN,3,"[""has_descendants"",""referenced_by_assets"",""entity_or_domain_candidate""]",3,5,0,1,0,0,,,245,top structural and demand signals within provisional tier
/Game/Genesis2/Missions/ModularMission/Gauntlet2/STA/Endless/Gauntlet2_MissionType_STA_Endless.Gauntlet2_MissionType_STA_Endless,Gauntlet2_MissionType_STA_Endless,/Script/Engine.Blueprint,/Game/Genesis2/Missions/ModularMission/Gauntlet2/STA/Gauntlet2_MissionType_STA.Gauntlet2_MissionType_STA_C,/Script/ShooterGame.MissionType_ModularMissionBase,3,"[""has_descendants"",""referenced_by_assets"",""entity_or_domain_candidate""]",3,5,0,1,0,0,,,246,top structural and demand signals within provisional tier
/Game/Genesis2/Missions/ModularMission/Mashup/ExperimentG/MissionMetaData_ExpG.MissionMetaData_ExpG,MissionMetaData_ExpG,/Script/Engine.Blueprint,/Game/Genesis2/Missions/MissionMetaType_Base.MissionMetaType_Base_C,/Script/ShooterGame.MissionType,3,"[""has_descendants"",""referenced_by_assets"",""entity_or_domain_candidate""]",3,5,0,1,0,0,,,247,top structural and demand signals within provisional tier
/Game/Genesis2/Missions/ModularMission/Shmup/MissionMetaData_WhaleRescue.MissionMetaData_WhaleRescue,MissionMetaData_WhaleRescue,/Script/Engine.Blueprint,/Game/Genesis2/Missions/MissionMetaType_Base.MissionMetaType_Base_C,/Script/ShooterGame.MissionType,3,"[""has_descendants"",""referenced_by_assets"",""entity_or_domain_candidate""]",3,5,0,1,0,0,,,248,top structural and demand signals within provisional tier
/Game/Genesis2/Missions/Race2/HoverSail/MissionType_Race2_HoverSail.MissionType_Race2_HoverSail,MissionType_Race2_HoverSail,/Script/Engine.Blueprint,/Game/Genesis2/Missions/Race2/MissionType_Race2.MissionType_Race2_C,UNKNOWN,3,"[""has_descendants"",""referenced_by_assets"",""entity_or_domain_candidate""]",3,5,0,1,0,0,,,249,top structural and demand signals within provisional tier
/Game/LostColony/Missions/Overworld/Outpost/Attack/MissionTypes/Tame/Medium/MissionType_LC_Outpost_Attack_Tame_Medium.MissionType_LC_Outpost_Attack_Tame_Medium,MissionType_LC_Outpost_Attack_Tame_Medium,/Script/Engine.Blueprint,/Game/LostColony/Missions/Overworld/Outpost/Attack/MissionTypes/Tame/Base/MissionType_LC_Outpost_Attack_Tame_Base.MissionType_LC_Outpost_Attack_Tame_Base_C,/Script/ShooterGame.MissionType_ModularMissionBase,3,"[""has_descendants"",""referenced_by_assets"",""entity_or_domain_candidate""]",3,5,0,1,0,0,,,250,top structural and demand signals within provisional tier
/Game/LostColony/Missions/Overworld/Outpost/Structures/Loot/StructureBP_Mission_Outpost_LootStructure_Attack_Ranged.StructureBP_Mission_Outpost_LootStructure_Attack_Ranged,StructureBP_Mission_Outpost_LootStructure_Attack_Ranged,/Script/Engine.Blueprint,/Game/LostColony/Missions/Overworld/Outpost/Structures/Loot/StructureBP_Mission_Outpost_LootStructure_Attack.StructureBP_Mission_Outpost_LootStructure_Attack_C,/Script/ShooterGame.PrimalStructureItemContainer_HordeCrate,3,"[""has_descendants"",""referenced_by_assets"",""entity_or_domain_candidate""]",3,5,0,1,0,0,,,251,top structural and demand signals within provisional tier
/Game/LostColony/Missions/Overworld/Outpost/Structures/Loot/StructureBP_Mission_Outpost_LootStructure_Defend.StructureBP_Mission_Outpost_LootStructure_Defend,StructureBP_Mission_Outpost_LootStructure_Defend,/Script/Engine.Blueprint,/Game/LostColony/Missions/Overworld/Outpost/Structures/Loot/StructureBP_Mission_Outpost_LootStructure_Base.StructureBP_Mission_Outpost_LootStructure_Base_C,/Script/ShooterGame.PrimalStructureItemContainer_HordeCrate,3,"[""has_descendants"",""referenced_by_assets"",""entity_or_domain_candidate""]",3,5,0,1,0,0,,,252,top structural and demand signals within provisional tier
/Game/Packs/Wasteland/Vehicles/Car/Cab/BaseClass/Buff_VehicleCab_Base.Buff_VehicleCab_Base,Buff_VehicleCab_Base,/Script/Engine.Blueprint,/Game/Packs/Wasteland/Vehicles/Car/BaseClasses/Buff_VehicleAttachment_Base.Buff_VehicleAttachment_Base_C,/Script/ShooterGame.PrimalBuff,3,"[""has_descendants"",""referenced_by_assets"",""entity_or_domain_candidate""]",3,5,0,1,0,0,,,253,top structural and demand signals within provisional tier
/Game/Packs/Wasteland/Vehicles/Car/EngineCompartment/BaseClass/Buff_VehicleEngine_Base.Buff_VehicleEngine_Base,Buff_VehicleEngine_Base,/Script/Engine.Blueprint,/Game/Packs/Wasteland/Vehicles/Car/BaseClasses/Buff_VehicleAttachment_Base.Buff_VehicleAttachment_Base_C,/Script/ShooterGame.PrimalBuff,3,"[""has_descendants"",""referenced_by_assets"",""entity_or_domain_candidate""]",3,5,0,1,0,0,,,254,top structural and demand signals within provisional tier
/Game/Packs/Wasteland/Vehicles/Car/Gameplay/Buff_VehiclePassenger_Base.Buff_VehiclePassenger_Base,Buff_VehiclePassenger_Base,/Script/Engine.Blueprint,/Script/ShooterGame.PrimalBuff,/Script/ShooterGame.PrimalBuff,3,"[""has_descendants"",""referenced_by_assets"",""entity_or_domain_candidate""]",3,5,0,1,0,0,,,255,top structural and demand signals within provisional tier
/Game/ASA/Dinos/IceWyvern/Boss/DinoCharacterStatusComponent_BP_RagWyvBoss.DinoCharacterStatusComponent_BP_RagWyvBoss,DinoCharacterStatusComponent_BP_RagWyvBoss,/Script/Engine.Blueprint,/Game/ScorchedEarth/Dinos/Wyvern/DinoCharacterStatusComponent_BP_Wyvern.DinoCharacterStatusComponent_BP_Wyvern_C,/Script/ShooterGame.PrimalDinoStatusComponent,3,"[""has_descendants"",""referenced_by_assets"",""entity_or_domain_candidate""]",3,4,0,1,0,0,,,256,top structural and demand signals within provisional tier
/Game/ASA/Dinos/SpiritBear/Buff_SBear_Corpseblossom_Base.Buff_SBear_Corpseblossom_Base,Buff_SBear_Corpseblossom_Base,/Script/Engine.Blueprint,/Game/PrimalEarth/CoreBlueprints/Buffs/Buff_Base_AoE.Buff_Base_AoE_C,/Script/ShooterGame.PrimalBuff,3,"[""has_descendants"",""referenced_by_assets"",""entity_or_domain_candidate""]",3,4,0,1,0,0,,,257,top structural and demand signals within provisional tier
/Game/ASA/Dinos/SpiritBear/Buff_SBear_Spirit_Bloom_Base.Buff_SBear_Spirit_Bloom_Base,Buff_SBear_Spirit_Bloom_Base,/Script/Engine.Blueprint,/Game/PrimalEarth/CoreBlueprints/Buffs/Buff_Base_AoE.Buff_Base_AoE_C,/Script/ShooterGame.PrimalBuff,3,"[""has_descendants"",""referenced_by_assets"",""entity_or_domain_candidate""]",3,4,0,1,0,0,,,258,top structural and demand signals within provisional tier
/Game/EndGame/Dinos/Endboss/DinoCharacterStatusComponent_BP_EndBoss.DinoCharacterStatusComponent_BP_EndBoss,DinoCharacterStatusComponent_BP_EndBoss,/Script/Engine.Blueprint,/Game/PrimalEarth/CoreBlueprints/DinoCharacterStatusComponent_BP.DinoCharacterStatusComponent_BP_C,UNKNOWN,3,"[""has_descendants"",""referenced_by_assets"",""entity_or_domain_candidate""]",3,4,0,1,0,0,,,259,top structural and demand signals within provisional tier
/Game/EndGame/Dinos/Endboss/DinoCharacterStatusComponent_BP_EndBoss_Dragon.DinoCharacterStatusComponent_BP_EndBoss_Dragon,DinoCharacterStatusComponent_BP_EndBoss_Dragon,/Script/Engine.Blueprint,/Game/PrimalEarth/CoreBlueprints/DinoCharacterStatusComponent_BP_DragonBoss.DinoCharacterStatusComponent_BP_DragonBoss_C,UNKNOWN,3,"[""has_descendants"",""referenced_by_assets"",""entity_or_domain_candidate""]",3,4,0,1,0,0,,,260,top structural and demand signals within provisional tier
/Game/EndGame/Dinos/Endboss/DinoCharacterStatusComponent_BP_EndBoss_Gorilla.DinoCharacterStatusComponent_BP_EndBoss_Gorilla,DinoCharacterStatusComponent_BP_EndBoss_Gorilla,/Script/Engine.Blueprint,/Game/PrimalEarth/Dinos/Gorilla/DinoCharacterStatusComponent_BP_Gorilla.DinoCharacterStatusComponent_BP_Gorilla_C,UNKNOWN,3,"[""has_descendants"",""referenced_by_assets"",""entity_or_domain_candidate""]",3,4,0,1,0,0,,,261,top structural and demand signals within provisional tier
/Game/EndGame/Dinos/Endboss/DinoCharacterStatusComponent_BP_EndBoss_SpiderBoss.DinoCharacterStatusComponent_BP_EndBoss_SpiderBoss,DinoCharacterStatusComponent_BP_EndBoss_SpiderBoss,/Script/Engine.Blueprint,/Game/PrimalEarth/CoreBlueprints/DinoCharacterStatusComponent_BP_SpiderBoss.DinoCharacterStatusComponent_BP_SpiderBoss_C,UNKNOWN,3,"[""has_descendants"",""referenced_by_assets"",""entity_or_domain_candidate""]",3,4,0,1,0,0,,,262,top structural and demand signals within provisional tier
/Game/Extinction/Dinos/Mek/Buff_MekBackpack_Base.Buff_MekBackpack_Base,Buff_MekBackpack_Base,/Script/Engine.Blueprint,/Script/ShooterGame.PrimalBuff,/Script/ShooterGame.PrimalBuff,3,"[""has_descendants"",""referenced_by_assets"",""entity_or_domain_candidate""]",3,4,0,1,0,0,,,263,top structural and demand signals within provisional tier
/Game/Genesis/Missions/Gather/MissionType_Gather_Path.MissionType_Gather_Path,MissionType_Gather_Path,/Script/Engine.Blueprint,/Script/ShooterGame.MissionType,/Script/ShooterGame.MissionType,3,"[""has_descendants"",""referenced_by_assets"",""entity_or_domain_candidate""]",3,4,0,1,0,0,,,264,top structural and demand signals within provisional tier
/Game/Genesis/Missions/Hunt/Arctic/MissionType_Hunt_Yeti.MissionType_Hunt_Yeti,MissionType_Hunt_Yeti,/Script/Engine.Blueprint,/Game/Genesis/Missions/Hunt/MissionType_Hunt.MissionType_Hunt_C,UNKNOWN,3,"[""has_descendants"",""referenced_by_assets"",""entity_or_domain_candidate""]",3,4,0,1,0,0,,,265,top structural and demand signals within provisional tier
/Game/Genesis/Missions/Hunt/Lunar/MissionType_Hunt_BionicQuetz.MissionType_Hunt_BionicQuetz,MissionType_Hunt_BionicQuetz,/Script/Engine.Blueprint,/Game/Genesis/Missions/Hunt/MissionType_Hunt.MissionType_Hunt_C,UNKNOWN,3,"[""has_descendants"",""referenced_by_assets"",""entity_or_domain_candidate""]",3,4,0,1,0,0,,,266,top structural and demand signals within provisional tier
/Game/Genesis/Missions/Hunt/Ocean/MissionType_Hunt_Megalodon.MissionType_Hunt_Megalodon,MissionType_Hunt_Megalodon,/Script/Engine.Blueprint,/Game/Genesis/Missions/Hunt/MissionType_Hunt.MissionType_Hunt_C,UNKNOWN,3,"[""has_descendants"",""referenced_by_assets"",""entity_or_domain_candidate""]",3,4,0,1,0,0,,,267,top structural and demand signals within provisional tier
/Game/Genesis/Missions/Hunt/Volcanic/MissionType_Hunt_AlphaCarno.MissionType_Hunt_AlphaCarno,MissionType_Hunt_AlphaCarno,/Script/Engine.Blueprint,/Game/Genesis/Missions/Hunt/MissionType_Hunt.MissionType_Hunt_C,UNKNOWN,3,"[""has_descendants"",""referenced_by_assets"",""entity_or_domain_candidate""]",3,4,0,1,0,0,,,268,top structural and demand signals within provisional tier
/Game/Genesis/Missions/Hunt/Volcanic/MissionType_Hunt_AlphaRaptor.MissionType_Hunt_AlphaRaptor,MissionType_Hunt_AlphaRaptor,/Script/Engine.Blueprint,/Game/Genesis/Missions/Hunt/MissionType_Hunt.MissionType_Hunt_C,UNKNOWN,3,"[""has_descendants"",""referenced_by_assets"",""entity_or_domain_candidate""]",3,4,0,1,0,0,,,269,top structural and demand signals within provisional tier
/Game/Genesis/Missions/Hunt/Volcanic/MissionType_Hunt_AlphaRex.MissionType_Hunt_AlphaRex,MissionType_Hunt_AlphaRex,/Script/Engine.Blueprint,/Game/Genesis/Missions/Hunt/MissionType_Hunt.MissionType_Hunt_C,UNKNOWN,3,"[""has_descendants"",""referenced_by_assets"",""entity_or_domain_candidate""]",3,4,0,1,0,0,,,270,top structural and demand signals within provisional tier
/Game/Genesis/Missions/Ocean/Outpost/Structures/StructureBP_Mission_Outpost_Destroyed_Base.StructureBP_Mission_Outpost_Destroyed_Base,StructureBP_Mission_Outpost_Destroyed_Base,/Script/Engine.Blueprint,/Game/LostColony/Missions/Overworld/Outpost/Structures/StructureBP_Mission_Outpost_Base.StructureBP_Mission_Outpost_Base_C,/Script/ShooterGame.PrimalStructure,3,"[""has_descendants"",""referenced_by_assets"",""entity_or_domain_candidate""]",3,4,0,1,0,0,,,271,top structural and demand signals within provisional tier
/Game/Genesis/Missions/Sports/DodoBall/MissionType_Sport_BasketBall_ShotClock.MissionType_Sport_BasketBall_ShotClock,MissionType_Sport_BasketBall_ShotClock,/Script/Engine.Blueprint,/Game/Genesis/Missions/Sports/DodoBall/MissionType_Sport_BasketBall.MissionType_Sport_BasketBall_C,/Script/ShooterGame.MissionType,3,"[""has_descendants"",""referenced_by_assets"",""entity_or_domain_candidate""]",3,4,0,1,0,0,,,272,top structural and demand signals within provisional tier
/Game/Genesis2/Missions/Hunt/HuntMissions/MissionType_Hunt_LionFishLion.MissionType_Hunt_LionFishLion,MissionType_Hunt_LionFishLion,/Script/Engine.Blueprint,/Game/Genesis2/Missions/Hunt/MissionType_Hunt_RandomGenerated.MissionType_Hunt_RandomGenerated_C,UNKNOWN,3,"[""has_descendants"",""referenced_by_assets"",""entity_or_domain_candidate""]",3,4,0,1,0,0,,,273,top structural and demand signals within provisional tier
/Game/Genesis2/Missions/Hunt/HuntMissions/MissionType_Hunt_Shapeshifter.MissionType_Hunt_Shapeshifter,MissionType_Hunt_Shapeshifter,/Script/Engine.Blueprint,/Game/Genesis2/Missions/Hunt/MissionType_Hunt_RandomGenerated.MissionType_Hunt_RandomGenerated_C,UNKNOWN,3,"[""has_descendants"",""referenced_by_assets"",""entity_or_domain_candidate""]",3,4,0,1,0,0,,,274,top structural and demand signals within provisional tier
/Game/Genesis2/Missions/Hunt/HuntMissions/MissionType_Hunt_Spindles.MissionType_Hunt_Spindles,MissionType_Hunt_Spindles,/Script/Engine.Blueprint,/Game/Genesis2/Missions/Hunt/MissionType_Hunt_RandomGenerated.MissionType_Hunt_RandomGenerated_C,UNKNOWN,3,"[""has_descendants"",""referenced_by_assets"",""entity_or_domain_candidate""]",3,4,0,1,0,0,,,275,top structural and demand signals within provisional tier
/Game/Genesis2/Missions/Hunt/TorporMissions/MissionType_Hunt_Torpor_LanternPet.MissionType_Hunt_Torpor_LanternPet,MissionType_Hunt_Torpor_LanternPet,/Script/Engine.Blueprint,/Game/Genesis2/Missions/Hunt/MissionType_Trapping.MissionType_Trapping_C,UNKNOWN,3,"[""has_descendants"",""referenced_by_assets"",""entity_or_domain_candidate""]",3,4,0,1,0,0,,,276,top structural and demand signals within provisional tier
/Game/Genesis2/Missions/Hunt/TorporMissions/MissionType_Hunt_Torpor_Paracer.MissionType_Hunt_Torpor_Paracer,MissionType_Hunt_Torpor_Paracer,/Script/Engine.Blueprint,/Game/Genesis2/Missions/Hunt/MissionType_Trapping.MissionType_Trapping_C,UNKNOWN,3,"[""has_descendants"",""referenced_by_assets"",""entity_or_domain_candidate""]",3,4,0,1,0,0,,,277,top structural and demand signals within provisional tier
/Game/Genesis2/Missions/ModularMission/FinalBattleAlt/MissionMetaType_FinalBattle.MissionMetaType_FinalBattle,MissionMetaType_FinalBattle,/Script/Engine.Blueprint,/Game/Genesis2/Missions/MissionMetaType_Base.MissionMetaType_Base_C,/Script/ShooterGame.MissionType,3,"[""has_descendants"",""referenced_by_assets"",""entity_or_domain_candidate""]",3,4,0,1,0,0,,,278,top structural and demand signals within provisional tier
/Game/Genesis2/Missions/ModularMission/Gauntlet2/STA/MissionMetaData_STAGauntlet.MissionMetaData_STAGauntlet,MissionMetaData_STAGauntlet,/Script/Engine.Blueprint,/Game/Genesis2/Missions/MissionMetaType_Base.MissionMetaType_Base_C,/Script/ShooterGame.MissionType,3,"[""has_descendants"",""referenced_by_assets"",""entity_or_domain_candidate""]",3,4,0,1,0,0,,,279,top structural and demand signals within provisional tier
/Game/Genesis2/Missions/ModularMission/Gauntlet2/Simulation/MissionModule_zSubmodule_FireProjectiles_Simulation.MissionModule_zSubmodule_FireProjectiles_Simulation,MissionModule_zSubmodule_FireProjectiles_Simulation,/Script/Engine.Blueprint,/Game/Genesis2/Missions/ModularMission/MissionModule_zSubmodule_FireProjectiles_Base.MissionModule_zSubmodule_FireProjectiles_Base_C,/Script/ShooterGame.NewMissionModuleBase,3,"[""has_descendants"",""referenced_by_assets"",""entity_or_domain_candidate""]",3,4,0,1,0,0,,,280,top structural and demand signals within provisional tier
/Game/Genesis2/Missions/ModularMission/LifeSupport/MissionMetaData_LifeSupport.MissionMetaData_LifeSupport,MissionMetaData_LifeSupport,/Script/Engine.Blueprint,/Game/Genesis2/Missions/MissionMetaType_Base.MissionMetaType_Base_C,/Script/ShooterGame.MissionType,3,"[""has_descendants"",""referenced_by_assets"",""entity_or_domain_candidate""]",3,4,0,1,0,0,,,281,top structural and demand signals within provisional tier
/Game/Genesis2/Missions/ModularMission/LifeSupport/MissionModule_Regroup_LifeSupport.MissionModule_Regroup_LifeSupport,MissionModule_Regroup_LifeSupport,/Script/Engine.Blueprint,/Game/Genesis2/Missions/ModularMission/MissionModule_Regroup.MissionModule_Regroup_C,UNKNOWN,3,"[""has_descendants"",""referenced_by_assets"",""entity_or_domain_candidate""]",3,4,0,1,0,0,,,282,top structural and demand signals within provisional tier
/Game/Genesis2/Missions/ModularMission/Maze/CorruptedZone/MissionMetaData_Maze.MissionMetaData_Maze,MissionMetaData_Maze,/Script/Engine.Blueprint,/Game/Genesis2/Missions/MissionMetaType_Base.MissionMetaType_Base_C,/Script/ShooterGame.MissionType,3,"[""has_descendants"",""referenced_by_assets"",""entity_or_domain_candidate""]",3,4,0,1,0,0,,,283,top structural and demand signals within provisional tier
/Game/Genesis2/Missions/ModularMission/Maze/CorruptedZone/MissionType_Maze_CorruptedZone.MissionType_Maze_CorruptedZone,MissionType_Maze_CorruptedZone,/Script/Engine.Blueprint,/Game/Genesis2/Missions/ModularMission/Maze/MissionType_Maze_Base.MissionType_Maze_Base_C,UNKNOWN,3,"[""has_descendants"",""referenced_by_assets"",""entity_or_domain_candidate""]",3,4,0,1,0,0,,,284,top structural and demand signals within provisional tier
/Game/Genesis2/Missions/ModularMission/MissionModule_zSubmodule_CameraShake_Base.MissionModule_zSubmodule_CameraShake_Base,MissionModule_zSubmodule_CameraShake_Base,/Script/Engine.Blueprint,/Game/Genesis2/Missions/ModularMission/MissionModule_Base.MissionModule_Base_C,UNKNOWN,3,"[""has_descendants"",""referenced_by_assets"",""entity_or_domain_candidate""]",3,4,0,1,0,0,,,285,top structural and demand signals within provisional tier
/Game/Genesis2/Missions/ModularMission/Structures/MissionModule_zSubmodule_SpawnStructures_JumpPad.MissionModule_zSubmodule_SpawnStructures_JumpPad,MissionModule_zSubmodule_SpawnStructures_JumpPad,/Script/Engine.Blueprint,/Game/Genesis2/Missions/ModularMission/MissionModule_zSubmodule_SpawnStructures_Base.MissionModule_zSubmodule_SpawnStructures_Base_C,UNKNOWN,3,"[""has_descendants"",""referenced_by_assets"",""entity_or_domain_candidate""]",3,4,0,1,0,0,,,286,top structural and demand signals within provisional tier
/Game/Genesis2/Missions/Race2/Canoe/MissionMetaType_Race_Canoe.MissionMetaType_Race_Canoe,MissionMetaType_Race_Canoe,/Script/Engine.Blueprint,/Game/Genesis2/Missions/Race2/MissionMetaType_Race.MissionMetaType_Race_C,/Script/ShooterGame.MissionType,3,"[""has_descendants"",""referenced_by_assets"",""entity_or_domain_candidate""]",3,4,0,1,0,0,,,287,top structural and demand signals within provisional tier
/Game/Genesis2/Missions/Race2/Canoe/MissionMetaType_Race_CanoeTeam.MissionMetaType_Race_CanoeTeam,MissionMetaType_Race_CanoeTeam,/Script/Engine.Blueprint,/Game/Genesis2/Missions/Race2/MissionMetaType_Race.MissionMetaType_Race_C,/Script/ShooterGame.MissionType,3,"[""has_descendants"",""referenced_by_assets"",""entity_or_domain_candidate""]",3,4,0,1,0,0,,,288,top structural and demand signals within provisional tier
/Game/Genesis2/Missions/Race2/Canoe/MissionType_Race2_Canoe.MissionType_Race2_Canoe,MissionType_Race2_Canoe,/Script/Engine.Blueprint,/Game/Genesis2/Missions/Race2/MissionType_Race2.MissionType_Race2_C,UNKNOWN,3,"[""has_descendants"",""referenced_by_assets"",""entity_or_domain_candidate""]",3,4,0,1,0,0,,,289,top structural and demand signals within provisional tier
/Game/Genesis2/Missions/Race2/Canoe/MissionType_Race2_Canoe_Team.MissionType_Race2_Canoe_Team,MissionType_Race2_Canoe_Team,/Script/Engine.Blueprint,/Game/Genesis2/Missions/Race2/MissionType_Race2.MissionType_Race2_C,UNKNOWN,3,"[""has_descendants"",""referenced_by_assets"",""entity_or_domain_candidate""]",3,4,0,1,0,0,,,290,top structural and demand signals within provisional tier
/Game/Genesis2/Missions/Race2/Enforcer/MissionMetaType_Race_Enforcer.MissionMetaType_Race_Enforcer,MissionMetaType_Race_Enforcer,/Script/Engine.Blueprint,/Game/Genesis2/Missions/Race2/MissionMetaType_Race.MissionMetaType_Race_C,/Script/ShooterGame.MissionType,3,"[""has_descendants"",""referenced_by_assets"",""entity_or_domain_candidate""]",3,4,0,1,0,0,,,291,top structural and demand signals within provisional tier
/Game/Genesis2/Missions/Race2/Enforcer/MissionType_Race2_Enforcer.MissionType_Race2_Enforcer,MissionType_Race2_Enforcer,/Script/Engine.Blueprint,/Game/Genesis2/Missions/Race2/MissionType_Race2.MissionType_Race2_C,UNKNOWN,3,"[""has_descendants"",""referenced_by_assets"",""entity_or_domain_candidate""]",3,4,0,1,0,0,,,292,top structural and demand signals within provisional tier
/Game/Genesis2/Missions/Race2/HoverSail/MissionMetaType_Race_HoverSail.MissionMetaType_Race_HoverSail,MissionMetaType_Race_HoverSail,/Script/Engine.Blueprint,/Game/Genesis2/Missions/Race2/MissionMetaType_Race.MissionMetaType_Race_C,/Script/ShooterGame.MissionType,3,"[""has_descendants"",""referenced_by_assets"",""entity_or_domain_candidate""]",3,4,0,1,0,0,,,293,top structural and demand signals within provisional tier
/Game/Genesis2/Missions/Race2/MilkGlider/MissionMetaType_Race_MilkGlider.MissionMetaType_Race_MilkGlider,MissionMetaType_Race_MilkGlider,/Script/Engine.Blueprint,/Game/Genesis2/Missions/Race2/MissionMetaType_Race.MissionMetaType_Race_C,/Script/ShooterGame.MissionType,3,"[""has_descendants"",""referenced_by_assets"",""entity_or_domain_candidate""]",3,4,0,1,0,0,,,294,top structural and demand signals within provisional tier
/Game/Genesis2/Missions/Race2/SpaceDolphin/MissionMetaType_Race_SpaceDolphin.MissionMetaType_Race_SpaceDolphin,MissionMetaType_Race_SpaceDolphin,/Script/Engine.Blueprint,/Game/Genesis2/Missions/Race2/MissionMetaType_Race.MissionMetaType_Race_C,/Script/ShooterGame.MissionType,3,"[""has_descendants"",""referenced_by_assets"",""entity_or_domain_candidate""]",3,4,0,1,0,0,,,295,top structural and demand signals within provisional tier
/Game/Genesis2/Missions/Race2/SpaceDolphin/MissionType_Race2_SpaceDolphin.MissionType_Race2_SpaceDolphin,MissionType_Race2_SpaceDolphin,/Script/Engine.Blueprint,/Game/Genesis2/Missions/Race2/MissionType_Race2.MissionType_Race2_C,UNKNOWN,3,"[""has_descendants"",""referenced_by_assets"",""entity_or_domain_candidate""]",3,4,0,1,0,0,,,296,top structural and demand signals within provisional tier
/Game/LostColony/Dinos/DevilFox/Buffs/Buff_DevilFox_Sanguine_Base.Buff_DevilFox_Sanguine_Base,Buff_DevilFox_Sanguine_Base,/Script/Engine.Blueprint,/Game/PrimalEarth/CoreBlueprints/Buffs/Buff_Base.Buff_Base_C,/Script/ShooterGame.PrimalBuff,3,"[""has_descendants"",""referenced_by_assets"",""entity_or_domain_candidate""]",3,4,0,1,0,0,,,297,top structural and demand signals within provisional tier
/Game/LostColony/Dinos/YoungIceFox/Buffs/Buff_YoungIceFox_MoralSupportAOE_Base.Buff_YoungIceFox_MoralSupportAOE_Base,Buff_YoungIceFox_MoralSupportAOE_Base,/Script/Engine.Blueprint,/Game/PrimalEarth/CoreBlueprints/Buffs/Buff_Base.Buff_Base_C,/Script/ShooterGame.PrimalBuff,3,"[""has_descendants"",""referenced_by_assets"",""entity_or_domain_candidate""]",3,4,0,1,0,0,,,298,top structural and demand signals within provisional tier
/Game/LostColony/Missions/Bossfight/Loot/DinoDropInventoryComponent_BossLostQueen.DinoDropInventoryComponent_BossLostQueen,DinoDropInventoryComponent_BossLostQueen,/Script/Engine.Blueprint,/Game/PrimalEarth/CoreBlueprints/Inventories/DinoDropInventoryComponent_Carnivore_Small.DinoDropInventoryComponent_Carnivore_Small_C,/Script/ShooterGame.PrimalInventoryComponent,3,"[""has_descendants"",""referenced_by_assets"",""entity_or_domain_candidate""]",3,4,0,1,0,0,,,299,top structural and demand signals within provisional tier
/Game/LostColony/Missions/Bossfight/MissionType_ModularMission_LC_Bossfight.MissionType_ModularMission_LC_Bossfight,MissionType_ModularMission_LC_Bossfight,/Script/Engine.Blueprint,/Game/Genesis2/Missions/ModularMission/MissionType_ModularMission_Base.MissionType_ModularMission_Base_C,/Script/ShooterGame.MissionType_ModularMissionBase,3,"[""has_descendants"",""referenced_by_assets"",""entity_or_domain_candidate""]",3,4,0,1,0,0,,,300,top structural and demand signals within provisional tier
