object_path,asset_name,asset_class_path,generated_class_path,parent_class_path,native_parent_class_path,blueprint_kind,identity_status,identity_confidence,capture_exists,evidence_freshness,descendant_count,referencer_count,component_reuse_count,cross_domain_reference_count,registry_usage_count,native_call_count,unresolved_native_call_count,query_hit_count,existing_report_count,provisional_tier,provisional_reasons_json
/Game/PrimalEarth/CoreBlueprints/Items/PrimalItem_Base.PrimalItem_Base,PrimalItem_Base,/Script/Engine.Blueprint,/Game/PrimalEarth/CoreBlueprints/Items/PrimalItem_Base.PrimalItem_Base_C,/Script/ShooterGame.PrimalItem,/Script/ShooterGame.PrimalItem,BPTYPE_Normal,EXTRACTED,HIGH,0,NOT_AVAILABLE,3329,70,0,10,0,0,0,,,1,"[""has_descendants"",""referenced_by_assets"",""cross_domain_references""]"
/Game/PrimalEarth/CoreBlueprints/Dino_Character_BP.Dino_Character_BP,Dino_Character_BP,/Script/Engine.Blueprint,/Game/PrimalEarth/CoreBlueprints/Dino_Character_BP.Dino_Character_BP_C,/Script/ShooterGame.PrimalDinoCharacter,/Script/ShooterGame.PrimalDinoCharacter,BPTYPE_Normal,EXTRACTED,HIGH,0,NOT_AVAILABLE,1476,1074,0,26,0,0,0,,,1,"[""has_descendants"",""referenced_by_assets"",""cross_domain_references""]"
/Game/Genesis2/Missions/ModularMission/MissionModule_Base.MissionModule_Base,MissionModule_Base,/Script/Engine.Blueprint,/Game/Genesis2/Missions/ModularMission/MissionModule_Base.MissionModule_Base_C,/Script/ShooterGame.NewMissionModuleBase,/Script/ShooterGame.NewMissionModuleBase,BPTYPE_Normal,EXTRACTED,HIGH,0,NOT_AVAILABLE,1215,103,0,4,0,0,0,,,1,"[""has_descendants"",""referenced_by_assets"",""cross_domain_references""]"
/Game/PrimalEarth/CoreBlueprints/Items/Consumables/BaseBPs/PrimalItemConsumableGeneric.PrimalItemConsumableGeneric,PrimalItemConsumableGeneric,/Script/Engine.Blueprint,/Game/PrimalEarth/CoreBlueprints/Items/Consumables/BaseBPs/PrimalItemConsumableGeneric.PrimalItemConsumableGeneric_C,/Game/PrimalEarth/CoreBlueprints/Items/PrimalItem_Base.PrimalItem_Base_C,/Script/ShooterGame.PrimalItem,BPTYPE_Normal,EXTRACTED,HIGH,0,NOT_AVAILABLE,1081,21,0,7,0,0,0,,,1,"[""has_descendants"",""referenced_by_assets"",""cross_domain_references""]"
/Game/PrimalEarth/Structures/BuildingBases/StructureBaseBP.StructureBaseBP,StructureBaseBP,/Script/Engine.Blueprint,/Game/PrimalEarth/Structures/BuildingBases/StructureBaseBP.StructureBaseBP_C,/Script/ShooterGame.PrimalStructure,/Script/ShooterGame.PrimalStructure,BPTYPE_Normal,EXTRACTED,HIGH,0,NOT_AVAILABLE,1058,943,0,17,0,0,0,,,1,"[""has_descendants"",""referenced_by_assets"",""cross_domain_references""]"
/Game/PrimalEarth/CoreBlueprints/Buffs/Buff_Base.Buff_Base,Buff_Base,/Script/Engine.Blueprint,/Game/PrimalEarth/CoreBlueprints/Buffs/Buff_Base.Buff_Base_C,/Script/ShooterGame.PrimalBuff,/Script/ShooterGame.PrimalBuff,BPTYPE_Normal,EXTRACTED,HIGH,1,FRESH,1004,570,0,1,0,0,0,,,1,"[""has_descendants"",""referenced_by_assets""]"
/Game/PrimalEarth/Test/PrimalItemSkinGeneric.PrimalItemSkinGeneric,PrimalItemSkinGeneric,/Script/Engine.Blueprint,/Game/PrimalEarth/Test/PrimalItemSkinGeneric.PrimalItemSkinGeneric_C,/Game/PrimalEarth/CoreBlueprints/Items/PrimalItem_Base.PrimalItem_Base_C,/Script/ShooterGame.PrimalItem,BPTYPE_Normal,EXTRACTED,HIGH,0,NOT_AVAILABLE,661,344,0,10,0,0,0,,,1,"[""has_descendants"",""referenced_by_assets"",""cross_domain_references""]"
/Game/PrimalEarth/CoreBlueprints/DamageTypes/ShooterDamageTypeBP_Base.ShooterDamageTypeBP_Base,ShooterDamageTypeBP_Base,/Script/Engine.Blueprint,/Game/PrimalEarth/CoreBlueprints/DamageTypes/ShooterDamageTypeBP_Base.ShooterDamageTypeBP_Base_C,/Script/ShooterGame.ShooterDamageType,/Script/ShooterGame.ShooterDamageType,BPTYPE_Const,EXTRACTED,HIGH,0,NOT_AVAILABLE,596,67,0,10,0,0,0,,,1,"[""has_descendants"",""referenced_by_assets"",""cross_domain_references""]"
/Game/PrimalEarth/CoreAI/Dino_AIController_BP.Dino_AIController_BP,Dino_AIController_BP,/Script/Engine.Blueprint,/Game/PrimalEarth/CoreAI/Dino_AIController_BP.Dino_AIController_BP_C,/Script/ShooterGame.PrimalDinoAIController,/Script/ShooterGame.PrimalDinoAIController,BPTYPE_Normal,EXTRACTED,HIGH,0,NOT_AVAILABLE,566,312,0,16,0,0,0,,,1,"[""has_descendants"",""referenced_by_assets"",""cross_domain_references""]"
/Game/PrimalEarth/CoreBlueprints/Items/Consumables/BaseBPs/PrimalItemConsumableEatable.PrimalItemConsumableEatable,PrimalItemConsumableEatable,/Script/Engine.Blueprint,/Game/PrimalEarth/CoreBlueprints/Items/Consumables/BaseBPs/PrimalItemConsumableEatable.PrimalItemConsumableEatable_C,/Game/PrimalEarth/CoreBlueprints/Items/Consumables/BaseBPs/PrimalItemConsumableGeneric.PrimalItemConsumableGeneric_C,/Script/ShooterGame.PrimalItem,BPTYPE_Normal,EXTRACTED,HIGH,0,NOT_AVAILABLE,557,75,0,11,0,0,0,,,1,"[""has_descendants"",""referenced_by_assets"",""cross_domain_references""]"
/Game/PrimalEarth/CoreBlueprints/DinoCharacterStatusComponent_BP.DinoCharacterStatusComponent_BP,DinoCharacterStatusComponent_BP,/Script/Engine.Blueprint,/Game/PrimalEarth/CoreBlueprints/DinoCharacterStatusComponent_BP.DinoCharacterStatusComponent_BP_C,/Script/ShooterGame.PrimalDinoStatusComponent,/Script/ShooterGame.PrimalDinoStatusComponent,BPTYPE_Normal,EXTRACTED,HIGH,1,FRESH,503,284,0,1,0,0,0,,,1,"[""has_descendants"",""referenced_by_assets""]"
/Game/Genesis/Missions/MissionTypeBlueprintBase.MissionTypeBlueprintBase,MissionTypeBlueprintBase,/Script/Engine.Blueprint,/Game/Genesis/Missions/MissionTypeBlueprintBase.MissionTypeBlueprintBase_C,/Script/ShooterGame.MissionType,/Script/ShooterGame.MissionType,BPTYPE_Normal,EXTRACTED,HIGH,0,NOT_AVAILABLE,480,25,0,3,0,0,0,,,1,"[""has_descendants"",""referenced_by_assets"",""cross_domain_references""]"
/Game/PrimalEarth/CoreBlueprints/Items/Structures/BuildingBases/PrimalItemStructureGeneric.PrimalItemStructureGeneric,PrimalItemStructureGeneric,/Script/Engine.Blueprint,/Game/PrimalEarth/CoreBlueprints/Items/Structures/BuildingBases/PrimalItemStructureGeneric.PrimalItemStructureGeneric_C,/Game/PrimalEarth/CoreBlueprints/Items/Consumables/BaseBPs/PrimalItemConsumableGeneric.PrimalItemConsumableGeneric_C,/Script/ShooterGame.PrimalItem,BPTYPE_Normal,EXTRACTED,HIGH,0,NOT_AVAILABLE,436,201,0,12,0,0,0,,,1,"[""has_descendants"",""referenced_by_assets"",""cross_domain_references""]"
/Game/PrimalEarth/CoreBlueprints/Items/Armor/Base/PrimalItemArmorGeneric.PrimalItemArmorGeneric,PrimalItemArmorGeneric,/Script/Engine.Blueprint,/Game/PrimalEarth/CoreBlueprints/Items/Armor/Base/PrimalItemArmorGeneric.PrimalItemArmorGeneric_C,/Game/PrimalEarth/CoreBlueprints/Items/PrimalItem_Base.PrimalItem_Base_C,/Script/ShooterGame.PrimalItem,BPTYPE_Normal,EXTRACTED,HIGH,0,NOT_AVAILABLE,395,21,0,5,0,0,0,,,1,"[""has_descendants"",""referenced_by_assets"",""cross_domain_references""]"
/Game/PrimalEarth/CoreBlueprints/Items/Consumables/PrimalItemConsumable_Egg.PrimalItemConsumable_Egg,PrimalItemConsumable_Egg,/Script/Engine.Blueprint,/Game/PrimalEarth/CoreBlueprints/Items/Consumables/PrimalItemConsumable_Egg.PrimalItemConsumable_Egg_C,/Game/PrimalEarth/CoreBlueprints/Items/Consumables/BaseBPs/PrimalItemConsumableEatable.PrimalItemConsumableEatable_C,/Script/ShooterGame.PrimalItem,BPTYPE_Normal,EXTRACTED,HIGH,0,NOT_AVAILABLE,331,24,0,8,0,0,0,,,1,"[""has_descendants"",""referenced_by_assets"",""cross_domain_references""]"
/Game/PrimalEarth/Structures/BuildingBases/StructureItemContainerBaseBP.StructureItemContainerBaseBP,StructureItemContainerBaseBP,/Script/Engine.Blueprint,/Game/PrimalEarth/Structures/BuildingBases/StructureItemContainerBaseBP.StructureItemContainerBaseBP_C,/Script/ShooterGame.PrimalStructureItemContainer,/Script/ShooterGame.PrimalStructureItemContainer,BPTYPE_Normal,EXTRACTED,HIGH,0,NOT_AVAILABLE,307,302,0,22,0,0,0,,,1,"[""has_descendants"",""referenced_by_assets"",""cross_domain_references""]"
/Game/PrimalEarth/CoreBlueprints/DamageTypes/DmgType_Melee.DmgType_Melee,DmgType_Melee,/Script/Engine.Blueprint,/Game/PrimalEarth/CoreBlueprints/DamageTypes/DmgType_Melee.DmgType_Melee_C,/Game/PrimalEarth/CoreBlueprints/DamageTypes/ShooterDamageTypeBP_Base.ShooterDamageTypeBP_Base_C,/Script/ShooterGame.ShooterDamageType,BPTYPE_Const,EXTRACTED,HIGH,0,NOT_AVAILABLE,283,50,0,12,0,0,0,,,1,"[""has_descendants"",""referenced_by_assets"",""cross_domain_references""]"
/Game/Genesis2/Missions/ModularMission/MissionModule_zSubmodule_SpawnCreatures_Base.MissionModule_zSubmodule_SpawnCreatures_Base,MissionModule_zSubmodule_SpawnCreatures_Base,/Script/Engine.Blueprint,/Game/Genesis2/Missions/ModularMission/MissionModule_zSubmodule_SpawnCreatures_Base.MissionModule_zSubmodule_SpawnCreatures_Base_C,/Game/Genesis2/Missions/ModularMission/MissionModule_Base.MissionModule_Base_C,/Script/ShooterGame.NewMissionModuleBase,BPTYPE_Normal,EXTRACTED,HIGH,0,NOT_AVAILABLE,274,68,0,4,0,0,0,,,1,"[""has_descendants"",""referenced_by_assets"",""cross_domain_references""]"
/Game/Genesis2/Missions/ModularMission/MissionModule_zSubmodule_CompanionReaction_Base.MissionModule_zSubmodule_CompanionReaction_Base,MissionModule_zSubmodule_CompanionReaction_Base,/Script/Engine.Blueprint,/Game/Genesis2/Missions/ModularMission/MissionModule_zSubmodule_CompanionReaction_Base.MissionModule_zSubmodule_CompanionReaction_Base_C,/Game/Genesis2/Missions/ModularMission/MissionModule_Base.MissionModule_Base_C,UNKNOWN,BPTYPE_Normal,EXTRACTED,HIGH,0,NOT_AVAILABLE,268,273,0,1,0,0,0,,,1,"[""has_descendants"",""referenced_by_assets""]"
/Game/PrimalEarth/Dinos/BaseBPs/DinoSettings_Base.DinoSettings_Base,DinoSettings_Base,/Script/Engine.Blueprint,/Game/PrimalEarth/Dinos/BaseBPs/DinoSettings_Base.DinoSettings_Base_C,/Script/ShooterGame.PrimalDinoSettings,/Script/ShooterGame.PrimalDinoSettings,BPTYPE_Normal,EXTRACTED,HIGH,0,NOT_AVAILABLE,268,14,0,4,0,0,0,,,1,"[""has_descendants"",""referenced_by_assets"",""cross_domain_references""]"
/Game/PrimalEarth/CoreBlueprints/HarvestComponents/AttackHarvestComponent_Base.AttackHarvestComponent_Base,AttackHarvestComponent_Base,/Script/Engine.Blueprint,/Game/PrimalEarth/CoreBlueprints/HarvestComponents/AttackHarvestComponent_Base.AttackHarvestComponent_Base_C,/Script/ShooterGame.PrimalHarvestingComponent,/Script/ShooterGame.PrimalHarvestingComponent,BPTYPE_Normal,EXTRACTED,HIGH,0,NOT_AVAILABLE,258,46,0,10,0,0,0,,,1,"[""has_descendants"",""referenced_by_assets"",""cross_domain_references""]"
/Game/ScorchedEarth/Environment/LevelInstance/BP_PLA_Base.BP_PLA_Base,BP_PLA_Base,/Script/Engine.Blueprint,/Game/ScorchedEarth/Environment/LevelInstance/BP_PLA_Base.BP_PLA_Base_C,/Script/Engine.PackedLevelActor,/Script/Engine.PackedLevelActor,BPTYPE_Normal,EXTRACTED,HIGH,0,NOT_AVAILABLE,256,258,0,7,0,0,0,,,1,"[""has_descendants"",""referenced_by_assets"",""cross_domain_references""]"
/Game/PrimalEarth/CoreBlueprints/Items/Armor/Base/PrimalItemArmor_SaddleGeneric.PrimalItemArmor_SaddleGeneric,PrimalItemArmor_SaddleGeneric,/Script/Engine.Blueprint,/Game/PrimalEarth/CoreBlueprints/Items/Armor/Base/PrimalItemArmor_SaddleGeneric.PrimalItemArmor_SaddleGeneric_C,/Game/PrimalEarth/CoreBlueprints/Items/Armor/Base/PrimalItemArmorGeneric.PrimalItemArmorGeneric_C,/Script/ShooterGame.PrimalItem,BPTYPE_Normal,EXTRACTED,HIGH,0,NOT_AVAILABLE,233,148,0,14,0,0,0,,,1,"[""has_descendants"",""referenced_by_assets"",""cross_domain_references""]"
/Game/LostColony/Missions/Overworld/Outpost/Structures/StructureBP_Mission_Outpost_Base.StructureBP_Mission_Outpost_Base,StructureBP_Mission_Outpost_Base,/Script/Engine.Blueprint,/Game/LostColony/Missions/Overworld/Outpost/Structures/StructureBP_Mission_Outpost_Base.StructureBP_Mission_Outpost_Base_C,/Game/PrimalEarth/Structures/BuildingBases/StructureBaseBP.StructureBaseBP_C,/Script/ShooterGame.PrimalStructure,BPTYPE_Normal,EXTRACTED,HIGH,0,NOT_AVAILABLE,217,195,0,2,0,0,0,,,1,"[""has_descendants"",""referenced_by_assets"",""cross_domain_references""]"
/Game/PrimalEarth/CoreBlueprints/Inventories/DinoTamedInventoryComponent_BP_Base.DinoTamedInventoryComponent_BP_Base,DinoTamedInventoryComponent_BP_Base,/Script/Engine.Blueprint,/Game/PrimalEarth/CoreBlueprints/Inventories/DinoTamedInventoryComponent_BP_Base.DinoTamedInventoryComponent_BP_Base_C,/Script/ShooterGame.PrimalInventoryComponent,/Script/ShooterGame.PrimalInventoryComponent,BPTYPE_Normal,EXTRACTED,HIGH,0,NOT_AVAILABLE,203,182,0,13,0,0,0,,,1,"[""has_descendants"",""referenced_by_assets"",""cross_domain_references""]"
/Game/PrimalEarth/CoreBlueprints/Weapons/PrimalItemWeaponGeneric.PrimalItemWeaponGeneric,PrimalItemWeaponGeneric,/Script/Engine.Blueprint,/Game/PrimalEarth/CoreBlueprints/Weapons/PrimalItemWeaponGeneric.PrimalItemWeaponGeneric_C,/Game/PrimalEarth/CoreBlueprints/Items/PrimalItem_Base.PrimalItem_Base_C,/Script/ShooterGame.PrimalItem,BPTYPE_Normal,EXTRACTED,HIGH,1,FRESH,200,17,0,5,0,0,0,,,1,"[""has_descendants"",""referenced_by_assets"",""cross_domain_references""]"
/Game/PrimalEarth/CoreBlueprints/DamageTypes/DmgType_Melee_Dino.DmgType_Melee_Dino,DmgType_Melee_Dino,/Script/Engine.Blueprint,/Game/PrimalEarth/CoreBlueprints/DamageTypes/DmgType_Melee_Dino.DmgType_Melee_Dino_C,/Game/PrimalEarth/CoreBlueprints/DamageTypes/DmgType_Melee.DmgType_Melee_C,/Script/ShooterGame.ShooterDamageType,BPTYPE_Const,EXTRACTED,HIGH,0,NOT_AVAILABLE,199,83,0,10,0,0,0,,,1,"[""has_descendants"",""referenced_by_assets"",""cross_domain_references""]"
/Game/PrimalEarth/CoreBlueprints/Resources/PrimalItemResourceGeneric.PrimalItemResourceGeneric,PrimalItemResourceGeneric,/Script/Engine.Blueprint,/Game/PrimalEarth/CoreBlueprints/Resources/PrimalItemResourceGeneric.PrimalItemResourceGeneric_C,/Game/PrimalEarth/CoreBlueprints/Items/PrimalItem_Base.PrimalItem_Base_C,/Script/ShooterGame.PrimalItem,BPTYPE_Normal,EXTRACTED,HIGH,0,NOT_AVAILABLE,174,76,0,11,0,0,0,,,1,"[""has_descendants"",""referenced_by_assets"",""cross_domain_references""]"
/Game/PrimalEarth/Test/PrimalItemCostumeGeneric.PrimalItemCostumeGeneric,PrimalItemCostumeGeneric,/Script/Engine.Blueprint,/Game/PrimalEarth/Test/PrimalItemCostumeGeneric.PrimalItemCostumeGeneric_C,/Game/PrimalEarth/CoreBlueprints/Items/PrimalItem_Base.PrimalItem_Base_C,/Script/ShooterGame.PrimalItem,BPTYPE_Normal,EXTRACTED,HIGH,0,NOT_AVAILABLE,169,38,0,6,0,0,0,,,1,"[""has_descendants"",""referenced_by_assets"",""cross_domain_references""]"
/Game/PrimalEarth/Dinos/BaseBPs/DinoSettings_Carnivore.DinoSettings_Carnivore,DinoSettings_Carnivore,/Script/Engine.Blueprint,/Game/PrimalEarth/Dinos/BaseBPs/DinoSettings_Carnivore.DinoSettings_Carnivore_C,/Game/PrimalEarth/Dinos/BaseBPs/DinoSettings_Base.DinoSettings_Base_C,/Script/ShooterGame.PrimalDinoSettings,BPTYPE_Normal,EXTRACTED,HIGH,1,FRESH,164,13,0,1,0,0,0,,,1,"[""has_descendants"",""referenced_by_assets""]"
/Game/PrimalEarth/Structures/BuildingBases/TilesetBases/StructureBase_Railing.StructureBase_Railing,StructureBase_Railing,/Script/Engine.Blueprint,/Game/PrimalEarth/Structures/BuildingBases/TilesetBases/StructureBase_Railing.StructureBase_Railing_C,/Game/PrimalEarth/Structures/BuildingBases/StructureBaseBP.StructureBaseBP_C,/Script/ShooterGame.PrimalStructure,BPTYPE_Normal,EXTRACTED,HIGH,0,NOT_AVAILABLE,161,140,0,2,0,0,0,,,1,"[""has_descendants"",""referenced_by_assets"",""cross_domain_references""]"
/Game/PrimalEarth/CoreBlueprints/Items/Armor/Skin/ChibiDinos/PrimalItemSkin_ChibiDino_Base.PrimalItemSkin_ChibiDino_Base,PrimalItemSkin_ChibiDino_Base,/Script/Engine.Blueprint,/Game/PrimalEarth/CoreBlueprints/Items/Armor/Skin/ChibiDinos/PrimalItemSkin_ChibiDino_Base.PrimalItemSkin_ChibiDino_Base_C,/Game/PrimalEarth/CoreBlueprints/Items/PrimalItem_Base.PrimalItem_Base_C,/Script/ShooterGame.PrimalItem,BPTYPE_Normal,EXTRACTED,HIGH,0,NOT_AVAILABLE,153,139,0,3,0,0,0,,,1,"[""has_descendants"",""referenced_by_assets"",""cross_domain_references""]"
/Game/PrimalEarth/CoreBlueprints/Items/PrimalItemDyeGeneric.PrimalItemDyeGeneric,PrimalItemDyeGeneric,/Script/Engine.Blueprint,/Game/PrimalEarth/CoreBlueprints/Items/PrimalItemDyeGeneric.PrimalItemDyeGeneric_C,/Script/ShooterGame.PrimalItem_Dye,/Script/ShooterGame.PrimalItem_Dye,BPTYPE_Normal,EXTRACTED,HIGH,0,NOT_AVAILABLE,153,154,0,1,0,0,0,,,1,"[""has_descendants"",""referenced_by_assets""]"
/Game/PrimalEarth/CoreBlueprints/Inventories/DinoDropInventoryComponent_BP_Base.DinoDropInventoryComponent_BP_Base,DinoDropInventoryComponent_BP_Base,/Script/Engine.Blueprint,/Game/PrimalEarth/CoreBlueprints/Inventories/DinoDropInventoryComponent_BP_Base.DinoDropInventoryComponent_BP_Base_C,/Script/ShooterGame.PrimalInventoryComponent,/Script/ShooterGame.PrimalInventoryComponent,BPTYPE_Normal,EXTRACTED,HIGH,0,NOT_AVAILABLE,152,37,0,9,0,0,0,,,1,"[""has_descendants"",""referenced_by_assets"",""cross_domain_references""]"
/Game/Genesis2/Missions/ModularMission/MissionType_ModularMission_Base.MissionType_ModularMission_Base,MissionType_ModularMission_Base,/Script/Engine.Blueprint,/Game/Genesis2/Missions/ModularMission/MissionType_ModularMission_Base.MissionType_ModularMission_Base_C,/Script/ShooterGame.MissionType_ModularMissionBase,/Script/ShooterGame.MissionType_ModularMissionBase,BPTYPE_Normal,EXTRACTED,HIGH,0,NOT_AVAILABLE,151,80,0,4,0,0,0,,,1,"[""has_descendants"",""referenced_by_assets"",""cross_domain_references""]"
/Game/PrimalEarth/CoreBlueprints/DamageTypes/DmgType_Melee_Dino_Carnivore.DmgType_Melee_Dino_Carnivore,DmgType_Melee_Dino_Carnivore,/Script/Engine.Blueprint,/Game/PrimalEarth/CoreBlueprints/DamageTypes/DmgType_Melee_Dino_Carnivore.DmgType_Melee_Dino_Carnivore_C,/Game/PrimalEarth/CoreBlueprints/DamageTypes/DmgType_Melee_Dino.DmgType_Melee_Dino_C,/Script/ShooterGame.ShooterDamageType,BPTYPE_Const,EXTRACTED,HIGH,0,NOT_AVAILABLE,151,87,0,10,0,0,0,,,1,"[""has_descendants"",""referenced_by_assets"",""cross_domain_references""]"
/Game/PrimalEarth/CoreBlueprints/Items/Armor/Skin/ChibiDinos/BoneModifiersContainer.BoneModifiersContainer,BoneModifiersContainer,/Script/Engine.Blueprint,/Game/PrimalEarth/CoreBlueprints/Items/Armor/Skin/ChibiDinos/BoneModifiersContainer.BoneModifiersContainer_C,/Script/CoreUObject.Object,/Script/CoreUObject.Object,BPTYPE_Normal,EXTRACTED,HIGH,0,NOT_AVAILABLE,146,148,0,5,0,0,0,,,1,"[""has_descendants"",""referenced_by_assets"",""cross_domain_references""]"
/KrazyCosmetics/Hats/Blueprints/PrimalItemSkin_KrazyCosmeticHat_Base.PrimalItemSkin_KrazyCosmeticHat_Base,PrimalItemSkin_KrazyCosmeticHat_Base,/Script/Engine.Blueprint,/KrazyCosmetics/Hats/Blueprints/PrimalItemSkin_KrazyCosmeticHat_Base.PrimalItemSkin_KrazyCosmeticHat_Base_C,/Game/PrimalEarth/Test/PrimalItemSkinGeneric.PrimalItemSkinGeneric_C,/Script/ShooterGame.PrimalItem,BPTYPE_Normal,EXTRACTED,HIGH,0,NOT_AVAILABLE,144,144,0,1,0,0,0,,,1,"[""has_descendants"",""referenced_by_assets""]"
/Game/Genesis/CoreBlueprints/LootSets/LootItemSet_Missions.LootItemSet_Missions,LootItemSet_Missions,/Script/Engine.Blueprint,/Game/Genesis/CoreBlueprints/LootSets/LootItemSet_Missions.LootItemSet_Missions_C,/Script/ShooterGame.PrimalSupplyCrateItemSet,UNKNOWN,BPTYPE_Normal,EXTRACTED,HIGH,1,FRESH,140,66,0,2,0,0,0,,,1,"[""has_descendants"",""referenced_by_assets"",""cross_domain_references""]"
/Game/PrimalEarth/CoreBlueprints/Items/Trophies/PrimalItemTrophyGenericParent.PrimalItemTrophyGenericParent,PrimalItemTrophyGenericParent,/Script/Engine.Blueprint,/Game/PrimalEarth/CoreBlueprints/Items/Trophies/PrimalItemTrophyGenericParent.PrimalItemTrophyGenericParent_C,/Game/PrimalEarth/CoreBlueprints/Items/PrimalItem_Base.PrimalItem_Base_C,/Script/ShooterGame.PrimalItem,BPTYPE_Normal,EXTRACTED,HIGH,0,NOT_AVAILABLE,140,3,0,1,0,0,0,,,1,"[""has_descendants"",""referenced_by_assets""]"
/Game/PrimalEarth/CoreBlueprints/Items/Trophies/PrimalItemTrophyGenericWall.PrimalItemTrophyGenericWall,PrimalItemTrophyGenericWall,/Script/Engine.Blueprint,/Game/PrimalEarth/CoreBlueprints/Items/Trophies/PrimalItemTrophyGenericWall.PrimalItemTrophyGenericWall_C,/Game/PrimalEarth/CoreBlueprints/Items/Trophies/PrimalItemTrophyGenericParent.PrimalItemTrophyGenericParent_C,/Script/ShooterGame.PrimalItem,BPTYPE_Normal,EXTRACTED,HIGH,0,NOT_AVAILABLE,137,19,0,8,0,0,0,,,1,"[""has_descendants"",""referenced_by_assets"",""cross_domain_references""]"
/Game/PrimalEarth/Structures/BuildingBases/Door_Base_SM.Door_Base_SM,Door_Base_SM,/Script/Engine.Blueprint,/Game/PrimalEarth/Structures/BuildingBases/Door_Base_SM.Door_Base_SM_C,/Script/ShooterGame.PrimalStructureDoor,/Script/ShooterGame.PrimalStructureDoor,BPTYPE_Normal,EXTRACTED,HIGH,0,NOT_AVAILABLE,136,130,0,5,0,0,0,,,1,"[""has_descendants"",""referenced_by_assets"",""cross_domain_references""]"
/Game/LostColony/Missions/Overworld/Base/Modules/MissionSubModule_SpawnCreatures_LC_Overworld_Base.MissionSubModule_SpawnCreatures_LC_Overworld_Base,MissionSubModule_SpawnCreatures_LC_Overworld_Base,/Script/Engine.Blueprint,/Game/LostColony/Missions/Overworld/Base/Modules/MissionSubModule_SpawnCreatures_LC_Overworld_Base.MissionSubModule_SpawnCreatures_LC_Overworld_Base_C,/Game/Genesis2/Missions/ModularMission/MissionModule_zSubmodule_SpawnCreatures_Base.MissionModule_zSubmodule_SpawnCreatures_Base_C,/Script/ShooterGame.NewMissionModuleBase,BPTYPE_Normal,EXTRACTED,HIGH,0,NOT_AVAILABLE,135,2,0,2,0,0,0,,,1,"[""has_descendants"",""referenced_by_assets"",""cross_domain_references""]"
/Game/PrimalEarth/CoreBlueprints/Items/Armor/Skin/DearJane/PrimalItemCostumeGeneric_DinoColorization.PrimalItemCostumeGeneric_DinoColorization,PrimalItemCostumeGeneric_DinoColorization,/Script/Engine.Blueprint,/Game/PrimalEarth/CoreBlueprints/Items/Armor/Skin/DearJane/PrimalItemCostumeGeneric_DinoColorization.PrimalItemCostumeGeneric_DinoColorization_C,/Game/PrimalEarth/Test/PrimalItemCostumeGeneric.PrimalItemCostumeGeneric_C,/Script/ShooterGame.PrimalItem,BPTYPE_Normal,EXTRACTED,HIGH,0,NOT_AVAILABLE,135,21,0,2,0,0,0,,,1,"[""has_descendants"",""referenced_by_assets"",""cross_domain_references""]"
/Game/PrimalEarth/CoreBlueprints/Dino_Character_BP_Pack.Dino_Character_BP_Pack,Dino_Character_BP_Pack,/Script/Engine.Blueprint,/Game/PrimalEarth/CoreBlueprints/Dino_Character_BP_Pack.Dino_Character_BP_Pack_C,/Game/PrimalEarth/CoreBlueprints/Dino_Character_BP.Dino_Character_BP_C,/Script/ShooterGame.PrimalDinoCharacter,BPTYPE_Normal,EXTRACTED,HIGH,0,NOT_AVAILABLE,133,49,0,10,0,0,0,,,1,"[""has_descendants"",""referenced_by_assets"",""cross_domain_references""]"
/Game/Genesis/Missions/Hunt/MissionType_Hunt.MissionType_Hunt,MissionType_Hunt,/Script/Engine.Blueprint,/Game/Genesis/Missions/Hunt/MissionType_Hunt.MissionType_Hunt_C,/Game/Genesis/Missions/MissionTypeBlueprintBase.MissionTypeBlueprintBase_C,/Script/ShooterGame.MissionType,BPTYPE_Normal,EXTRACTED,HIGH,0,NOT_AVAILABLE,124,36,0,2,0,0,0,,,1,"[""has_descendants"",""referenced_by_assets"",""cross_domain_references""]"
/Game/PrimalEarth/CoreBlueprints/BaseAnimBlueprints/BaseHumanAnimBP.BaseHumanAnimBP,BaseHumanAnimBP,/Script/Engine.AnimBlueprint,/Game/PrimalEarth/CoreBlueprints/BaseAnimBlueprints/BaseHumanAnimBP.BaseHumanAnimBP_C,/Script/Engine.AnimInstance,/Script/Engine.AnimInstance,BPTYPE_Normal,EXTRACTED,HIGH,0,NOT_AVAILABLE,121,173,0,14,0,0,0,,,1,"[""has_descendants"",""referenced_by_assets"",""cross_domain_references""]"
/Game/Packs/AAA/Engrams/EngramEntry_AAA_UnlockedCosmetic_BASE.EngramEntry_AAA_UnlockedCosmetic_BASE,EngramEntry_AAA_UnlockedCosmetic_BASE,/Script/Engine.Blueprint,/Game/Packs/AAA/Engrams/EngramEntry_AAA_UnlockedCosmetic_BASE.EngramEntry_AAA_UnlockedCosmetic_BASE_C,/Script/ShooterGame.PrimalEngramEntry,/Script/ShooterGame.PrimalEngramEntry,BPTYPE_Normal,EXTRACTED,HIGH,0,NOT_AVAILABLE,118,118,0,2,0,0,0,,,1,"[""has_descendants"",""referenced_by_assets"",""cross_domain_references""]"
/Game/PrimalEarth/CoreBlueprints/Weapons/PrimalItemWeaponGenericAmmoless.PrimalItemWeaponGenericAmmoless,PrimalItemWeaponGenericAmmoless,/Script/Engine.Blueprint,/Game/PrimalEarth/CoreBlueprints/Weapons/PrimalItemWeaponGenericAmmoless.PrimalItemWeaponGenericAmmoless_C,/Game/PrimalEarth/CoreBlueprints/Weapons/PrimalItemWeaponGeneric.PrimalItemWeaponGeneric_C,/Script/ShooterGame.PrimalItem,BPTYPE_Normal,EXTRACTED,HIGH,0,NOT_AVAILABLE,109,11,0,3,0,0,0,,,1,"[""has_descendants"",""referenced_by_assets"",""cross_domain_references""]"
/Game/PrimalEarth/CoreBlueprints/HarvestComponents/DinoDeathHarvestingComponent_Base.DinoDeathHarvestingComponent_Base,DinoDeathHarvestingComponent_Base,/Script/Engine.Blueprint,/Game/PrimalEarth/CoreBlueprints/HarvestComponents/DinoDeathHarvestingComponent_Base.DinoDeathHarvestingComponent_Base_C,/Game/PrimalEarth/CoreBlueprints/HarvestComponents/AttackHarvestComponent_Base.AttackHarvestComponent_Base_C,/Script/ShooterGame.PrimalHarvestingComponent,BPTYPE_Normal,EXTRACTED,HIGH,0,NOT_AVAILABLE,108,48,0,9,0,0,0,,,1,"[""has_descendants"",""referenced_by_assets"",""cross_domain_references""]"
/Game/LostColony/Missions/Overworld/Base/MissionType_LC_Overworld_Base.MissionType_LC_Overworld_Base,MissionType_LC_Overworld_Base,/Script/Engine.Blueprint,/Game/LostColony/Missions/Overworld/Base/MissionType_LC_Overworld_Base.MissionType_LC_Overworld_Base_C,/Game/Genesis2/Missions/ModularMission/MissionType_ModularMission_Base.MissionType_ModularMission_Base_C,/Script/ShooterGame.MissionType_ModularMissionBase,BPTYPE_Normal,EXTRACTED,HIGH,0,NOT_AVAILABLE,105,7,0,2,0,0,0,,,1,"[""has_descendants"",""referenced_by_assets"",""cross_domain_references""]"
/Game/LostColony/Missions/Bossfight/Modules/VO/Base/MissionModule_VO_Base.MissionModule_VO_Base,MissionModule_VO_Base,/Script/Engine.Blueprint,/Game/LostColony/Missions/Bossfight/Modules/VO/Base/MissionModule_VO_Base.MissionModule_VO_Base_C,/Game/Genesis2/Missions/ModularMission/MissionModule_Base.MissionModule_Base_C,/Script/ShooterGame.NewMissionModuleBase,BPTYPE_Normal,EXTRACTED,HIGH,0,NOT_AVAILABLE,103,107,0,2,0,0,0,,,1,"[""has_descendants"",""referenced_by_assets"",""cross_domain_references""]"
/Game/PrimalEarth/Structures/BuildingBases/SupplyCrateBaseBP_Instantaneous.SupplyCrateBaseBP_Instantaneous,SupplyCrateBaseBP_Instantaneous,/Script/Engine.Blueprint,/Game/PrimalEarth/Structures/BuildingBases/SupplyCrateBaseBP_Instantaneous.SupplyCrateBaseBP_Instantaneous_C,/Script/ShooterGame.PrimalStructureItemContainer_SupplyCrate,/Script/ShooterGame.PrimalStructureItemContainer_SupplyCrate,BPTYPE_Normal,EXTRACTED,HIGH,0,NOT_AVAILABLE,100,101,0,10,0,0,0,,,1,"[""has_descendants"",""referenced_by_assets"",""cross_domain_references""]"
/Game/PrimalEarth/CoreBlueprints/DamageTypes/DmgType_Projectile.DmgType_Projectile,DmgType_Projectile,/Script/Engine.Blueprint,/Game/PrimalEarth/CoreBlueprints/DamageTypes/DmgType_Projectile.DmgType_Projectile_C,/Game/PrimalEarth/CoreBlueprints/DamageTypes/ShooterDamageTypeBP_Base.ShooterDamageTypeBP_Base_C,/Script/ShooterGame.ShooterDamageType,BPTYPE_Const,EXTRACTED,HIGH,0,NOT_AVAILABLE,97,91,0,13,0,0,0,,,1,"[""has_descendants"",""referenced_by_assets"",""cross_domain_references""]"
/Game/Packs/AAA/Skins/PrimalItemCostume_AAA_SkinPack1_Base.PrimalItemCostume_AAA_SkinPack1_Base,PrimalItemCostume_AAA_SkinPack1_Base,/Script/Engine.Blueprint,/Game/Packs/AAA/Skins/PrimalItemCostume_AAA_SkinPack1_Base.PrimalItemCostume_AAA_SkinPack1_Base_C,/Game/PrimalEarth/CoreBlueprints/Items/Armor/Skin/DearJane/PrimalItemCostumeGeneric_DinoColorization.PrimalItemCostumeGeneric_DinoColorization_C,/Script/ShooterGame.PrimalItem,BPTYPE_Normal,EXTRACTED,HIGH,0,NOT_AVAILABLE,94,94,0,1,0,0,0,,,1,"[""has_descendants"",""referenced_by_assets""]"
/Game/PrimalEarth/Effects/Blueprints/BP_Emitter_Master.BP_Emitter_Master,BP_Emitter_Master,/Script/Engine.Blueprint,/Game/PrimalEarth/Effects/Blueprints/BP_Emitter_Master.BP_Emitter_Master_C,/Script/Engine.Emitter,UNKNOWN,BPTYPE_Normal,EXTRACTED,HIGH,0,NOT_AVAILABLE,92,65,0,9,0,0,0,,,1,"[""has_descendants"",""referenced_by_assets"",""cross_domain_references""]"
/Game/PrimalEarth/Structures/Skins/PrimalItemStructureSkinGeneric.PrimalItemStructureSkinGeneric,PrimalItemStructureSkinGeneric,/Script/Engine.Blueprint,/Game/PrimalEarth/Structures/Skins/PrimalItemStructureSkinGeneric.PrimalItemStructureSkinGeneric_C,/Game/PrimalEarth/CoreBlueprints/Items/PrimalItem_Base.PrimalItem_Base_C,/Script/ShooterGame.PrimalItem,BPTYPE_Normal,EXTRACTED,HIGH,0,NOT_AVAILABLE,91,81,0,14,0,0,0,,,1,"[""has_descendants"",""referenced_by_assets"",""cross_domain_references""]"
/Game/PrimalEarth/Structures/Skins/StructureSkinBase.StructureSkinBase,StructureSkinBase,/Script/Engine.Blueprint,/Game/PrimalEarth/Structures/Skins/StructureSkinBase.StructureSkinBase_C,/Game/PrimalEarth/Structures/BuildingBases/StructureItemContainerBaseBP.StructureItemContainerBaseBP_C,/Script/ShooterGame.PrimalStructureItemContainer,BPTYPE_Normal,EXTRACTED,HIGH,0,NOT_AVAILABLE,91,65,0,12,0,0,0,,,1,"[""has_descendants"",""referenced_by_assets"",""cross_domain_references""]"
/Game/PrimalEarth/Structures/BuildingBases/Railing_Base.Railing_Base,Railing_Base,/Script/Engine.Blueprint,/Game/PrimalEarth/Structures/BuildingBases/Railing_Base.Railing_Base_C,/Game/PrimalEarth/Structures/BuildingBases/TilesetBases/StructureBase_Railing.StructureBase_Railing_C,/Script/ShooterGame.PrimalStructure,BPTYPE_Normal,EXTRACTED,HIGH,0,NOT_AVAILABLE,90,25,0,5,0,0,0,,,1,"[""has_descendants"",""referenced_by_assets"",""cross_domain_references""]"
/Game/LostColony/Missions/Overworld/Outpost/Base/Modules/MissionSubModule_SpawnCreatures_LC_Outpost_Base.MissionSubModule_SpawnCreatures_LC_Outpost_Base,MissionSubModule_SpawnCreatures_LC_Outpost_Base,/Script/Engine.Blueprint,/Game/LostColony/Missions/Overworld/Outpost/Base/Modules/MissionSubModule_SpawnCreatures_LC_Outpost_Base.MissionSubModule_SpawnCreatures_LC_Outpost_Base_C,/Game/LostColony/Missions/Overworld/Base/Modules/MissionSubModule_SpawnCreatures_LC_Overworld_Base.MissionSubModule_SpawnCreatures_LC_Overworld_Base_C,/Script/ShooterGame.NewMissionModuleBase,BPTYPE_Normal,EXTRACTED,HIGH,0,NOT_AVAILABLE,89,7,0,1,0,0,0,,,1,"[""has_descendants"",""referenced_by_assets""]"
/Game/ASA/Blueprints/BoneAttachments/PrimalItemTrophy_Skeleton_BASE.PrimalItemTrophy_Skeleton_BASE,PrimalItemTrophy_Skeleton_BASE,/Script/Engine.Blueprint,/Game/ASA/Blueprints/BoneAttachments/PrimalItemTrophy_Skeleton_BASE.PrimalItemTrophy_Skeleton_BASE_C,/Game/PrimalEarth/CoreBlueprints/Items/Trophies/PrimalItemTrophyGenericWall.PrimalItemTrophyGenericWall_C,/Script/ShooterGame.PrimalItem,BPTYPE_Normal,EXTRACTED,HIGH,0,NOT_AVAILABLE,87,87,0,1,0,0,0,,,1,"[""has_descendants"",""referenced_by_assets""]"
/Game/LostColony/Missions/Overworld/Outpost/Base/MissionType_LC_Outpost_Base.MissionType_LC_Outpost_Base,MissionType_LC_Outpost_Base,/Script/Engine.Blueprint,/Game/LostColony/Missions/Overworld/Outpost/Base/MissionType_LC_Outpost_Base.MissionType_LC_Outpost_Base_C,/Game/LostColony/Missions/Overworld/Base/MissionType_LC_Overworld_Base.MissionType_LC_Overworld_Base_C,/Script/ShooterGame.MissionType_ModularMissionBase,BPTYPE_Normal,EXTRACTED,HIGH,0,NOT_AVAILABLE,86,4,0,1,0,0,0,,,1,"[""has_descendants"",""referenced_by_assets""]"
/Game/Genesis2/Missions/ModularMission/MissionModule_zSubmodule_SpawnStructures_Base.MissionModule_zSubmodule_SpawnStructures_Base,MissionModule_zSubmodule_SpawnStructures_Base,/Script/Engine.Blueprint,/Game/Genesis2/Missions/ModularMission/MissionModule_zSubmodule_SpawnStructures_Base.MissionModule_zSubmodule_SpawnStructures_Base_C,/Game/Genesis2/Missions/ModularMission/MissionModule_Base.MissionModule_Base_C,/Script/ShooterGame.NewMissionModuleBase,BPTYPE_Normal,EXTRACTED,HIGH,0,NOT_AVAILABLE,79,39,0,3,0,0,0,,,1,"[""has_descendants"",""referenced_by_assets"",""cross_domain_references""]"
/Game/ScorchedEarth/Dinos/Wyvern/Wyvern_Chibi_AnimBP_BASE.Wyvern_Chibi_AnimBP_BASE,Wyvern_Chibi_AnimBP_BASE,/Script/Engine.AnimBlueprint,/Game/ScorchedEarth/Dinos/Wyvern/Wyvern_Chibi_AnimBP_BASE.Wyvern_Chibi_AnimBP_BASE_C,/Script/Engine.AnimInstance,UNKNOWN,BPTYPE_Normal,EXTRACTED,HIGH,0,NOT_AVAILABLE,78,84,0,7,0,0,0,,,1,"[""has_descendants"",""referenced_by_assets"",""cross_domain_references""]"
/Game/Effects/Blueprints/Emitters/Structures/Base_StructureTransition_Emitter.Base_StructureTransition_Emitter,Base_StructureTransition_Emitter,/Script/Engine.Blueprint,/Game/Effects/Blueprints/Emitters/Structures/Base_StructureTransition_Emitter.Base_StructureTransition_Emitter_C,/Script/ShooterGame.PrimalEmitterSpawnable,/Script/ShooterGame.PrimalEmitterSpawnable,BPTYPE_Normal,EXTRACTED,HIGH,0,NOT_AVAILABLE,77,78,0,3,0,0,0,,,1,"[""has_descendants"",""referenced_by_assets"",""cross_domain_references""]"
/Game/Genesis/Dinos/Bots/Bot_Character_BP.Bot_Character_BP,Bot_Character_BP,/Script/Engine.Blueprint,/Game/Genesis/Dinos/Bots/Bot_Character_BP.Bot_Character_BP_C,/Script/ShooterGame.PrimalBotCharacter,/Script/ShooterGame.PrimalBotCharacter,BPTYPE_Normal,EXTRACTED,HIGH,0,NOT_AVAILABLE,77,75,0,5,0,0,0,,,1,"[""has_descendants"",""referenced_by_assets"",""cross_domain_references""]"
/Game/PrimalEarth/CoreBlueprints/HarvestComponents/UseHarvestComponent_Base.UseHarvestComponent_Base,UseHarvestComponent_Base,/Script/Engine.Blueprint,/Game/PrimalEarth/CoreBlueprints/HarvestComponents/UseHarvestComponent_Base.UseHarvestComponent_Base_C,/Script/ShooterGame.PrimalHarvestingComponent,/Script/ShooterGame.PrimalHarvestingComponent,BPTYPE_Normal,EXTRACTED,HIGH,0,NOT_AVAILABLE,77,46,0,6,0,0,0,,,1,"[""has_descendants"",""referenced_by_assets"",""cross_domain_references""]"
/Game/PrimalEarth/CoreBlueprints/Items/Consumables/PrimalItemConsumable_Egg_Medium.PrimalItemConsumable_Egg_Medium,PrimalItemConsumable_Egg_Medium,/Script/Engine.Blueprint,/Game/PrimalEarth/CoreBlueprints/Items/Consumables/PrimalItemConsumable_Egg_Medium.PrimalItemConsumable_Egg_Medium_C,/Game/PrimalEarth/CoreBlueprints/Items/Consumables/PrimalItemConsumable_Egg.PrimalItemConsumable_Egg_C,/Script/ShooterGame.PrimalItem,BPTYPE_Normal,EXTRACTED,HIGH,0,NOT_AVAILABLE,76,29,0,7,0,0,0,,,1,"[""has_descendants"",""referenced_by_assets"",""cross_domain_references""]"
/Game/PrimalEarth/CoreBlueprints/Weapons/PrimalItemWeaponGenericGun.PrimalItemWeaponGenericGun,PrimalItemWeaponGenericGun,/Script/Engine.Blueprint,/Game/PrimalEarth/CoreBlueprints/Weapons/PrimalItemWeaponGenericGun.PrimalItemWeaponGenericGun_C,/Game/PrimalEarth/CoreBlueprints/Weapons/PrimalItemWeaponGeneric.PrimalItemWeaponGeneric_C,/Script/ShooterGame.PrimalItem,BPTYPE_Normal,EXTRACTED,HIGH,0,NOT_AVAILABLE,76,36,0,9,0,0,0,,,1,"[""has_descendants"",""referenced_by_assets"",""cross_domain_references""]"
/Game/Genesis2/Missions/MissionMetaType_Base.MissionMetaType_Base,MissionMetaType_Base,/Script/Engine.Blueprint,/Game/Genesis2/Missions/MissionMetaType_Base.MissionMetaType_Base_C,/Game/Genesis/Missions/MissionTypeBlueprintBase.MissionTypeBlueprintBase_C,/Script/ShooterGame.MissionType,BPTYPE_Normal,EXTRACTED,HIGH,0,NOT_AVAILABLE,74,15,0,2,0,0,0,,,1,"[""has_descendants"",""referenced_by_assets"",""cross_domain_references""]"
/cfcore_ui/Widgets/CFCoreWidget.CFCoreWidget,CFCoreWidget,/Script/UMGEditor.WidgetBlueprint,/cfcore_ui/Widgets/CFCoreWidget.CFCoreWidget_C,/Script/ShooterGame.PrimalUI,/Script/ShooterGame.PrimalUI,BPTYPE_Normal,EXTRACTED,HIGH,0,NOT_AVAILABLE,74,63,0,2,0,0,0,,,1,"[""has_descendants"",""referenced_by_assets"",""cross_domain_references""]"
/Game/PrimalEarth/General/ExplosionEmitter.ExplosionEmitter,ExplosionEmitter,/Script/Engine.Blueprint,/Game/PrimalEarth/General/ExplosionEmitter.ExplosionEmitter_C,/Script/ShooterGame.PrimalEmitterSpawnable,/Script/ShooterGame.PrimalEmitterSpawnable,BPTYPE_Normal,EXTRACTED,HIGH,1,FRESH,73,74,0,1,0,0,0,,,1,"[""has_descendants"",""referenced_by_assets""]"
/Game/Packs/Wasteland/Vehicles/Car/BaseClasses/PrimalItem_Car_Equipment_Base.PrimalItem_Car_Equipment_Base,PrimalItem_Car_Equipment_Base,/Script/Engine.Blueprint,/Game/Packs/Wasteland/Vehicles/Car/BaseClasses/PrimalItem_Car_Equipment_Base.PrimalItem_Car_Equipment_Base_C,/Game/PrimalEarth/CoreBlueprints/Items/Armor/Base/PrimalItemArmor_SaddleGeneric.PrimalItemArmor_SaddleGeneric_C,/Script/ShooterGame.PrimalItem,BPTYPE_Normal,EXTRACTED,HIGH,0,NOT_AVAILABLE,71,12,0,1,0,0,0,,,1,"[""has_descendants"",""referenced_by_assets""]"
/Game/PrimalEarth/CoreBlueprints/DamageTypes/DmgType_Melee_Human.DmgType_Melee_Human,DmgType_Melee_Human,/Script/Engine.Blueprint,/Game/PrimalEarth/CoreBlueprints/DamageTypes/DmgType_Melee_Human.DmgType_Melee_Human_C,/Game/PrimalEarth/CoreBlueprints/DamageTypes/DmgType_Melee.DmgType_Melee_C,/Script/ShooterGame.ShooterDamageType,BPTYPE_Const,EXTRACTED,HIGH,0,NOT_AVAILABLE,71,58,0,9,0,0,0,,,1,"[""has_descendants"",""referenced_by_assets"",""cross_domain_references""]"
/Game/PrimalEarth/CoreBlueprints/BaseAnimBlueprints/DinoBlueprintBase_RootBoneName.DinoBlueprintBase_RootBoneName,DinoBlueprintBase_RootBoneName,/Script/Engine.AnimBlueprint,/Game/PrimalEarth/CoreBlueprints/BaseAnimBlueprints/DinoBlueprintBase_RootBoneName.DinoBlueprintBase_RootBoneName_C,/Script/ShooterGame.PrimalDinoAnimInstance,/Script/ShooterGame.PrimalDinoAnimInstance,BPTYPE_Normal,EXTRACTED,HIGH,0,NOT_AVAILABLE,70,77,0,9,0,0,0,,,1,"[""has_descendants"",""referenced_by_assets"",""cross_domain_references""]"
/Game/Genesis/Missions/Race/MissionType_Race.MissionType_Race,MissionType_Race,/Script/Engine.Blueprint,/Game/Genesis/Missions/Race/MissionType_Race.MissionType_Race_C,/Game/Genesis/Missions/MissionTypeBlueprintBase.MissionTypeBlueprintBase_C,/Script/ShooterGame.MissionType,BPTYPE_Normal,EXTRACTED,HIGH,0,NOT_AVAILABLE,69,30,0,3,0,0,0,,,1,"[""has_descendants"",""referenced_by_assets"",""cross_domain_references""]"
/Game/LostColony/Missions/Overworld/Outpost/Attack/Base/MissionType_LC_Outpost_Attack_Base.MissionType_LC_Outpost_Attack_Base,MissionType_LC_Outpost_Attack_Base,/Script/Engine.Blueprint,/Game/LostColony/Missions/Overworld/Outpost/Attack/Base/MissionType_LC_Outpost_Attack_Base.MissionType_LC_Outpost_Attack_Base_C,/Game/LostColony/Missions/Overworld/Outpost/Base/MissionType_LC_Outpost_Base.MissionType_LC_Outpost_Base_C,/Script/ShooterGame.MissionType_ModularMissionBase,BPTYPE_Normal,EXTRACTED,HIGH,0,NOT_AVAILABLE,69,6,0,1,0,0,0,,,1,"[""has_descendants"",""referenced_by_assets""]"
/Game/PrimalEarth/CoreBlueprints/GeneTraits/TraitBPs/Trait_Base.Trait_Base,Trait_Base,/Script/Engine.Blueprint,/Game/PrimalEarth/CoreBlueprints/GeneTraits/TraitBPs/Trait_Base.Trait_Base_C,/Script/ShooterGame.GeneTrait,/Script/ShooterGame.GeneTrait,BPTYPE_Normal,EXTRACTED,HIGH,1,FRESH,69,37,0,1,0,0,0,,,1,"[""has_descendants"",""referenced_by_assets""]"
/Game/PrimalEarth/CoreBlueprints/Weapons/WeapBaseMelee.WeapBaseMelee,WeapBaseMelee,/Script/Engine.Blueprint,/Game/PrimalEarth/CoreBlueprints/Weapons/WeapBaseMelee.WeapBaseMelee_C,/Script/ShooterGame.ShooterWeapon_Melee,/Script/ShooterGame.ShooterWeapon_Melee,BPTYPE_Normal,EXTRACTED,HIGH,0,NOT_AVAILABLE,69,3,0,1,0,0,0,,,1,"[""has_descendants"",""referenced_by_assets""]"
/Game/PrimalEarth/Structures/Tileset/RailingsHalf/StructureBase_Railing_Half.StructureBase_Railing_Half,StructureBase_Railing_Half,/Script/Engine.Blueprint,/Game/PrimalEarth/Structures/Tileset/RailingsHalf/StructureBase_Railing_Half.StructureBase_Railing_Half_C,/Game/PrimalEarth/Structures/BuildingBases/TilesetBases/StructureBase_Railing.StructureBase_Railing_C,/Script/ShooterGame.PrimalStructure,BPTYPE_Normal,EXTRACTED,HIGH,0,NOT_AVAILABLE,69,21,0,1,0,0,0,,,1,"[""has_descendants"",""referenced_by_assets""]"
/Game/PrimalEarth/CoreBlueprints/DamageTypes/DmgType_Explosion.DmgType_Explosion,DmgType_Explosion,/Script/Engine.Blueprint,/Game/PrimalEarth/CoreBlueprints/DamageTypes/DmgType_Explosion.DmgType_Explosion_C,/Game/PrimalEarth/CoreBlueprints/DamageTypes/ShooterDamageTypeBP_Base.ShooterDamageTypeBP_Base_C,/Script/ShooterGame.ShooterDamageType,BPTYPE_Const,EXTRACTED,HIGH,1,FRESH,68,147,0,12,0,0,0,,,1,"[""has_descendants"",""referenced_by_assets"",""cross_domain_references""]"
/Game/PrimalEarth/CoreBlueprints/DamageTypes/DmgType_Melee_Torpidity.DmgType_Melee_Torpidity,DmgType_Melee_Torpidity,/Script/Engine.Blueprint,/Game/PrimalEarth/CoreBlueprints/DamageTypes/DmgType_Melee_Torpidity.DmgType_Melee_Torpidity_C,/Game/PrimalEarth/CoreBlueprints/DamageTypes/DmgType_Melee_Human.DmgType_Melee_Human_C,/Script/ShooterGame.ShooterDamageType,BPTYPE_Const,EXTRACTED,HIGH,0,NOT_AVAILABLE,67,24,0,9,0,0,0,,,1,"[""has_descendants"",""referenced_by_assets"",""cross_domain_references""]"
/Game/PrimalEarth/CoreBlueprints/Items/Consumables/PrimalItemConsumable_Egg_Large.PrimalItemConsumable_Egg_Large,PrimalItemConsumable_Egg_Large,/Script/Engine.Blueprint,/Game/PrimalEarth/CoreBlueprints/Items/Consumables/PrimalItemConsumable_Egg_Large.PrimalItemConsumable_Egg_Large_C,/Game/PrimalEarth/CoreBlueprints/Items/Consumables/PrimalItemConsumable_Egg.PrimalItemConsumable_Egg_C,/Script/ShooterGame.PrimalItem,BPTYPE_Normal,EXTRACTED,HIGH,0,NOT_AVAILABLE,65,29,0,9,0,0,0,,,1,"[""has_descendants"",""referenced_by_assets"",""cross_domain_references""]"
/Game/LostColony/CoreBlueprints/Skills/Buffs/Buff_Skill_Base.Buff_Skill_Base,Buff_Skill_Base,/Script/Engine.Blueprint,/Game/LostColony/CoreBlueprints/Skills/Buffs/Buff_Skill_Base.Buff_Skill_Base_C,/Script/ShooterGame.PrimalBuff_Skill,/Script/ShooterGame.PrimalBuff_Skill,BPTYPE_Normal,EXTRACTED,HIGH,0,NOT_AVAILABLE,64,53,0,2,0,0,0,,,1,"[""has_descendants"",""referenced_by_assets"",""cross_domain_references""]"
/Game/Packs/Wasteland/CoreBlueprints/ItemTraits/PrimalItemTrait_Base.PrimalItemTrait_Base,PrimalItemTrait_Base,/Script/Engine.Blueprint,/Game/Packs/Wasteland/CoreBlueprints/ItemTraits/PrimalItemTrait_Base.PrimalItemTrait_Base_C,/Script/ShooterGame.PrimalItemTrait,/Script/ShooterGame.PrimalItemTrait,BPTYPE_Normal,EXTRACTED,HIGH,0,NOT_AVAILABLE,61,21,0,1,0,0,0,,,1,"[""has_descendants"",""referenced_by_assets""]"
/Game/Packs/Wasteland/CoreBlueprints/ItemTraits/PrimalItem_ItemTrait_Base.PrimalItem_ItemTrait_Base,PrimalItem_ItemTrait_Base,/Script/Engine.Blueprint,/Game/Packs/Wasteland/CoreBlueprints/ItemTraits/PrimalItem_ItemTrait_Base.PrimalItem_ItemTrait_Base_C,/Script/ShooterGame.PrimalItem_ItemTrait,/Script/ShooterGame.PrimalItem_ItemTrait,BPTYPE_Normal,EXTRACTED,HIGH,0,NOT_AVAILABLE,61,61,0,1,0,0,0,,,1,"[""has_descendants"",""referenced_by_assets""]"
/Game/PrimalEarth/CoreBlueprints/Buffs/Buff_Base_AoE.Buff_Base_AoE,Buff_Base_AoE,/Script/Engine.Blueprint,/Game/PrimalEarth/CoreBlueprints/Buffs/Buff_Base_AoE.Buff_Base_AoE_C,/Game/PrimalEarth/CoreBlueprints/Buffs/Buff_Base.Buff_Base_C,/Script/ShooterGame.PrimalBuff,BPTYPE_Normal,EXTRACTED,HIGH,0,NOT_AVAILABLE,61,155,0,10,0,0,0,,,1,"[""has_descendants"",""referenced_by_assets"",""cross_domain_references""]"
/Game/PrimalEarth/CoreBlueprints/HarvestComponents/StoneHarvestComponent.StoneHarvestComponent,StoneHarvestComponent,/Script/Engine.Blueprint,/Game/PrimalEarth/CoreBlueprints/HarvestComponents/StoneHarvestComponent.StoneHarvestComponent_C,/Game/PrimalEarth/CoreBlueprints/HarvestComponents/AttackHarvestComponent_Base.AttackHarvestComponent_Base_C,/Script/ShooterGame.PrimalHarvestingComponent,BPTYPE_Normal,EXTRACTED,HIGH,0,NOT_AVAILABLE,61,4132,0,14,0,0,0,,,1,"[""has_descendants"",""referenced_by_assets"",""cross_domain_references""]"
/Game/PrimalEarth/CoreBlueprints/Items/Structures/BuildingBases/PrimalItemStructure_BaseWall.PrimalItemStructure_BaseWall,PrimalItemStructure_BaseWall,/Script/Engine.Blueprint,/Game/PrimalEarth/CoreBlueprints/Items/Structures/BuildingBases/PrimalItemStructure_BaseWall.PrimalItemStructure_BaseWall_C,/Game/PrimalEarth/CoreBlueprints/Items/Structures/BuildingBases/PrimalItemStructureGeneric.PrimalItemStructureGeneric_C,/Script/ShooterGame.PrimalItem,BPTYPE_Normal,EXTRACTED,HIGH,0,NOT_AVAILABLE,61,30,0,4,0,0,0,,,1,"[""has_descendants"",""referenced_by_assets"",""cross_domain_references""]"
/Game/PrimalEarth/CoreBlueprints/Weapons/PrimalItemWeaponGenericNoStats.PrimalItemWeaponGenericNoStats,PrimalItemWeaponGenericNoStats,/Script/Engine.Blueprint,/Game/PrimalEarth/CoreBlueprints/Weapons/PrimalItemWeaponGenericNoStats.PrimalItemWeaponGenericNoStats_C,/Game/PrimalEarth/CoreBlueprints/Weapons/PrimalItemWeaponGenericAmmoless.PrimalItemWeaponGenericAmmoless_C,/Script/ShooterGame.PrimalItem,BPTYPE_Normal,EXTRACTED,HIGH,0,NOT_AVAILABLE,61,12,0,3,0,0,0,,,1,"[""has_descendants"",""referenced_by_assets"",""cross_domain_references""]"
/Game/PrimalEarth/CoreBlueprints/Items/Notes/PrimalItem_Note.PrimalItem_Note,PrimalItem_Note,/Script/Engine.Blueprint,/Game/PrimalEarth/CoreBlueprints/Items/Notes/PrimalItem_Note.PrimalItem_Note_C,/Game/PrimalEarth/CoreBlueprints/Items/PrimalItem_Base.PrimalItem_Base_C,/Script/ShooterGame.PrimalItem,BPTYPE_Normal,EXTRACTED,HIGH,0,NOT_AVAILABLE,60,10,0,2,0,0,0,,,1,"[""has_descendants"",""referenced_by_assets"",""cross_domain_references""]"
/Game/Genesis2/Missions/ModularMission/MissionModule_zSubmodule_FireProjectiles_Base.MissionModule_zSubmodule_FireProjectiles_Base,MissionModule_zSubmodule_FireProjectiles_Base,/Script/Engine.Blueprint,/Game/Genesis2/Missions/ModularMission/MissionModule_zSubmodule_FireProjectiles_Base.MissionModule_zSubmodule_FireProjectiles_Base_C,/Game/Genesis2/Missions/ModularMission/MissionModule_Base.MissionModule_Base_C,/Script/ShooterGame.NewMissionModuleBase,BPTYPE_Normal,EXTRACTED,HIGH,0,NOT_AVAILABLE,59,5,0,1,0,0,0,,,1,"[""has_descendants"",""referenced_by_assets""]"
/Game/PrimalEarth/Dinos/BaseBPs/DinoSettings_Herbivore.DinoSettings_Herbivore,DinoSettings_Herbivore,/Script/Engine.Blueprint,/Game/PrimalEarth/Dinos/BaseBPs/DinoSettings_Herbivore.DinoSettings_Herbivore_C,/Game/PrimalEarth/Dinos/BaseBPs/DinoSettings_Base.DinoSettings_Base_C,/Script/ShooterGame.PrimalDinoSettings,BPTYPE_Normal,EXTRACTED,HIGH,0,NOT_AVAILABLE,59,7,0,1,0,0,0,,,1,"[""has_descendants"",""referenced_by_assets""]"
/Game/PrimalEarth/Structures/Skins/StructureSkinBase_MultiSwap.StructureSkinBase_MultiSwap,StructureSkinBase_MultiSwap,/Script/Engine.Blueprint,/Game/PrimalEarth/Structures/Skins/StructureSkinBase_MultiSwap.StructureSkinBase_MultiSwap_C,/Game/PrimalEarth/Structures/Skins/StructureSkinBase.StructureSkinBase_C,/Script/ShooterGame.PrimalStructureItemContainer,BPTYPE_Normal,EXTRACTED,HIGH,0,NOT_AVAILABLE,59,60,0,12,0,0,0,,,1,"[""has_descendants"",""referenced_by_assets"",""cross_domain_references""]"
/Game/PrimalEarth/CoreBlueprints/Items/Consumables/PrimalItemConsumable_Kibble_Base.PrimalItemConsumable_Kibble_Base,PrimalItemConsumable_Kibble_Base,/Script/Engine.Blueprint,/Game/PrimalEarth/CoreBlueprints/Items/Consumables/PrimalItemConsumable_Kibble_Base.PrimalItemConsumable_Kibble_Base_C,/Game/PrimalEarth/CoreBlueprints/Items/Consumables/BaseBPs/PrimalItemConsumableEatable.PrimalItemConsumableEatable_C,/Script/ShooterGame.PrimalItem,BPTYPE_Normal,EXTRACTED,HIGH,0,NOT_AVAILABLE,58,91,0,12,0,0,0,,,1,"[""has_descendants"",""referenced_by_assets"",""cross_domain_references""]"
/Game/PrimalEarth/CoreBlueprints/Items/Notes/PrimalItem_RecipeNote_Base.PrimalItem_RecipeNote_Base,PrimalItem_RecipeNote_Base,/Script/Engine.Blueprint,/Game/PrimalEarth/CoreBlueprints/Items/Notes/PrimalItem_RecipeNote_Base.PrimalItem_RecipeNote_Base_C,/Game/PrimalEarth/CoreBlueprints/Items/Notes/PrimalItem_Note.PrimalItem_Note_C,/Script/ShooterGame.PrimalItem,BPTYPE_Normal,EXTRACTED,HIGH,0,NOT_AVAILABLE,58,58,0,1,0,0,0,,,1,"[""has_descendants"",""referenced_by_assets""]"
/Game/PrimalEarth/CoreBlueprints/HarvestComponents/StoneHarvestComponent_RequiresMetal.StoneHarvestComponent_RequiresMetal,StoneHarvestComponent_RequiresMetal,/Script/Engine.Blueprint,/Game/PrimalEarth/CoreBlueprints/HarvestComponents/StoneHarvestComponent_RequiresMetal.StoneHarvestComponent_RequiresMetal_C,/Game/PrimalEarth/CoreBlueprints/HarvestComponents/StoneHarvestComponent.StoneHarvestComponent_C,/Script/ShooterGame.PrimalHarvestingComponent,BPTYPE_Normal,EXTRACTED,HIGH,0,NOT_AVAILABLE,57,41,0,8,0,0,0,,,1,"[""has_descendants"",""referenced_by_assets"",""cross_domain_references""]"
/Game/PrimalEarth/Structures/BuildingBases/TilesetBases/StructureBase_Floor.StructureBase_Floor,StructureBase_Floor,/Script/Engine.Blueprint,/Game/PrimalEarth/Structures/BuildingBases/TilesetBases/StructureBase_Floor.StructureBase_Floor_C,/Game/PrimalEarth/Structures/BuildingBases/StructureBaseBP.StructureBaseBP_C,/Script/ShooterGame.PrimalStructure,BPTYPE_Normal,EXTRACTED,HIGH,0,NOT_AVAILABLE,57,55,0,3,0,0,0,,,1,"[""has_descendants"",""referenced_by_assets"",""cross_domain_references""]"
/Game/PrimalEarth/Structures/Tileset/Pillars/StructureBase_Pillar.StructureBase_Pillar,StructureBase_Pillar,/Script/Engine.Blueprint,/Game/PrimalEarth/Structures/Tileset/Pillars/StructureBase_Pillar.StructureBase_Pillar_C,/Game/PrimalEarth/Structures/BuildingBases/StructureBaseBP.StructureBaseBP_C,/Script/ShooterGame.PrimalStructure,BPTYPE_Normal,EXTRACTED,HIGH,0,NOT_AVAILABLE,57,56,0,2,0,0,0,,,1,"[""has_descendants"",""referenced_by_assets"",""cross_domain_references""]"
/Game/PrimalEarth/CoreBlueprints/DamageTypes/DmgType_Melee_Dino_Carnivore_Small.DmgType_Melee_Dino_Carnivore_Small,DmgType_Melee_Dino_Carnivore_Small,/Script/Engine.Blueprint,/Game/PrimalEarth/CoreBlueprints/DamageTypes/DmgType_Melee_Dino_Carnivore_Small.DmgType_Melee_Dino_Carnivore_Small_C,/Game/PrimalEarth/CoreBlueprints/DamageTypes/DmgType_Melee_Dino_Carnivore.DmgType_Melee_Dino_Carnivore_C,/Script/ShooterGame.ShooterDamageType,BPTYPE_Const,EXTRACTED,HIGH,0,NOT_AVAILABLE,56,129,0,11,0,0,0,,,1,"[""has_descendants"",""referenced_by_assets"",""cross_domain_references""]"
/Game/PrimalEarth/CoreBlueprints/Items/Consumables/PrimalItemConsumable_Egg_Small.PrimalItemConsumable_Egg_Small,PrimalItemConsumable_Egg_Small,/Script/Engine.Blueprint,/Game/PrimalEarth/CoreBlueprints/Items/Consumables/PrimalItemConsumable_Egg_Small.PrimalItemConsumable_Egg_Small_C,/Game/PrimalEarth/CoreBlueprints/Items/Consumables/PrimalItemConsumable_Egg.PrimalItemConsumable_Egg_C,/Script/ShooterGame.PrimalItem,BPTYPE_Normal,EXTRACTED,HIGH,0,NOT_AVAILABLE,55,23,0,8,0,0,0,,,1,"[""has_descendants"",""referenced_by_assets"",""cross_domain_references""]"
/Game/PrimalEarth/CoreBlueprints/Items/Consumables/PrimalItemConsumable_Kibble_Base_XSmall.PrimalItemConsumable_Kibble_Base_XSmall,PrimalItemConsumable_Kibble_Base_XSmall,/Script/Engine.Blueprint,/Game/PrimalEarth/CoreBlueprints/Items/Consumables/PrimalItemConsumable_Kibble_Base_XSmall.PrimalItemConsumable_Kibble_Base_XSmall_C,/Game/PrimalEarth/CoreBlueprints/Items/Consumables/PrimalItemConsumable_Kibble_Base.PrimalItemConsumable_Kibble_Base_C,/Script/ShooterGame.PrimalItem,BPTYPE_Normal,EXTRACTED,HIGH,0,NOT_AVAILABLE,55,39,0,7,0,0,0,,,1,"[""has_descendants"",""referenced_by_assets"",""cross_domain_references""]"
/Game/PrimalEarth/CoreBlueprints/Weapons/PrimalItemAmmo_Base.PrimalItemAmmo_Base,PrimalItemAmmo_Base,/Script/Engine.Blueprint,/Game/PrimalEarth/CoreBlueprints/Weapons/PrimalItemAmmo_Base.PrimalItemAmmo_Base_C,/Game/PrimalEarth/CoreBlueprints/Items/PrimalItem_Base.PrimalItem_Base_C,/Script/ShooterGame.PrimalItem,BPTYPE_Normal,EXTRACTED,HIGH,0,NOT_AVAILABLE,53,32,0,8,0,0,0,,,1,"[""has_descendants"",""referenced_by_assets"",""cross_domain_references""]"
/Game/PrimalEarth/Dinos/Raptor/Raptor_Character_BP.Raptor_Character_BP,Raptor_Character_BP,/Script/Engine.Blueprint,/Game/PrimalEarth/Dinos/Raptor/Raptor_Character_BP.Raptor_Character_BP_C,/Game/PrimalEarth/CoreBlueprints/Dino_Character_BP_Pack.Dino_Character_BP_Pack_C,/Script/ShooterGame.PrimalDinoCharacter,BPTYPE_Normal,EXTRACTED,HIGH,0,NOT_AVAILABLE,53,136,0,20,0,0,0,,,1,"[""has_descendants"",""referenced_by_assets"",""cross_domain_references""]"
/Game/PrimalEarth/CoreBlueprints/Items/Consumables/Seeds/PrimalItemConsumableSeed.PrimalItemConsumableSeed,PrimalItemConsumableSeed,/Script/Engine.Blueprint,/Game/PrimalEarth/CoreBlueprints/Items/Consumables/Seeds/PrimalItemConsumableSeed.PrimalItemConsumableSeed_C,/Game/PrimalEarth/CoreBlueprints/Items/Consumables/BaseBPs/PrimalItemConsumableEatable.PrimalItemConsumableEatable_C,/Script/ShooterGame.PrimalItem,BPTYPE_Normal,EXTRACTED,HIGH,0,NOT_AVAILABLE,52,28,0,9,0,0,0,,,1,"[""has_descendants"",""referenced_by_assets"",""cross_domain_references""]"
/Game/PrimalEarth/Structures/BaseFuelBurner.BaseFuelBurner,BaseFuelBurner,/Script/Engine.Blueprint,/Game/PrimalEarth/Structures/BaseFuelBurner.BaseFuelBurner_C,/Game/PrimalEarth/Structures/BuildingBases/StructureItemContainerBaseBP.StructureItemContainerBaseBP_C,/Script/ShooterGame.PrimalStructureItemContainer,BPTYPE_Normal,EXTRACTED,HIGH,0,NOT_AVAILABLE,51,24,0,4,0,0,0,,,1,"[""has_descendants"",""referenced_by_assets"",""cross_domain_references""]"
/Game/Packs/Frontier/CoreBlueprints/Engrams/EngramEntry_Frontier_BASE.EngramEntry_Frontier_BASE,EngramEntry_Frontier_BASE,/Script/Engine.Blueprint,/Game/Packs/Frontier/CoreBlueprints/Engrams/EngramEntry_Frontier_BASE.EngramEntry_Frontier_BASE_C,/Script/ShooterGame.PrimalEngramEntry,/Script/ShooterGame.PrimalEngramEntry,BPTYPE_Normal,EXTRACTED,HIGH,0,NOT_AVAILABLE,50,50,0,3,0,0,0,,,1,"[""has_descendants"",""referenced_by_assets"",""cross_domain_references""]"
/Game/PrimalEarth/CoreBlueprints/Dino_Character_BP_NoBossArena.Dino_Character_BP_NoBossArena,Dino_Character_BP_NoBossArena,/Script/Engine.Blueprint,/Game/PrimalEarth/CoreBlueprints/Dino_Character_BP_NoBossArena.Dino_Character_BP_NoBossArena_C,/Game/PrimalEarth/CoreBlueprints/Dino_Character_BP.Dino_Character_BP_C,/Script/ShooterGame.PrimalDinoCharacter,BPTYPE_Normal,EXTRACTED,HIGH,0,NOT_AVAILABLE,50,7,0,3,0,0,0,,,1,"[""has_descendants"",""referenced_by_assets"",""cross_domain_references""]"
/Game/Base/GameplayComponents/GameComp_Base.GameComp_Base,GameComp_Base,/Script/Engine.Blueprint,/Game/Base/GameplayComponents/GameComp_Base.GameComp_Base_C,/Script/Engine.SceneComponent,/Script/Engine.SceneComponent,BPTYPE_Normal,EXTRACTED,HIGH,0,NOT_AVAILABLE,49,34,0,4,0,0,0,,,1,"[""has_descendants"",""referenced_by_assets"",""cross_domain_references""]"
/Game/PrimalEarth/CoreBlueprints/Inventories/DinoDropInventoryComponent_Carnivore_Huge.DinoDropInventoryComponent_Carnivore_Huge,DinoDropInventoryComponent_Carnivore_Huge,/Script/Engine.Blueprint,/Game/PrimalEarth/CoreBlueprints/Inventories/DinoDropInventoryComponent_Carnivore_Huge.DinoDropInventoryComponent_Carnivore_Huge_C,/Game/PrimalEarth/CoreBlueprints/Inventories/DinoDropInventoryComponent_BP_Base.DinoDropInventoryComponent_BP_Base_C,UNKNOWN,BPTYPE_Normal,EXTRACTED,HIGH,0,NOT_AVAILABLE,49,35,0,8,0,0,0,,,1,"[""has_descendants"",""referenced_by_assets"",""cross_domain_references""]"
/Game/PrimalEarth/CoreBlueprints/ItemLootSets/LootItemSet_SupplyDrop_ASA_Base.LootItemSet_SupplyDrop_ASA_Base,LootItemSet_SupplyDrop_ASA_Base,/Script/Engine.Blueprint,/Game/PrimalEarth/CoreBlueprints/ItemLootSets/LootItemSet_SupplyDrop_ASA_Base.LootItemSet_SupplyDrop_ASA_Base_C,/Script/ShooterGame.PrimalSupplyCrateItemSet,/Script/ShooterGame.PrimalSupplyCrateItemSet,BPTYPE_Normal,EXTRACTED,HIGH,0,NOT_AVAILABLE,49,41,0,5,0,0,0,,,1,"[""has_descendants"",""referenced_by_assets"",""cross_domain_references""]"
/Game/Genesis2/Missions/ModularMission/ShootingGallery/ShootingGallery_Submodule_FireProjectiles_Main.ShootingGallery_Submodule_FireProjectiles_Main,ShootingGallery_Submodule_FireProjectiles_Main,/Script/Engine.Blueprint,/Game/Genesis2/Missions/ModularMission/ShootingGallery/ShootingGallery_Submodule_FireProjectiles_Main.ShootingGallery_Submodule_FireProjectiles_Main_C,/Game/Genesis2/Missions/ModularMission/MissionModule_zSubmodule_FireProjectiles_Base.MissionModule_zSubmodule_FireProjectiles_Base_C,UNKNOWN,BPTYPE_Normal,EXTRACTED,HIGH,0,NOT_AVAILABLE,48,17,0,1,0,0,0,,,1,"[""has_descendants"",""referenced_by_assets""]"
/Game/PrimalEarth/CoreBlueprints/ItemLootSets/LootItemSet_CaveDrop_ASA_Base.LootItemSet_CaveDrop_ASA_Base,LootItemSet_CaveDrop_ASA_Base,/Script/Engine.Blueprint,/Game/PrimalEarth/CoreBlueprints/ItemLootSets/LootItemSet_CaveDrop_ASA_Base.LootItemSet_CaveDrop_ASA_Base_C,/Script/ShooterGame.PrimalSupplyCrateItemSet,/Script/ShooterGame.PrimalSupplyCrateItemSet,BPTYPE_Normal,EXTRACTED,HIGH,1,FRESH,47,47,0,2,0,0,0,,,1,"[""has_descendants"",""referenced_by_assets"",""cross_domain_references""]"
/Game/PrimalEarth/CoreBlueprints/Inventories/PrimalInventoryBP_StorageBox_Base.PrimalInventoryBP_StorageBox_Base,PrimalInventoryBP_StorageBox_Base,/Script/Engine.Blueprint,/Game/PrimalEarth/CoreBlueprints/Inventories/PrimalInventoryBP_StorageBox_Base.PrimalInventoryBP_StorageBox_Base_C,/Script/ShooterGame.PrimalInventoryComponent,/Script/ShooterGame.PrimalInventoryComponent,BPTYPE_Normal,EXTRACTED,HIGH,0,NOT_AVAILABLE,46,41,0,6,0,0,0,,,1,"[""has_descendants"",""referenced_by_assets"",""cross_domain_references""]"
/Game/PrimalEarth/CoreBlueprints/Projectiles/ProjArrow.ProjArrow,ProjArrow,/Script/Engine.Blueprint,/Game/PrimalEarth/CoreBlueprints/Projectiles/ProjArrow.ProjArrow_C,/Script/ShooterGame.PrimalProjectileArrow,/Script/ShooterGame.PrimalProjectileArrow,BPTYPE_Normal,EXTRACTED,HIGH,0,NOT_AVAILABLE,46,39,0,6,0,0,0,,,1,"[""has_descendants"",""referenced_by_assets"",""cross_domain_references""]"
/Game/PrimalEarth/CoreBlueprints/Weapons/PrimalItemWeaponGenericAmmolessConsumeSelf.PrimalItemWeaponGenericAmmolessConsumeSelf,PrimalItemWeaponGenericAmmolessConsumeSelf,/Script/Engine.Blueprint,/Game/PrimalEarth/CoreBlueprints/Weapons/PrimalItemWeaponGenericAmmolessConsumeSelf.PrimalItemWeaponGenericAmmolessConsumeSelf_C,/Game/PrimalEarth/CoreBlueprints/Weapons/PrimalItemWeaponGenericNoStats.PrimalItemWeaponGenericNoStats_C,/Script/ShooterGame.PrimalItem,BPTYPE_Normal,EXTRACTED,HIGH,1,FRESH,46,26,0,1,0,0,0,,,1,"[""has_descendants"",""referenced_by_assets""]"
/Game/PrimalEarth/CoreBlueprints/DinoCharacterStatusComponent_BP_FlyerRide.DinoCharacterStatusComponent_BP_FlyerRide,DinoCharacterStatusComponent_BP_FlyerRide,/Script/Engine.Blueprint,/Game/PrimalEarth/CoreBlueprints/DinoCharacterStatusComponent_BP_FlyerRide.DinoCharacterStatusComponent_BP_FlyerRide_C,/Game/PrimalEarth/CoreBlueprints/DinoCharacterStatusComponent_BP.DinoCharacterStatusComponent_BP_C,UNKNOWN,BPTYPE_Normal,EXTRACTED,HIGH,0,NOT_AVAILABLE,45,24,0,11,0,0,0,,,1,"[""has_descendants"",""referenced_by_assets"",""cross_domain_references""]"
/Game/PrimalEarth/CoreBlueprints/Items/Consumables/PrimalItemConsumable_Kibble_Base_Small.PrimalItemConsumable_Kibble_Base_Small,PrimalItemConsumable_Kibble_Base_Small,/Script/Engine.Blueprint,/Game/PrimalEarth/CoreBlueprints/Items/Consumables/PrimalItemConsumable_Kibble_Base_Small.PrimalItemConsumable_Kibble_Base_Small_C,/Game/PrimalEarth/CoreBlueprints/Items/Consumables/PrimalItemConsumable_Kibble_Base_XSmall.PrimalItemConsumable_Kibble_Base_XSmall_C,/Script/ShooterGame.PrimalItem,BPTYPE_Normal,EXTRACTED,HIGH,0,NOT_AVAILABLE,45,54,0,8,0,0,0,,,1,"[""has_descendants"",""referenced_by_assets"",""cross_domain_references""]"
/Game/PrimalEarth/Structures/BuildingBases/SupplyCrateBaseBP.SupplyCrateBaseBP,SupplyCrateBaseBP,/Script/Engine.Blueprint,/Game/PrimalEarth/Structures/BuildingBases/SupplyCrateBaseBP.SupplyCrateBaseBP_C,/Script/ShooterGame.PrimalStructureItemContainer_SupplyCrate,/Script/ShooterGame.PrimalStructureItemContainer_SupplyCrate,BPTYPE_Normal,EXTRACTED,HIGH,0,NOT_AVAILABLE,45,48,0,8,0,0,0,,,1,"[""has_descendants"",""referenced_by_assets"",""cross_domain_references""]"
/Game/Genesis/Missions/Ocean/Outpost/Ocean/Base/Modules/Sub/MissionSubModule_SpawnCreatures_Gen_Outpost_Ocean_Base.MissionSubModule_SpawnCreatures_Gen_Outpost_Ocean_Base,MissionSubModule_SpawnCreatures_Gen_Outpost_Ocean_Base,/Script/Engine.Blueprint,/Game/Genesis/Missions/Ocean/Outpost/Ocean/Base/Modules/Sub/MissionSubModule_SpawnCreatures_Gen_Outpost_Ocean_Base.MissionSubModule_SpawnCreatures_Gen_Outpost_Ocean_Base_C,/Game/LostColony/Missions/Overworld/Base/Modules/MissionSubModule_SpawnCreatures_LC_Overworld_Base.MissionSubModule_SpawnCreatures_LC_Overworld_Base_C,/Script/ShooterGame.NewMissionModuleBase,BPTYPE_Normal,EXTRACTED,HIGH,0,NOT_AVAILABLE,44,14,0,1,0,0,0,,,1,"[""has_descendants"",""referenced_by_assets""]"
/Game/PrimalEarth/CoreBlueprints/Items/Armor/Skin/PrimalItemSkin_SummerSwimShirt_Base.PrimalItemSkin_SummerSwimShirt_Base,PrimalItemSkin_SummerSwimShirt_Base,/Script/Engine.Blueprint,/Game/PrimalEarth/CoreBlueprints/Items/Armor/Skin/PrimalItemSkin_SummerSwimShirt_Base.PrimalItemSkin_SummerSwimShirt_Base_C,/Game/PrimalEarth/Test/PrimalItemSkinGeneric.PrimalItemSkinGeneric_C,/Script/ShooterGame.PrimalItem,BPTYPE_Normal,EXTRACTED,HIGH,0,NOT_AVAILABLE,44,44,0,1,0,0,0,,,1,"[""has_descendants"",""referenced_by_assets""]"
/Game/PrimalEarth/Dinos/BaseBPs/DinoSettings_Carnivore_Huge.DinoSettings_Carnivore_Huge,DinoSettings_Carnivore_Huge,/Script/Engine.Blueprint,/Game/PrimalEarth/Dinos/BaseBPs/DinoSettings_Carnivore_Huge.DinoSettings_Carnivore_Huge_C,/Game/PrimalEarth/Dinos/BaseBPs/DinoSettings_Carnivore.DinoSettings_Carnivore_C,/Script/ShooterGame.PrimalDinoSettings,BPTYPE_Normal,EXTRACTED,HIGH,1,FRESH,44,35,0,9,0,0,0,,,1,"[""has_descendants"",""referenced_by_assets"",""cross_domain_references""]"
/Game/PrimalEarth/General/SupplyCrateExplosion.SupplyCrateExplosion,SupplyCrateExplosion,/Script/Engine.Blueprint,/Game/PrimalEarth/General/SupplyCrateExplosion.SupplyCrateExplosion_C,/Script/ShooterGame.PrimalEmitterSpawnable,UNKNOWN,BPTYPE_Normal,EXTRACTED,HIGH,0,NOT_AVAILABLE,44,39,0,6,0,0,0,,,1,"[""has_descendants"",""referenced_by_assets"",""cross_domain_references""]"
/Game/PrimalEarth/Structures/BuildingBases/Wall_Base_Small_SM.Wall_Base_Small_SM,Wall_Base_Small_SM,/Script/Engine.Blueprint,/Game/PrimalEarth/Structures/BuildingBases/Wall_Base_Small_SM.Wall_Base_Small_SM_C,/Game/PrimalEarth/Structures/BuildingBases/StructureBaseBP.StructureBaseBP_C,/Script/ShooterGame.PrimalStructure,BPTYPE_Normal,EXTRACTED,HIGH,0,NOT_AVAILABLE,44,48,0,6,0,0,0,,,1,"[""has_descendants"",""referenced_by_assets"",""cross_domain_references""]"
/Game/Base/GameplayComponents/Mechanics/StateMachine/v3/StateReqs/StateReq_Base_v3.StateReq_Base_v3,StateReq_Base_v3,/Script/Engine.Blueprint,/Game/Base/GameplayComponents/Mechanics/StateMachine/v3/StateReqs/StateReq_Base_v3.StateReq_Base_v3_C,/Script/ShooterGame.Object_WithWorldContext,/Script/ShooterGame.Object_WithWorldContext,BPTYPE_Normal,EXTRACTED,HIGH,0,NOT_AVAILABLE,43,18,0,2,0,0,0,,,1,"[""has_descendants"",""referenced_by_assets"",""cross_domain_references""]"
/Game/Genesis2/Missions/ModularMission/Structures/MissionModule_zSubmodule_ActivateSlidingMissionDoor.MissionModule_zSubmodule_ActivateSlidingMissionDoor,MissionModule_zSubmodule_ActivateSlidingMissionDoor,/Script/Engine.Blueprint,/Game/Genesis2/Missions/ModularMission/Structures/MissionModule_zSubmodule_ActivateSlidingMissionDoor.MissionModule_zSubmodule_ActivateSlidingMissionDoor_C,/Game/Genesis2/Missions/ModularMission/MissionModule_Base.MissionModule_Base_C,UNKNOWN,BPTYPE_Normal,EXTRACTED,HIGH,0,NOT_AVAILABLE,43,27,0,2,0,0,0,,,1,"[""has_descendants"",""referenced_by_assets"",""cross_domain_references""]"
/Game/PrimalEarth/CoreBlueprints/DamageTypes/DmgType_Instant.DmgType_Instant,DmgType_Instant,/Script/Engine.Blueprint,/Game/PrimalEarth/CoreBlueprints/DamageTypes/DmgType_Instant.DmgType_Instant_C,/Game/PrimalEarth/CoreBlueprints/DamageTypes/ShooterDamageTypeBP_Base.ShooterDamageTypeBP_Base_C,/Script/ShooterGame.ShooterDamageType,BPTYPE_Const,EXTRACTED,HIGH,0,NOT_AVAILABLE,43,890,0,19,0,0,0,,,1,"[""has_descendants"",""referenced_by_assets"",""cross_domain_references""]"
/Game/PrimalEarth/CoreBlueprints/DamageTypes/DmgType_Melee_Dino_Carnivore_Medium.DmgType_Melee_Dino_Carnivore_Medium,DmgType_Melee_Dino_Carnivore_Medium,/Script/Engine.Blueprint,/Game/PrimalEarth/CoreBlueprints/DamageTypes/DmgType_Melee_Dino_Carnivore_Medium.DmgType_Melee_Dino_Carnivore_Medium_C,/Game/PrimalEarth/CoreBlueprints/DamageTypes/DmgType_Melee_Dino_Carnivore.DmgType_Melee_Dino_Carnivore_C,/Script/ShooterGame.ShooterDamageType,BPTYPE_Const,EXTRACTED,HIGH,0,NOT_AVAILABLE,43,112,0,11,0,0,0,,,1,"[""has_descendants"",""referenced_by_assets"",""cross_domain_references""]"
/Game/PrimalEarth/CoreBlueprints/Items/Consumables/PrimalItemConsumable_Egg_XtraLarge.PrimalItemConsumable_Egg_XtraLarge,PrimalItemConsumable_Egg_XtraLarge,/Script/Engine.Blueprint,/Game/PrimalEarth/CoreBlueprints/Items/Consumables/PrimalItemConsumable_Egg_XtraLarge.PrimalItemConsumable_Egg_XtraLarge_C,/Game/PrimalEarth/CoreBlueprints/Items/Consumables/PrimalItemConsumable_Egg.PrimalItemConsumable_Egg_C,/Script/ShooterGame.PrimalItem,BPTYPE_Normal,EXTRACTED,HIGH,0,NOT_AVAILABLE,43,17,0,7,0,0,0,,,1,"[""has_descendants"",""referenced_by_assets"",""cross_domain_references""]"
/Game/PrimalEarth/Dinos/BaseBPs/DinoSettings_Carnivore_Medium.DinoSettings_Carnivore_Medium,DinoSettings_Carnivore_Medium,/Script/Engine.Blueprint,/Game/PrimalEarth/Dinos/BaseBPs/DinoSettings_Carnivore_Medium.DinoSettings_Carnivore_Medium_C,/Game/PrimalEarth/Dinos/BaseBPs/DinoSettings_Carnivore.DinoSettings_Carnivore_C,/Script/ShooterGame.PrimalDinoSettings,BPTYPE_Normal,EXTRACTED,HIGH,0,NOT_AVAILABLE,43,34,0,11,0,0,0,,,1,"[""has_descendants"",""referenced_by_assets"",""cross_domain_references""]"
/Game/Genesis2/Missions/ModularMission/MissionModule_Kill_Base.MissionModule_Kill_Base,MissionModule_Kill_Base,/Script/Engine.Blueprint,/Game/Genesis2/Missions/ModularMission/MissionModule_Kill_Base.MissionModule_Kill_Base_C,/Game/Genesis2/Missions/ModularMission/MissionModule_Base.MissionModule_Base_C,/Script/ShooterGame.NewMissionModuleBase,BPTYPE_Normal,EXTRACTED,HIGH,0,NOT_AVAILABLE,42,10,0,1,0,0,0,,,1,"[""has_descendants"",""referenced_by_assets""]"
/Game/PrimalEarth/CoreBlueprints/Dino_Character_BP_Climber.Dino_Character_BP_Climber,Dino_Character_BP_Climber,/Script/Engine.Blueprint,/Game/PrimalEarth/CoreBlueprints/Dino_Character_BP_Climber.Dino_Character_BP_Climber_C,/Game/PrimalEarth/CoreBlueprints/Dino_Character_BP_NoBossArena.Dino_Character_BP_NoBossArena_C,/Script/ShooterGame.PrimalDinoCharacter,BPTYPE_Normal,EXTRACTED,HIGH,0,NOT_AVAILABLE,42,39,0,6,0,0,0,,,1,"[""has_descendants"",""referenced_by_assets"",""cross_domain_references""]"
/Game/PrimalEarth/Structures/Tileset/SlopedWalls/StructureBase_Wall_Sloped.StructureBase_Wall_Sloped,StructureBase_Wall_Sloped,/Script/Engine.Blueprint,/Game/PrimalEarth/Structures/Tileset/SlopedWalls/StructureBase_Wall_Sloped.StructureBase_Wall_Sloped_C,/Game/PrimalEarth/Structures/BuildingBases/StructureBaseBP.StructureBaseBP_C,/Script/ShooterGame.PrimalStructure,BPTYPE_Normal,EXTRACTED,HIGH,0,NOT_AVAILABLE,42,36,0,3,0,0,0,,,1,"[""has_descendants"",""referenced_by_assets"",""cross_domain_references""]"
/Game/Genesis/CoreBlueprints/HLNA/MissonCompanionData_Base.MissonCompanionData_Base,MissonCompanionData_Base,/Script/Engine.Blueprint,/Game/Genesis/CoreBlueprints/HLNA/MissonCompanionData_Base.MissonCompanionData_Base_C,/Script/ShooterGame.PrimalStaticData_MissionCompanionData,UNKNOWN,BPTYPE_Const,EXTRACTED,HIGH,0,NOT_AVAILABLE,41,43,0,2,0,0,0,,,1,"[""has_descendants"",""referenced_by_assets"",""cross_domain_references""]"
/Game/PrimalEarth/CoreBlueprints/Buffs/Buff_Stunned.Buff_Stunned,Buff_Stunned,/Script/Engine.Blueprint,/Game/PrimalEarth/CoreBlueprints/Buffs/Buff_Stunned.Buff_Stunned_C,/Game/PrimalEarth/CoreBlueprints/Buffs/Buff_Base.Buff_Base_C,/Script/ShooterGame.PrimalBuff,BPTYPE_Normal,EXTRACTED,HIGH,0,NOT_AVAILABLE,40,44,0,8,0,0,0,,,1,"[""has_descendants"",""referenced_by_assets"",""cross_domain_references""]"
/Game/PrimalEarth/CoreBlueprints/DamageTypes/DmgType_Melee_Dino_Herbivore.DmgType_Melee_Dino_Herbivore,DmgType_Melee_Dino_Herbivore,/Script/Engine.Blueprint,/Game/PrimalEarth/CoreBlueprints/DamageTypes/DmgType_Melee_Dino_Herbivore.DmgType_Melee_Dino_Herbivore_C,/Game/PrimalEarth/CoreBlueprints/DamageTypes/DmgType_Melee_Dino.DmgType_Melee_Dino_C,/Script/ShooterGame.ShooterDamageType,BPTYPE_Const,EXTRACTED,HIGH,0,NOT_AVAILABLE,40,94,0,9,0,0,0,,,1,"[""has_descendants"",""referenced_by_assets"",""cross_domain_references""]"
/Game/PrimalEarth/CoreBlueprints/Inventories/DinoDropInventoryComponent_Carnivore_Small.DinoDropInventoryComponent_Carnivore_Small,DinoDropInventoryComponent_Carnivore_Small,/Script/Engine.Blueprint,/Game/PrimalEarth/CoreBlueprints/Inventories/DinoDropInventoryComponent_Carnivore_Small.DinoDropInventoryComponent_Carnivore_Small_C,/Game/PrimalEarth/CoreBlueprints/Inventories/DinoDropInventoryComponent_BP_Base.DinoDropInventoryComponent_BP_Base_C,UNKNOWN,BPTYPE_Normal,EXTRACTED,HIGH,0,NOT_AVAILABLE,40,38,0,5,0,0,0,,,1,"[""has_descendants"",""referenced_by_assets"",""cross_domain_references""]"
/Game/Base/GameplayComponents/v2/Buff_GameComp_Base_V3.Buff_GameComp_Base_V3,Buff_GameComp_Base_V3,/Script/Engine.Blueprint,/Game/Base/GameplayComponents/v2/Buff_GameComp_Base_V3.Buff_GameComp_Base_V3_C,/Game/PrimalEarth/CoreBlueprints/Buffs/Buff_Base.Buff_Base_C,/Script/ShooterGame.PrimalBuff,BPTYPE_Normal,EXTRACTED,HIGH,0,NOT_AVAILABLE,39,34,0,2,0,0,0,,,1,"[""has_descendants"",""referenced_by_assets"",""cross_domain_references""]"
/Game/PrimalEarth/CoreBlueprints/Buffs/Buff_Base_Disease.Buff_Base_Disease,Buff_Base_Disease,/Script/Engine.Blueprint,/Game/PrimalEarth/CoreBlueprints/Buffs/Buff_Base_Disease.Buff_Base_Disease_C,/Game/PrimalEarth/CoreBlueprints/Buffs/Buff_Base.Buff_Base_C,/Script/ShooterGame.PrimalBuff,BPTYPE_Normal,EXTRACTED,HIGH,0,NOT_AVAILABLE,39,1,0,1,0,0,0,,,1,"[""has_descendants"",""referenced_by_assets""]"
/Game/Packs/Wasteland/Vehicles/Car/BaseClasses/Buff_VehicleAttachment_Base.Buff_VehicleAttachment_Base,Buff_VehicleAttachment_Base,/Script/Engine.Blueprint,/Game/Packs/Wasteland/Vehicles/Car/BaseClasses/Buff_VehicleAttachment_Base.Buff_VehicleAttachment_Base_C,/Script/ShooterGame.PrimalBuff,/Script/ShooterGame.PrimalBuff,BPTYPE_Normal,EXTRACTED,HIGH,0,NOT_AVAILABLE,38,32,0,1,0,0,0,,,1,"[""has_descendants"",""referenced_by_assets""]"
/Game/PrimalEarth/CoreBlueprints/Buffs/Buff_Base_Disease_Low.Buff_Base_Disease_Low,Buff_Base_Disease_Low,/Script/Engine.Blueprint,/Game/PrimalEarth/CoreBlueprints/Buffs/Buff_Base_Disease_Low.Buff_Base_Disease_Low_C,/Game/PrimalEarth/CoreBlueprints/Buffs/Buff_Base_Disease.Buff_Base_Disease_C,/Script/ShooterGame.PrimalBuff,BPTYPE_Normal,EXTRACTED,HIGH,0,NOT_AVAILABLE,38,23,0,4,0,0,0,,,1,"[""has_descendants"",""referenced_by_assets"",""cross_domain_references""]"
/Game/PrimalEarth/CoreBlueprints/Resources/PrimalItemResourceGeneric_ApexDrop.PrimalItemResourceGeneric_ApexDrop,PrimalItemResourceGeneric_ApexDrop,/Script/Engine.Blueprint,/Game/PrimalEarth/CoreBlueprints/Resources/PrimalItemResourceGeneric_ApexDrop.PrimalItemResourceGeneric_ApexDrop_C,/Game/PrimalEarth/CoreBlueprints/Resources/PrimalItemResourceGeneric.PrimalItemResourceGeneric_C,/Script/ShooterGame.PrimalItem,BPTYPE_Normal,EXTRACTED,HIGH,0,NOT_AVAILABLE,38,40,0,6,0,0,0,,,1,"[""has_descendants"",""referenced_by_assets"",""cross_domain_references""]"
/Game/PrimalEarth/Structures/BuildingBases/StructureSeatingBaseBP.StructureSeatingBaseBP,StructureSeatingBaseBP,/Script/Engine.Blueprint,/Game/PrimalEarth/Structures/BuildingBases/StructureSeatingBaseBP.StructureSeatingBaseBP_C,/Script/ShooterGame.PrimalStructureSeating,/Script/ShooterGame.PrimalStructureSeating,BPTYPE_Normal,EXTRACTED,HIGH,0,NOT_AVAILABLE,38,55,0,6,0,0,0,,,1,"[""has_descendants"",""referenced_by_assets"",""cross_domain_references""]"
/Game/PrimalEarth/Dinos/Rex/Rex_Character_BP.Rex_Character_BP,Rex_Character_BP,/Script/Engine.Blueprint,/Game/PrimalEarth/Dinos/Rex/Rex_Character_BP.Rex_Character_BP_C,/Game/PrimalEarth/CoreBlueprints/Dino_Character_BP.Dino_Character_BP_C,/Script/ShooterGame.PrimalDinoCharacter,BPTYPE_Normal,EXTRACTED,HIGH,0,NOT_AVAILABLE,37,106,0,16,0,0,0,,,1,"[""has_descendants"",""referenced_by_assets"",""cross_domain_references""]"
/Game/PrimalEarth/Structures/BuildingBases/SupplyCrate_Cave_BASE.SupplyCrate_Cave_BASE,SupplyCrate_Cave_BASE,/Script/Engine.Blueprint,/Game/PrimalEarth/Structures/BuildingBases/SupplyCrate_Cave_BASE.SupplyCrate_Cave_BASE_C,/Game/PrimalEarth/Structures/BuildingBases/SupplyCrateBaseBP_Instantaneous.SupplyCrateBaseBP_Instantaneous_C,/Script/ShooterGame.PrimalStructureItemContainer_SupplyCrate,BPTYPE_Normal,EXTRACTED,HIGH,0,NOT_AVAILABLE,37,21,0,5,0,0,0,,,1,"[""has_descendants"",""referenced_by_assets"",""cross_domain_references""]"
/Game/ScorchedEarth/Effects/Blueprints/BP_Emitter_Master.BP_Emitter_Master,BP_Emitter_Master,/Script/Engine.Blueprint,/Game/ScorchedEarth/Effects/Blueprints/BP_Emitter_Master.BP_Emitter_Master_C,/Script/Engine.Emitter,UNKNOWN,BPTYPE_Normal,EXTRACTED,HIGH,0,NOT_AVAILABLE,36,38,0,6,0,0,0,,,1,"[""has_descendants"",""referenced_by_assets"",""cross_domain_references""]"
/Game/Aberration/Dinos/Nameless/Xenomorph_Character_BP.Xenomorph_Character_BP,Xenomorph_Character_BP,/Script/Engine.Blueprint,/Game/Aberration/Dinos/Nameless/Xenomorph_Character_BP.Xenomorph_Character_BP_C,/Game/PrimalEarth/CoreBlueprints/Dino_Character_BP.Dino_Character_BP_C,/Script/ShooterGame.PrimalDinoCharacter,BPTYPE_Normal,EXTRACTED,HIGH,0,NOT_AVAILABLE,35,43,0,8,0,0,0,,,1,"[""has_descendants"",""referenced_by_assets"",""cross_domain_references""]"
/Game/Genesis2/Missions/ModularMission/Gauntlet2/MissionModule_Kill_Gauntlet.MissionModule_Kill_Gauntlet,MissionModule_Kill_Gauntlet,/Script/Engine.Blueprint,/Game/Genesis2/Missions/ModularMission/Gauntlet2/MissionModule_Kill_Gauntlet.MissionModule_Kill_Gauntlet_C,/Game/Genesis2/Missions/ModularMission/MissionModule_Kill_Base.MissionModule_Kill_Base_C,UNKNOWN,BPTYPE_Normal,EXTRACTED,HIGH,0,NOT_AVAILABLE,35,8,0,1,0,0,0,,,1,"[""has_descendants"",""referenced_by_assets""]"
/Game/PrimalEarth/CoreBlueprints/Items/Armor/Base/PrimalItemArmor_BaseShirt.PrimalItemArmor_BaseShirt,PrimalItemArmor_BaseShirt,/Script/Engine.Blueprint,/Game/PrimalEarth/CoreBlueprints/Items/Armor/Base/PrimalItemArmor_BaseShirt.PrimalItemArmor_BaseShirt_C,/Game/PrimalEarth/CoreBlueprints/Items/Armor/Base/PrimalItemArmorGeneric.PrimalItemArmorGeneric_C,/Script/ShooterGame.PrimalItem,BPTYPE_Normal,EXTRACTED,HIGH,0,NOT_AVAILABLE,35,52,0,13,0,0,0,,,1,"[""has_descendants"",""referenced_by_assets"",""cross_domain_references""]"
/Game/PrimalEarth/Structures/Tileset/GarageDoors/StructureBase_GarageDoor.StructureBase_GarageDoor,StructureBase_GarageDoor,/Script/Engine.Blueprint,/Game/PrimalEarth/Structures/Tileset/GarageDoors/StructureBase_GarageDoor.StructureBase_GarageDoor_C,/Game/PrimalEarth/Structures/BuildingBases/Door_Base_SM.Door_Base_SM_C,/Script/ShooterGame.PrimalStructureDoor,BPTYPE_Normal,EXTRACTED,HIGH,0,NOT_AVAILABLE,35,35,0,1,0,0,0,,,1,"[""has_descendants"",""referenced_by_assets""]"
/Game/PrimalEarth/CoreBlueprints/Weapons/WeapBaseClub.WeapBaseClub,WeapBaseClub,/Script/Engine.Blueprint,/Game/PrimalEarth/CoreBlueprints/Weapons/WeapBaseClub.WeapBaseClub_C,/Game/PrimalEarth/CoreBlueprints/Weapons/WeapBaseMelee.WeapBaseMelee_C,/Script/ShooterGame.ShooterWeapon_Melee,BPTYPE_Normal,EXTRACTED,HIGH,0,NOT_AVAILABLE,34,7,0,1,0,0,0,,,1,"[""has_descendants"",""referenced_by_assets""]"
/Game/ASA/Dinos/SpiritBear/Gameplay/ToMerge/v2/StateReqs/StateReq_Base.StateReq_Base,StateReq_Base,/Script/Engine.Blueprint,/Game/ASA/Dinos/SpiritBear/Gameplay/ToMerge/v2/StateReqs/StateReq_Base.StateReq_Base_C,/Script/ShooterGame.Object_WithWorldContext,/Script/ShooterGame.Object_WithWorldContext,BPTYPE_Normal,EXTRACTED,HIGH,0,NOT_AVAILABLE,33,16,0,1,0,0,0,,,1,"[""has_descendants"",""referenced_by_assets""]"
/Game/Genesis/Missions/Escort/MissionType_Escort_Base.MissionType_Escort_Base,MissionType_Escort_Base,/Script/Engine.Blueprint,/Game/Genesis/Missions/Escort/MissionType_Escort_Base.MissionType_Escort_Base_C,/Game/Genesis/Missions/MissionTypeBlueprintBase.MissionTypeBlueprintBase_C,/Script/ShooterGame.MissionType,BPTYPE_Normal,EXTRACTED,HIGH,0,NOT_AVAILABLE,33,17,0,2,0,0,0,,,1,"[""has_descendants"",""referenced_by_assets"",""cross_domain_references""]"
/Game/Genesis2/Missions/ModularMission/Gauntlet2/MissionModule_zSubmodule_SpawnCreatures_Gauntlet.MissionModule_zSubmodule_SpawnCreatures_Gauntlet,MissionModule_zSubmodule_SpawnCreatures_Gauntlet,/Script/Engine.Blueprint,/Game/Genesis2/Missions/ModularMission/Gauntlet2/MissionModule_zSubmodule_SpawnCreatures_Gauntlet.MissionModule_zSubmodule_SpawnCreatures_Gauntlet_C,/Game/Genesis2/Missions/ModularMission/MissionModule_zSubmodule_SpawnCreatures_Base.MissionModule_zSubmodule_SpawnCreatures_Base_C,UNKNOWN,BPTYPE_Normal,EXTRACTED,HIGH,0,NOT_AVAILABLE,33,4,0,1,0,0,0,,,1,"[""has_descendants"",""referenced_by_assets""]"
/Game/PrimalEarth/CoreBlueprints/DamageTypes/DmgType_Melee_Torpidity_Low.DmgType_Melee_Torpidity_Low,DmgType_Melee_Torpidity_Low,/Script/Engine.Blueprint,/Game/PrimalEarth/CoreBlueprints/DamageTypes/DmgType_Melee_Torpidity_Low.DmgType_Melee_Torpidity_Low_C,/Game/PrimalEarth/CoreBlueprints/DamageTypes/DmgType_Melee_Torpidity.DmgType_Melee_Torpidity_C,/Script/ShooterGame.ShooterDamageType,BPTYPE_Const,EXTRACTED,HIGH,0,NOT_AVAILABLE,33,5,0,1,0,0,0,,,1,"[""has_descendants"",""referenced_by_assets""]"
/Game/PrimalEarth/CoreBlueprints/DamageTypes/DmgType_ProjectileWithImpactFX.DmgType_ProjectileWithImpactFX,DmgType_ProjectileWithImpactFX,/Script/Engine.Blueprint,/Game/PrimalEarth/CoreBlueprints/DamageTypes/DmgType_ProjectileWithImpactFX.DmgType_ProjectileWithImpactFX_C,/Game/PrimalEarth/CoreBlueprints/DamageTypes/DmgType_Projectile.DmgType_Projectile_C,/Script/ShooterGame.ShooterDamageType,BPTYPE_Const,EXTRACTED,HIGH,0,NOT_AVAILABLE,33,28,0,8,0,0,0,,,1,"[""has_descendants"",""referenced_by_assets"",""cross_domain_references""]"
/Game/PrimalEarth/CoreBlueprints/HarvestComponents/WoodHarvestComponent.WoodHarvestComponent,WoodHarvestComponent,/Script/Engine.Blueprint,/Game/PrimalEarth/CoreBlueprints/HarvestComponents/WoodHarvestComponent.WoodHarvestComponent_C,/Game/PrimalEarth/CoreBlueprints/HarvestComponents/AttackHarvestComponent_Base.AttackHarvestComponent_Base_C,/Script/ShooterGame.PrimalHarvestingComponent,BPTYPE_Normal,EXTRACTED,HIGH,0,NOT_AVAILABLE,33,2791,0,14,0,0,0,,,1,"[""has_descendants"",""referenced_by_assets"",""cross_domain_references""]"
/Game/PrimalEarth/CoreBlueprints/Items/Armor/Cloth/PrimalItem_BossTributeGeneric.PrimalItem_BossTributeGeneric,PrimalItem_BossTributeGeneric,/Script/Engine.Blueprint,/Game/PrimalEarth/CoreBlueprints/Items/Armor/Cloth/PrimalItem_BossTributeGeneric.PrimalItem_BossTributeGeneric_C,/Game/PrimalEarth/CoreBlueprints/Items/PrimalItem_Base.PrimalItem_Base_C,/Script/ShooterGame.PrimalItem,BPTYPE_Normal,EXTRACTED,HIGH,0,NOT_AVAILABLE,33,15,0,3,0,0,0,,,1,"[""has_descendants"",""referenced_by_assets"",""cross_domain_references""]"
/Game/PrimalEarth/CoreBlueprints/Items/Consumables/PrimalItemConsumable_Egg_Special.PrimalItemConsumable_Egg_Special,PrimalItemConsumable_Egg_Special,/Script/Engine.Blueprint,/Game/PrimalEarth/CoreBlueprints/Items/Consumables/PrimalItemConsumable_Egg_Special.PrimalItemConsumable_Egg_Special_C,/Game/PrimalEarth/CoreBlueprints/Items/Consumables/PrimalItemConsumable_Egg.PrimalItemConsumable_Egg_C,/Script/ShooterGame.PrimalItem,BPTYPE_Normal,EXTRACTED,HIGH,0,NOT_AVAILABLE,33,14,0,8,0,0,0,,,1,"[""has_descendants"",""referenced_by_assets"",""cross_domain_references""]"
/Game/PrimalEarth/CoreBlueprints/Items/Consumables/PrimalItemConsumable_Kibble_Base_Medium.PrimalItemConsumable_Kibble_Base_Medium,PrimalItemConsumable_Kibble_Base_Medium,/Script/Engine.Blueprint,/Game/PrimalEarth/CoreBlueprints/Items/Consumables/PrimalItemConsumable_Kibble_Base_Medium.PrimalItemConsumable_Kibble_Base_Medium_C,/Game/PrimalEarth/CoreBlueprints/Items/Consumables/PrimalItemConsumable_Kibble_Base_Small.PrimalItemConsumable_Kibble_Base_Small_C,/Script/ShooterGame.PrimalItem,BPTYPE_Normal,EXTRACTED,HIGH,0,NOT_AVAILABLE,33,66,0,10,0,0,0,,,1,"[""has_descendants"",""referenced_by_assets"",""cross_domain_references""]"
/Game/PrimalEarth/CoreBlueprints/BossTribute/BossTeleporter.BossTeleporter,BossTeleporter,/Script/Engine.Blueprint,/Game/PrimalEarth/CoreBlueprints/BossTribute/BossTeleporter.BossTeleporter_C,/Script/ShooterGame.PrimalBuff,/Script/ShooterGame.PrimalBuff,BPTYPE_Normal,EXTRACTED,HIGH,0,NOT_AVAILABLE,32,33,0,2,0,0,0,,,1,"[""has_descendants"",""referenced_by_assets"",""cross_domain_references""]"
/Game/PrimalEarth/CoreBlueprints/Dino_Character_BP_RepelType.Dino_Character_BP_RepelType,Dino_Character_BP_RepelType,/Script/Engine.Blueprint,/Game/PrimalEarth/CoreBlueprints/Dino_Character_BP_RepelType.Dino_Character_BP_RepelType_C,/Game/PrimalEarth/CoreBlueprints/Dino_Character_BP.Dino_Character_BP_C,/Script/ShooterGame.PrimalDinoCharacter,BPTYPE_Normal,EXTRACTED,HIGH,0,NOT_AVAILABLE,32,8,0,3,0,0,0,,,1,"[""has_descendants"",""referenced_by_assets"",""cross_domain_references""]"
/Game/PrimalEarth/Dinos/Ant/Insect_Character_Base.Insect_Character_Base,Insect_Character_Base,/Script/Engine.Blueprint,/Game/PrimalEarth/Dinos/Ant/Insect_Character_Base.Insect_Character_Base_C,/Game/PrimalEarth/CoreBlueprints/Dino_Character_BP.Dino_Character_BP_C,/Script/ShooterGame.PrimalDinoCharacter,BPTYPE_Normal,EXTRACTED,HIGH,0,NOT_AVAILABLE,32,49,0,7,0,0,0,,,1,"[""has_descendants"",""referenced_by_assets"",""cross_domain_references""]"
/Game/PrimalEarth/Structures/Tileset/RoofCorners/StructureBase_Roof_Corner.StructureBase_Roof_Corner,StructureBase_Roof_Corner,/Script/Engine.Blueprint,/Game/PrimalEarth/Structures/Tileset/RoofCorners/StructureBase_Roof_Corner.StructureBase_Roof_Corner_C,/Game/PrimalEarth/Structures/BuildingBases/StructureBaseBP.StructureBaseBP_C,/Script/ShooterGame.PrimalStructure,BPTYPE_Normal,EXTRACTED,HIGH,0,NOT_AVAILABLE,32,28,0,1,0,0,0,,,1,"[""has_descendants"",""referenced_by_assets""]"
/Game/PrimalEarth/CoreBlueprints/Items/Structures/BuildingBases/PrimalItemStructure_BaseSign.PrimalItemStructure_BaseSign,PrimalItemStructure_BaseSign,/Script/Engine.Blueprint,/Game/PrimalEarth/CoreBlueprints/Items/Structures/BuildingBases/PrimalItemStructure_BaseSign.PrimalItemStructure_BaseSign_C,/Game/PrimalEarth/CoreBlueprints/Items/Structures/BuildingBases/PrimalItemStructureGeneric.PrimalItemStructureGeneric_C,/Script/ShooterGame.PrimalItem,BPTYPE_Normal,EXTRACTED,HIGH,0,NOT_AVAILABLE,31,31,0,5,0,0,0,,,1,"[""has_descendants"",""referenced_by_assets"",""cross_domain_references""]"
/Game/PrimalEarth/CoreBlueprints/Projectiles/ProjSpear.ProjSpear,ProjSpear,/Script/Engine.Blueprint,/Game/PrimalEarth/CoreBlueprints/Projectiles/ProjSpear.ProjSpear_C,/Script/ShooterGame.PrimalProjectileArrow,/Script/ShooterGame.PrimalProjectileArrow,BPTYPE_Normal,EXTRACTED,HIGH,0,NOT_AVAILABLE,30,13,0,6,0,0,0,,,1,"[""has_descendants"",""referenced_by_assets"",""cross_domain_references""]"
/Game/Genesis/Missions/Retrieve/MissionType_Retrieve_Base.MissionType_Retrieve_Base,MissionType_Retrieve_Base,/Script/Engine.Blueprint,/Game/Genesis/Missions/Retrieve/MissionType_Retrieve_Base.MissionType_Retrieve_Base_C,/Game/Genesis/Missions/MissionTypeBlueprintBase.MissionTypeBlueprintBase_C,/Script/ShooterGame.MissionType,BPTYPE_Normal,EXTRACTED,HIGH,0,NOT_AVAILABLE,29,10,0,1,0,0,0,,,1,"[""has_descendants"",""referenced_by_assets""]"
/Game/LostColony/Lighting/PropLights/BP_LC_Spotlight_Base.BP_LC_Spotlight_Base,BP_LC_Spotlight_Base,/Script/Engine.Blueprint,/Game/LostColony/Lighting/PropLights/BP_LC_Spotlight_Base.BP_LC_Spotlight_Base_C,/Script/Engine.SpotLight,/Script/Engine.SpotLight,BPTYPE_Normal,EXTRACTED,HIGH,0,NOT_AVAILABLE,29,29,0,1,0,0,0,,,1,"[""has_descendants"",""referenced_by_assets""]"
/Game/PrimalEarth/CoreBlueprints/DamageTypes/DmgType_Melee_Dino_Carnivore_Large.DmgType_Melee_Dino_Carnivore_Large,DmgType_Melee_Dino_Carnivore_Large,/Script/Engine.Blueprint,/Game/PrimalEarth/CoreBlueprints/DamageTypes/DmgType_Melee_Dino_Carnivore_Large.DmgType_Melee_Dino_Carnivore_Large_C,/Game/PrimalEarth/CoreBlueprints/DamageTypes/DmgType_Melee_Dino_Carnivore.DmgType_Melee_Dino_Carnivore_C,/Script/ShooterGame.ShooterDamageType,BPTYPE_Const,EXTRACTED,HIGH,0,NOT_AVAILABLE,29,160,0,12,0,0,0,,,1,"[""has_descendants"",""referenced_by_assets"",""cross_domain_references""]"
/Game/PrimalEarth/CoreBlueprints/DamageTypes/DmgType_Melee_DmgMetal.DmgType_Melee_DmgMetal,DmgType_Melee_DmgMetal,/Script/Engine.Blueprint,/Game/PrimalEarth/CoreBlueprints/DamageTypes/DmgType_Melee_DmgMetal.DmgType_Melee_DmgMetal_C,/Game/PrimalEarth/CoreBlueprints/DamageTypes/ShooterDamageTypeBP_Base.ShooterDamageTypeBP_Base_C,/Script/ShooterGame.ShooterDamageType,BPTYPE_Const,EXTRACTED,HIGH,0,NOT_AVAILABLE,29,34,0,5,0,0,0,,,1,"[""has_descendants"",""referenced_by_assets"",""cross_domain_references""]"
/Game/PrimalEarth/CoreBlueprints/Items/Armor/Skin/PrimalItemSkin_SummerSwimPants.PrimalItemSkin_SummerSwimPants,PrimalItemSkin_SummerSwimPants,/Script/Engine.Blueprint,/Game/PrimalEarth/CoreBlueprints/Items/Armor/Skin/PrimalItemSkin_SummerSwimPants.PrimalItemSkin_SummerSwimPants_C,/Game/PrimalEarth/Test/PrimalItemSkinGeneric.PrimalItemSkinGeneric_C,/Script/ShooterGame.PrimalItem,BPTYPE_Normal,EXTRACTED,HIGH,0,NOT_AVAILABLE,29,29,0,1,0,0,0,,,1,"[""has_descendants"",""referenced_by_assets""]"
/Game/PrimalEarth/Structures/BuildingBases/Sign_Base.Sign_Base,Sign_Base,/Script/Engine.Blueprint,/Game/PrimalEarth/Structures/BuildingBases/Sign_Base.Sign_Base_C,/Script/ShooterGame.PrimalStructureSign,/Script/ShooterGame.PrimalStructureSign,BPTYPE_Normal,EXTRACTED,HIGH,0,NOT_AVAILABLE,29,25,0,3,0,0,0,,,1,"[""has_descendants"",""referenced_by_assets"",""cross_domain_references""]"
/Game/ScorchedEarth/Dinos/Wyvern/Wyvern_Character_BP_Base.Wyvern_Character_BP_Base,Wyvern_Character_BP_Base,/Script/Engine.Blueprint,/Game/ScorchedEarth/Dinos/Wyvern/Wyvern_Character_BP_Base.Wyvern_Character_BP_Base_C,/Game/PrimalEarth/CoreBlueprints/Dino_Character_BP.Dino_Character_BP_C,/Script/ShooterGame.PrimalDinoCharacter,BPTYPE_Normal,EXTRACTED,HIGH,1,FRESH,29,38,0,1,0,0,1,,,1,"[""has_descendants"",""referenced_by_assets"",""blueprint_native_boundary""]"
/Game/ASA/CoreBlueprints/Skins/PrimalItemSkin_CharacterSkin_Base.PrimalItemSkin_CharacterSkin_Base,PrimalItemSkin_CharacterSkin_Base,/Script/Engine.Blueprint,/Game/ASA/CoreBlueprints/Skins/PrimalItemSkin_CharacterSkin_Base.PrimalItemSkin_CharacterSkin_Base_C,/Game/PrimalEarth/Test/PrimalItemSkinGeneric.PrimalItemSkinGeneric_C,/Script/ShooterGame.PrimalItem,BPTYPE_Normal,EXTRACTED,HIGH,0,NOT_AVAILABLE,28,4,0,2,0,0,0,,,1,"[""has_descendants"",""referenced_by_assets"",""cross_domain_references""]"
/Game/LostColony/Dinos/Thrall/Characters/Base/Thrall_Character_BP_Base.Thrall_Character_BP_Base,Thrall_Character_BP_Base,/Script/Engine.Blueprint,/Game/LostColony/Dinos/Thrall/Characters/Base/Thrall_Character_BP_Base.Thrall_Character_BP_Base_C,/Game/Genesis/Dinos/Bots/Bot_Character_BP.Bot_Character_BP_C,/Script/ShooterGame.PrimalBotCharacter,BPTYPE_Normal,EXTRACTED,HIGH,0,NOT_AVAILABLE,28,35,0,2,0,0,0,,,1,"[""has_descendants"",""referenced_by_assets"",""cross_domain_references""]"
/Game/LostColony/Missions/Overworld/Outpost/Base/Modules/MissionModule_LC_Outpost_Waves_Base.MissionModule_LC_Outpost_Waves_Base,MissionModule_LC_Outpost_Waves_Base,/Script/Engine.Blueprint,/Game/LostColony/Missions/Overworld/Outpost/Base/Modules/MissionModule_LC_Outpost_Waves_Base.MissionModule_LC_Outpost_Waves_Base_C,/Game/Genesis2/Missions/ModularMission/MissionModule_Base.MissionModule_Base_C,/Script/ShooterGame.NewMissionModuleBase,BPTYPE_Normal,EXTRACTED,HIGH,0,NOT_AVAILABLE,28,5,0,2,0,0,0,,,1,"[""has_descendants"",""referenced_by_assets"",""cross_domain_references""]"
/Game/PrimalEarth/CoreBlueprints/CORE_PrimalGameData.CORE_PrimalGameData,CORE_PrimalGameData,/Script/Engine.Blueprint,/Game/PrimalEarth/CoreBlueprints/CORE_PrimalGameData.CORE_PrimalGameData_C,/Script/ShooterGame.PrimalGameData,/Script/ShooterGame.PrimalGameData,BPTYPE_Normal,EXTRACTED,HIGH,1,STALE,28,4,0,1,0,0,0,,,1,"[""has_descendants"",""referenced_by_assets"",""global_entry_name_hint_low_confidence""]"
/Game/PrimalEarth/CoreBlueprints/Items/Consumables/PrimalItemConsumable_Egg_XSmall.PrimalItemConsumable_Egg_XSmall,PrimalItemConsumable_Egg_XSmall,/Script/Engine.Blueprint,/Game/PrimalEarth/CoreBlueprints/Items/Consumables/PrimalItemConsumable_Egg_XSmall.PrimalItemConsumable_Egg_XSmall_C,/Game/PrimalEarth/CoreBlueprints/Items/Consumables/PrimalItemConsumable_Egg.PrimalItemConsumable_Egg_C,/Script/ShooterGame.PrimalItem,BPTYPE_Normal,EXTRACTED,HIGH,0,NOT_AVAILABLE,28,13,0,6,0,0,0,,,1,"[""has_descendants"",""referenced_by_assets"",""cross_domain_references""]"
/Game/PrimalEarth/Structures/Skins/StructureSkinBase_SingleSwap.StructureSkinBase_SingleSwap,StructureSkinBase_SingleSwap,/Script/Engine.Blueprint,/Game/PrimalEarth/Structures/Skins/StructureSkinBase_SingleSwap.StructureSkinBase_SingleSwap_C,/Game/PrimalEarth/Structures/Skins/StructureSkinBase.StructureSkinBase_C,/Script/ShooterGame.PrimalStructureItemContainer,BPTYPE_Normal,EXTRACTED,HIGH,0,NOT_AVAILABLE,28,10,0,2,0,0,0,,,1,"[""has_descendants"",""referenced_by_assets"",""cross_domain_references""]"
/Game/PrimalEarth/Structures/Tileset/RampCorners/StructureBase_Ramp_Corner.StructureBase_Ramp_Corner,StructureBase_Ramp_Corner,/Script/Engine.Blueprint,/Game/PrimalEarth/Structures/Tileset/RampCorners/StructureBase_Ramp_Corner.StructureBase_Ramp_Corner_C,/Game/PrimalEarth/Structures/BuildingBases/StructureBaseBP.StructureBaseBP_C,/Script/ShooterGame.PrimalStructure,BPTYPE_Normal,EXTRACTED,HIGH,0,NOT_AVAILABLE,28,28,0,1,0,0,0,,,1,"[""has_descendants"",""referenced_by_assets""]"
/Game/PrimalEarth/Structures/Tileset/SlopedWallsShallow/Base_Wall_Sloped_Shallow.Base_Wall_Sloped_Shallow,Base_Wall_Sloped_Shallow,/Script/Engine.Blueprint,/Game/PrimalEarth/Structures/Tileset/SlopedWallsShallow/Base_Wall_Sloped_Shallow.Base_Wall_Sloped_Shallow_C,/Game/PrimalEarth/Structures/BuildingBases/StructureBaseBP.StructureBaseBP_C,/Script/ShooterGame.PrimalStructure,BPTYPE_Normal,EXTRACTED,HIGH,0,NOT_AVAILABLE,28,28,0,1,0,0,0,,,1,"[""has_descendants"",""referenced_by_assets""]"
/Game/Aberration/Dinos/Nameless/Xenomorph_Character_BP_Male.Xenomorph_Character_BP_Male,Xenomorph_Character_BP_Male,/Script/Engine.Blueprint,/Game/Aberration/Dinos/Nameless/Xenomorph_Character_BP_Male.Xenomorph_Character_BP_Male_C,/Game/Aberration/Dinos/Nameless/Xenomorph_Character_BP.Xenomorph_Character_BP_C,/Script/ShooterGame.PrimalDinoCharacter,BPTYPE_Normal,EXTRACTED,HIGH,0,NOT_AVAILABLE,27,7,0,2,0,0,0,,,1,"[""has_descendants"",""referenced_by_assets"",""cross_domain_references""]"
/Game/PrimalEarth/CoreAI/DinoAttackStateMelee.DinoAttackStateMelee,DinoAttackStateMelee,/Script/Engine.Blueprint,/Game/PrimalEarth/CoreAI/DinoAttackStateMelee.DinoAttackStateMelee_C,/Script/ShooterGame.PrimalAIStateDinoMeleeState,UNKNOWN,BPTYPE_Normal,EXTRACTED,HIGH,0,NOT_AVAILABLE,27,714,0,18,0,0,0,,,1,"[""has_descendants"",""referenced_by_assets"",""cross_domain_references""]"
/Game/PrimalEarth/CoreBlueprints/COREMEDIA_PrimalGameData_BP.COREMEDIA_PrimalGameData_BP,COREMEDIA_PrimalGameData_BP,/Script/Engine.Blueprint,/Game/PrimalEarth/CoreBlueprints/COREMEDIA_PrimalGameData_BP.COREMEDIA_PrimalGameData_BP_C,/Game/PrimalEarth/CoreBlueprints/CORE_PrimalGameData.CORE_PrimalGameData_C,/Script/ShooterGame.PrimalGameData,BPTYPE_Normal,EXTRACTED,HIGH,1,STALE,27,2,0,1,0,0,0,,,1,"[""has_descendants"",""referenced_by_assets"",""global_entry_name_hint_low_confidence""]"
/Game/PrimalEarth/CoreBlueprints/DamageTypes/DmgType_Melee_Torpidity_None.DmgType_Melee_Torpidity_None,DmgType_Melee_Torpidity_None,/Script/Engine.Blueprint,/Game/PrimalEarth/CoreBlueprints/DamageTypes/DmgType_Melee_Torpidity_None.DmgType_Melee_Torpidity_None_C,/Game/PrimalEarth/CoreBlueprints/DamageTypes/DmgType_Melee_Torpidity.DmgType_Melee_Torpidity_C,/Script/ShooterGame.ShooterDamageType,BPTYPE_Const,EXTRACTED,HIGH,0,NOT_AVAILABLE,27,4,0,3,0,0,0,,,1,"[""has_descendants"",""referenced_by_assets"",""cross_domain_references""]"
/Game/PrimalEarth/Structures/BuildingBases/Floor_Base_SM.Floor_Base_SM,Floor_Base_SM,/Script/Engine.Blueprint,/Game/PrimalEarth/Structures/BuildingBases/Floor_Base_SM.Floor_Base_SM_C,/Game/PrimalEarth/Structures/BuildingBases/TilesetBases/StructureBase_Floor.StructureBase_Floor_C,/Script/ShooterGame.PrimalStructure,BPTYPE_Normal,EXTRACTED,HIGH,0,NOT_AVAILABLE,27,24,0,6,0,0,0,,,1,"[""has_descendants"",""referenced_by_assets"",""cross_domain_references""]"
/Game/PrimalEarth/Structures/Skins/StructureCosmeticBase_SingleSwap.StructureCosmeticBase_SingleSwap,StructureCosmeticBase_SingleSwap,/Script/Engine.Blueprint,/Game/PrimalEarth/Structures/Skins/StructureCosmeticBase_SingleSwap.StructureCosmeticBase_SingleSwap_C,/Game/PrimalEarth/Structures/Skins/StructureSkinBase_SingleSwap.StructureSkinBase_SingleSwap_C,/Script/ShooterGame.PrimalStructure,BPTYPE_Normal,EXTRACTED,HIGH,0,NOT_AVAILABLE,27,26,0,3,0,0,0,,,1,"[""has_descendants"",""referenced_by_assets"",""cross_domain_references""]"
/Game/Aberration/CoreBlueprints/Buffs/Buff_ChargeManager.Buff_ChargeManager,Buff_ChargeManager,/Script/Engine.Blueprint,/Game/Aberration/CoreBlueprints/Buffs/Buff_ChargeManager.Buff_ChargeManager_C,/Game/PrimalEarth/CoreBlueprints/Buffs/Buff_Base.Buff_Base_C,/Script/ShooterGame.PrimalBuff,BPTYPE_Normal,EXTRACTED,HIGH,0,NOT_AVAILABLE,26,55,0,7,0,0,0,,,1,"[""has_descendants"",""referenced_by_assets"",""cross_domain_references""]"
/Game/Genesis/Missions/GatherNodes/MissionType_Gather_Nodes.MissionType_Gather_Nodes,MissionType_Gather_Nodes,/Script/Engine.Blueprint,/Game/Genesis/Missions/GatherNodes/MissionType_Gather_Nodes.MissionType_Gather_Nodes_C,/Game/Genesis/Missions/MissionTypeBlueprintBase.MissionTypeBlueprintBase_C,/Script/ShooterGame.MissionType,BPTYPE_Normal,EXTRACTED,HIGH,0,NOT_AVAILABLE,26,8,0,2,0,0,0,,,1,"[""has_descendants"",""referenced_by_assets"",""cross_domain_references""]"
/Game/LostColony/Missions/Overworld/Outpost/Attack/Base/Modules/Sub/MissionSubModule_SpawnCreatures_Outpost_Attack_Wave_Base.MissionSubModule_SpawnCreatures_Outpost_Attack_Wave_Base,MissionSubModule_SpawnCreatures_Outpost_Attack_Wave_Base,/Script/Engine.Blueprint,/Game/LostColony/Missions/Overworld/Outpost/Attack/Base/Modules/Sub/MissionSubModule_SpawnCreatures_Outpost_Attack_Wave_Base.MissionSubModule_SpawnCreatures_Outpost_Attack_Wave_Base_C,/Game/LostColony/Missions/Overworld/Outpost/Base/Modules/MissionSubModule_SpawnCreatures_LC_Outpost_Base.MissionSubModule_SpawnCreatures_LC_Outpost_Base_C,/Script/ShooterGame.NewMissionModuleBase,BPTYPE_Normal,EXTRACTED,HIGH,0,NOT_AVAILABLE,26,18,0,1,0,0,0,,,1,"[""has_descendants"",""referenced_by_assets""]"
/Game/Packs/TidesOfFortune/CoreBlueprints/Skills/SkillBuffs/Buff_ShipSkill_Base.Buff_ShipSkill_Base,Buff_ShipSkill_Base,/Script/Engine.Blueprint,/Game/Packs/TidesOfFortune/CoreBlueprints/Skills/SkillBuffs/Buff_ShipSkill_Base.Buff_ShipSkill_Base_C,/Game/LostColony/CoreBlueprints/Skills/Buffs/Buff_Skill_Base.Buff_Skill_Base_C,/Script/ShooterGame.PrimalBuff_Skill,BPTYPE_Normal,EXTRACTED,HIGH,0,NOT_AVAILABLE,26,22,0,1,0,0,0,,,1,"[""has_descendants"",""referenced_by_assets""]"
/Game/PrimalEarth/CoreBlueprints/BASE_PrimalGameData_BP.BASE_PrimalGameData_BP,BASE_PrimalGameData_BP,/Script/Engine.Blueprint,/Game/PrimalEarth/CoreBlueprints/BASE_PrimalGameData_BP.BASE_PrimalGameData_BP_C,/Game/PrimalEarth/CoreBlueprints/COREMEDIA_PrimalGameData_BP.COREMEDIA_PrimalGameData_BP_C,/Script/ShooterGame.PrimalGameData,BPTYPE_Normal,EXTRACTED,HIGH,1,STALE,26,3,0,1,0,0,0,,,1,"[""has_descendants"",""referenced_by_assets"",""global_entry_name_hint_low_confidence""]"
/Game/PrimalEarth/CoreBlueprints/BaseAnimBlueprints/FPVWeaponAnimBP_Base.FPVWeaponAnimBP_Base,FPVWeaponAnimBP_Base,/Script/Engine.AnimBlueprint,/Game/PrimalEarth/CoreBlueprints/BaseAnimBlueprints/FPVWeaponAnimBP_Base.FPVWeaponAnimBP_Base_C,/Script/Engine.AnimInstance,/Script/Engine.AnimInstance,BPTYPE_Normal,EXTRACTED,HIGH,0,NOT_AVAILABLE,26,29,0,7,0,0,0,,,1,"[""has_descendants"",""referenced_by_assets"",""cross_domain_references""]"
/Game/PrimalEarth/CoreBlueprints/Items/Armor/Base/PrimalItemArmor_BaseHelmet.PrimalItemArmor_BaseHelmet,PrimalItemArmor_BaseHelmet,/Script/Engine.Blueprint,/Game/PrimalEarth/CoreBlueprints/Items/Armor/Base/PrimalItemArmor_BaseHelmet.PrimalItemArmor_BaseHelmet_C,/Game/PrimalEarth/CoreBlueprints/Items/Armor/Base/PrimalItemArmorGeneric.PrimalItemArmorGeneric_C,/Script/ShooterGame.PrimalItem,BPTYPE_Normal,EXTRACTED,HIGH,0,NOT_AVAILABLE,26,122,0,14,0,0,0,,,1,"[""has_descendants"",""referenced_by_assets"",""cross_domain_references""]"
/Game/PrimalEarth/Structures/BuildingBases/TilesetBases/StructureBase_Ceiling.StructureBase_Ceiling,StructureBase_Ceiling,/Script/Engine.Blueprint,/Game/PrimalEarth/Structures/BuildingBases/TilesetBases/StructureBase_Ceiling.StructureBase_Ceiling_C,/Game/PrimalEarth/Structures/BuildingBases/StructureBaseBP.StructureBaseBP_C,/Script/ShooterGame.PrimalStructure,BPTYPE_Normal,EXTRACTED,HIGH,0,NOT_AVAILABLE,26,23,0,2,0,0,0,,,1,"[""has_descendants"",""referenced_by_assets"",""cross_domain_references""]"
/Game/PrimalEarth/WeaponRifle/Animations/TPV/RifleHumanAnimBlueprint.RifleHumanAnimBlueprint,RifleHumanAnimBlueprint,/Script/Engine.AnimBlueprint,/Game/PrimalEarth/WeaponRifle/Animations/TPV/RifleHumanAnimBlueprint.RifleHumanAnimBlueprint_C,/Game/PrimalEarth/CoreBlueprints/BaseAnimBlueprints/BaseHumanAnimBP.BaseHumanAnimBP_C,/Script/Engine.AnimInstance,BPTYPE_Normal,EXTRACTED,HIGH,0,NOT_AVAILABLE,26,36,0,9,0,0,0,,,1,"[""has_descendants"",""referenced_by_assets"",""cross_domain_references""]"
/DinoDefense/2DPlatformer/Props/BaseProps_Platformer.BaseProps_Platformer,BaseProps_Platformer,/Script/Engine.Blueprint,/DinoDefense/2DPlatformer/Props/BaseProps_Platformer.BaseProps_Platformer_C,/Script/Engine.Actor,/Script/Engine.Actor,BPTYPE_Normal,EXTRACTED,HIGH,0,NOT_AVAILABLE,25,84,0,2,0,0,0,,,1,"[""has_descendants"",""referenced_by_assets"",""cross_domain_references""]"
/Game/ASA/Dinos/SpiritBear/Gameplay/ToMerge/v2/Buff_GameComp_Base_V2.Buff_GameComp_Base_V2,Buff_GameComp_Base_V2,/Script/Engine.Blueprint,/Game/ASA/Dinos/SpiritBear/Gameplay/ToMerge/v2/Buff_GameComp_Base_V2.Buff_GameComp_Base_V2_C,/Game/PrimalEarth/CoreBlueprints/Buffs/Buff_Base.Buff_Base_C,/Script/ShooterGame.PrimalBuff,BPTYPE_Normal,EXTRACTED,HIGH,0,NOT_AVAILABLE,25,10,0,1,0,0,0,,,1,"[""has_descendants"",""referenced_by_assets""]"
/Game/Genesis/CoreBlueprints/LootSets/LootItemSet_Missions_Hunt.LootItemSet_Missions_Hunt,LootItemSet_Missions_Hunt,/Script/Engine.Blueprint,/Game/Genesis/CoreBlueprints/LootSets/LootItemSet_Missions_Hunt.LootItemSet_Missions_Hunt_C,/Game/Genesis/CoreBlueprints/LootSets/LootItemSet_Missions.LootItemSet_Missions_C,UNKNOWN,BPTYPE_Normal,EXTRACTED,HIGH,0,NOT_AVAILABLE,25,6,0,1,0,0,0,,,1,"[""has_descendants"",""referenced_by_assets""]"
/Game/Packs/Frontier/Structures/TrainTracks/Structure_TrainTrack_Base.Structure_TrainTrack_Base,Structure_TrainTrack_Base,/Script/Engine.Blueprint,/Game/Packs/Frontier/Structures/TrainTracks/Structure_TrainTrack_Base.Structure_TrainTrack_Base_C,/Game/PrimalEarth/Structures/BuildingBases/StructureBaseBP.StructureBaseBP_C,/Script/ShooterGame.PrimalStructure,BPTYPE_Normal,EXTRACTED,HIGH,0,NOT_AVAILABLE,25,23,0,2,0,0,0,,,1,"[""has_descendants"",""referenced_by_assets"",""cross_domain_references""]"
/Game/PrimalEarth/CoreBlueprints/BaseAnimBlueprints/DinoBlueprintBase_RootTransform.DinoBlueprintBase_RootTransform,DinoBlueprintBase_RootTransform,/Script/Engine.AnimBlueprint,/Game/PrimalEarth/CoreBlueprints/BaseAnimBlueprints/DinoBlueprintBase_RootTransform.DinoBlueprintBase_RootTransform_C,/Script/ShooterGame.PrimalDinoAnimInstance,/Script/ShooterGame.PrimalDinoAnimInstance,BPTYPE_Normal,EXTRACTED,HIGH,0,NOT_AVAILABLE,25,20,0,2,0,0,0,,,1,"[""has_descendants"",""referenced_by_assets"",""cross_domain_references""]"
/Game/PrimalEarth/CoreBlueprints/Buffs/Buff_OverrideVelocity.Buff_OverrideVelocity,Buff_OverrideVelocity,/Script/Engine.Blueprint,/Game/PrimalEarth/CoreBlueprints/Buffs/Buff_OverrideVelocity.Buff_OverrideVelocity_C,/Script/ShooterGame.PrimalBuff,/Script/ShooterGame.PrimalBuff,BPTYPE_Normal,EXTRACTED,HIGH,0,NOT_AVAILABLE,25,7,0,5,0,0,0,,,1,"[""has_descendants"",""referenced_by_assets"",""cross_domain_references""]"
/Game/PrimalEarth/CoreBlueprints/HarvestComponents/SeedHarvestComponent.SeedHarvestComponent,SeedHarvestComponent,/Script/Engine.Blueprint,/Game/PrimalEarth/CoreBlueprints/HarvestComponents/SeedHarvestComponent.SeedHarvestComponent_C,/Game/PrimalEarth/CoreBlueprints/HarvestComponents/UseHarvestComponent_Base.UseHarvestComponent_Base_C,/Script/ShooterGame.PrimalHarvestingComponent,BPTYPE_Normal,EXTRACTED,HIGH,0,NOT_AVAILABLE,25,4159,0,14,0,0,0,,,1,"[""has_descendants"",""referenced_by_assets"",""cross_domain_references""]"
/Game/PrimalEarth/CoreBlueprints/Items/Armor/Skin/DearJane/PrimalItemSkin_CharacterSkin_HideImplant_Base.PrimalItemSkin_CharacterSkin_HideImplant_Base,PrimalItemSkin_CharacterSkin_HideImplant_Base,/Script/Engine.Blueprint,/Game/PrimalEarth/CoreBlueprints/Items/Armor/Skin/DearJane/PrimalItemSkin_CharacterSkin_HideImplant_Base.PrimalItemSkin_CharacterSkin_HideImplant_Base_C,/Game/ASA/CoreBlueprints/Skins/PrimalItemSkin_CharacterSkin_Base.PrimalItemSkin_CharacterSkin_Base_C,/Script/ShooterGame.PrimalItem,BPTYPE_Normal,EXTRACTED,HIGH,0,NOT_AVAILABLE,25,11,0,2,0,0,0,,,1,"[""has_descendants"",""referenced_by_assets"",""cross_domain_references""]"
/Game/PrimalEarth/CoreBlueprints/PrimalGameData_BP.PrimalGameData_BP,PrimalGameData_BP,/Script/Engine.Blueprint,/Game/PrimalEarth/CoreBlueprints/PrimalGameData_BP.PrimalGameData_BP_C,/Game/PrimalEarth/CoreBlueprints/BASE_PrimalGameData_BP.BASE_PrimalGameData_BP_C,/Script/ShooterGame.PrimalGameData,BPTYPE_Normal,EXTRACTED,HIGH,1,STALE,25,4,0,1,0,0,0,,,1,"[""has_descendants"",""referenced_by_assets"",""global_entry_name_hint_low_confidence""]"
/Game/PrimalEarth/Dinos/BaseBPs/DinoSettings_Carnivore_Small.DinoSettings_Carnivore_Small,DinoSettings_Carnivore_Small,/Script/Engine.Blueprint,/Game/PrimalEarth/Dinos/BaseBPs/DinoSettings_Carnivore_Small.DinoSettings_Carnivore_Small_C,/Game/PrimalEarth/Dinos/BaseBPs/DinoSettings_Carnivore.DinoSettings_Carnivore_C,/Script/ShooterGame.PrimalDinoSettings,BPTYPE_Normal,EXTRACTED,HIGH,0,NOT_AVAILABLE,25,25,0,7,0,0,0,,,1,"[""has_descendants"",""referenced_by_assets"",""cross_domain_references""]"
/Game/PrimalEarth/Structures/BuildingBases/Doorframe_Base_SM.Doorframe_Base_SM,Doorframe_Base_SM,/Script/Engine.Blueprint,/Game/PrimalEarth/Structures/BuildingBases/Doorframe_Base_SM.Doorframe_Base_SM_C,/Game/PrimalEarth/Structures/BuildingBases/Wall_Base_Small_SM.Wall_Base_Small_SM_C,/Script/ShooterGame.PrimalStructure,BPTYPE_Normal,EXTRACTED,HIGH,0,NOT_AVAILABLE,25,25,0,4,0,0,0,,,1,"[""has_descendants"",""referenced_by_assets"",""cross_domain_references""]"
/Game/Genesis2/Missions/Hunt/MissionMetaData_Hunt.MissionMetaData_Hunt,MissionMetaData_Hunt,/Script/Engine.Blueprint,/Game/Genesis2/Missions/Hunt/MissionMetaData_Hunt.MissionMetaData_Hunt_C,/Game/Genesis2/Missions/MissionMetaType_Base.MissionMetaType_Base_C,/Script/ShooterGame.MissionType,BPTYPE_Normal,EXTRACTED,HIGH,0,NOT_AVAILABLE,24,7,0,1,0,0,0,,,1,"[""has_descendants"",""referenced_by_assets""]"
/Game/Genesis2/Missions/Race2/MissionMetaType_Race.MissionMetaType_Race,MissionMetaType_Race,/Script/Engine.Blueprint,/Game/Genesis2/Missions/Race2/MissionMetaType_Race.MissionMetaType_Race_C,/Game/Genesis2/Missions/MissionMetaType_Base.MissionMetaType_Base_C,/Script/ShooterGame.MissionType,BPTYPE_Normal,EXTRACTED,HIGH,0,NOT_AVAILABLE,24,7,0,1,0,0,0,,,1,"[""has_descendants"",""referenced_by_assets""]"
/Game/Genesis2/Missions/Race2/MissionType_Race2.MissionType_Race2,MissionType_Race2,/Script/Engine.Blueprint,/Game/Genesis2/Missions/Race2/MissionType_Race2.MissionType_Race2_C,/Game/Genesis/Missions/Race/MissionType_Race.MissionType_Race_C,/Script/ShooterGame.MissionType,BPTYPE_Normal,EXTRACTED,HIGH,0,NOT_AVAILABLE,24,9,0,1,0,0,0,,,1,"[""has_descendants"",""referenced_by_assets""]"
/Game/LostColony/Missions/Overworld/Outpost/Structures/Loot/StructureBP_Mission_Outpost_LootStructure_Base.StructureBP_Mission_Outpost_LootStructure_Base,StructureBP_Mission_Outpost_LootStructure_Base,/Script/Engine.Blueprint,/Game/LostColony/Missions/Overworld/Outpost/Structures/Loot/StructureBP_Mission_Outpost_LootStructure_Base.StructureBP_Mission_Outpost_LootStructure_Base_C,/Script/ShooterGame.PrimalStructureItemContainer_HordeCrate,/Script/ShooterGame.PrimalStructureItemContainer_HordeCrate,BPTYPE_Normal,EXTRACTED,HIGH,0,NOT_AVAILABLE,24,29,0,2,0,0,0,,,1,"[""has_descendants"",""referenced_by_assets"",""cross_domain_references""]"
/Game/PrimalEarth/CoreBlueprints/DamageTypes/DmgType_Explosion_TekProjectile.DmgType_Explosion_TekProjectile,DmgType_Explosion_TekProjectile,/Script/Engine.Blueprint,/Game/PrimalEarth/CoreBlueprints/DamageTypes/DmgType_Explosion_TekProjectile.DmgType_Explosion_TekProjectile_C,/Game/PrimalEarth/CoreBlueprints/DamageTypes/DmgType_Explosion.DmgType_Explosion_C,/Script/ShooterGame.ShooterDamageType,BPTYPE_Const,EXTRACTED,HIGH,0,NOT_AVAILABLE,24,35,0,6,0,0,0,,,1,"[""has_descendants"",""referenced_by_assets"",""cross_domain_references""]"
/Game/PrimalEarth/CoreBlueprints/Dino_Character_BP_Ramming.Dino_Character_BP_Ramming,Dino_Character_BP_Ramming,/Script/Engine.Blueprint,/Game/PrimalEarth/CoreBlueprints/Dino_Character_BP_Ramming.Dino_Character_BP_Ramming_C,/Game/PrimalEarth/CoreBlueprints/Dino_Character_BP.Dino_Character_BP_C,/Script/ShooterGame.PrimalDinoCharacter,BPTYPE_Normal,EXTRACTED,HIGH,0,NOT_AVAILABLE,24,18,0,6,0,0,0,,,1,"[""has_descendants"",""referenced_by_assets"",""cross_domain_references""]"
/Game/PrimalEarth/CoreBlueprints/GeneTraits/TraitBPs/Inherit/Trait_Inherit_Base.Trait_Inherit_Base,Trait_Inherit_Base,/Script/Engine.Blueprint,/Game/PrimalEarth/CoreBlueprints/GeneTraits/TraitBPs/Inherit/Trait_Inherit_Base.Trait_Inherit_Base_C,/Game/PrimalEarth/CoreBlueprints/GeneTraits/TraitBPs/Trait_Base.Trait_Base_C,/Script/ShooterGame.GeneTrait,BPTYPE_Normal,EXTRACTED,HIGH,0,NOT_AVAILABLE,24,6,0,1,0,0,0,,,1,"[""has_descendants"",""referenced_by_assets""]"
/Game/PrimalEarth/CoreBlueprints/Inventories/PrimalInventoryBP_BaseFuelBurning.PrimalInventoryBP_BaseFuelBurning,PrimalInventoryBP_BaseFuelBurning,/Script/Engine.Blueprint,/Game/PrimalEarth/CoreBlueprints/Inventories/PrimalInventoryBP_BaseFuelBurning.PrimalInventoryBP_BaseFuelBurning_C,/Script/ShooterGame.PrimalInventoryComponent,/Script/ShooterGame.PrimalInventoryComponent,BPTYPE_Normal,EXTRACTED,HIGH,0,NOT_AVAILABLE,24,21,0,3,0,0,0,,,1,"[""has_descendants"",""referenced_by_assets"",""cross_domain_references""]"
/Game/PrimalEarth/CoreBlueprints/Items/Structures/BuildingBases/PrimalItemStructure_BaseCeiling.PrimalItemStructure_BaseCeiling,PrimalItemStructure_BaseCeiling,/Script/Engine.Blueprint,/Game/PrimalEarth/CoreBlueprints/Items/Structures/BuildingBases/PrimalItemStructure_BaseCeiling.PrimalItemStructure_BaseCeiling_C,/Game/PrimalEarth/CoreBlueprints/Items/Structures/BuildingBases/PrimalItemStructureGeneric.PrimalItemStructureGeneric_C,/Script/ShooterGame.PrimalItem,BPTYPE_Normal,EXTRACTED,HIGH,0,NOT_AVAILABLE,24,19,0,4,0,0,0,,,1,"[""has_descendants"",""referenced_by_assets"",""cross_domain_references""]"
/Game/PrimalEarth/Dinos/BaseBPs/DinoSettings_Herbivore_Medium.DinoSettings_Herbivore_Medium,DinoSettings_Herbivore_Medium,/Script/Engine.Blueprint,/Game/PrimalEarth/Dinos/BaseBPs/DinoSettings_Herbivore_Medium.DinoSettings_Herbivore_Medium_C,/Game/PrimalEarth/Dinos/BaseBPs/DinoSettings_Herbivore.DinoSettings_Herbivore_C,/Script/ShooterGame.PrimalDinoSettings,BPTYPE_Normal,EXTRACTED,HIGH,0,NOT_AVAILABLE,24,18,0,4,0,0,0,,,1,"[""has_descendants"",""referenced_by_assets"",""cross_domain_references""]"
/Game/Genesis/Missions/VRBattle/MissionType_VRBattle_Base.MissionType_VRBattle_Base,MissionType_VRBattle_Base,/Script/Engine.Blueprint,/Game/Genesis/Missions/VRBattle/MissionType_VRBattle_Base.MissionType_VRBattle_Base_C,/Game/Genesis/Missions/MissionTypeBlueprintBase.MissionTypeBlueprintBase_C,/Script/ShooterGame.MissionType,BPTYPE_Normal,EXTRACTED,HIGH,1,FRESH,23,14,0,1,0,0,2,,,1,"[""has_descendants"",""referenced_by_assets"",""blueprint_native_boundary""]"
/Game/LostColony/Missions/Overworld/Outpost/Base/BPLI_LC_OutpostMission.BPLI_LC_OutpostMission,BPLI_LC_OutpostMission,/Script/Engine.Blueprint,/Game/LostColony/Missions/Overworld/Outpost/Base/BPLI_LC_OutpostMission.BPLI_LC_OutpostMission_C,/Script/ShooterGame.PrimalLevelInstance,/Script/ShooterGame.PrimalLevelInstance,BPTYPE_Normal,EXTRACTED,HIGH,0,NOT_AVAILABLE,23,23,0,1,0,0,0,,,1,"[""has_descendants"",""referenced_by_assets""]"
/Game/PrimalEarth/CoreBlueprints/Items/Consumables/BaseBPs/PrimalItemConsumable_UnlockEmote_BASE.PrimalItemConsumable_UnlockEmote_BASE,PrimalItemConsumable_UnlockEmote_BASE,/Script/Engine.Blueprint,/Game/PrimalEarth/CoreBlueprints/Items/Consumables/BaseBPs/PrimalItemConsumable_UnlockEmote_BASE.PrimalItemConsumable_UnlockEmote_BASE_C,/Game/PrimalEarth/CoreBlueprints/Items/Consumables/BaseBPs/PrimalItemConsumableGeneric.PrimalItemConsumableGeneric_C,/Script/ShooterGame.PrimalItem,BPTYPE_Normal,EXTRACTED,HIGH,0,NOT_AVAILABLE,23,21,0,1,0,0,0,,,1,"[""has_descendants"",""referenced_by_assets""]"
/Game/PrimalEarth/CoreBlueprints/Weapons/PrimalItem_WeaponBaseClub.PrimalItem_WeaponBaseClub,PrimalItem_WeaponBaseClub,/Script/Engine.Blueprint,/Game/PrimalEarth/CoreBlueprints/Weapons/PrimalItem_WeaponBaseClub.PrimalItem_WeaponBaseClub_C,/Game/PrimalEarth/CoreBlueprints/Weapons/PrimalItemWeaponGenericAmmoless.PrimalItemWeaponGenericAmmoless_C,/Script/ShooterGame.PrimalItem,BPTYPE_Normal,EXTRACTED,HIGH,0,NOT_AVAILABLE,23,11,0,5,0,0,0,,,1,"[""has_descendants"",""referenced_by_assets"",""cross_domain_references""]"
/Game/PrimalEarth/Dinos/Trike/Trike_Character_BP.Trike_Character_BP,Trike_Character_BP,/Script/Engine.Blueprint,/Game/PrimalEarth/Dinos/Trike/Trike_Character_BP.Trike_Character_BP_C,/Game/PrimalEarth/CoreBlueprints/Dino_Character_BP_Ramming.Dino_Character_BP_Ramming_C,/Script/ShooterGame.PrimalDinoCharacter,BPTYPE_Normal,EXTRACTED,HIGH,0,NOT_AVAILABLE,23,80,0,14,0,0,0,,,1,"[""has_descendants"",""referenced_by_assets"",""cross_domain_references""]"
/Game/PrimalEarth/Structures/TOF_ShipLoot.TOF_ShipLoot,TOF_ShipLoot,/Script/Engine.Blueprint,/Game/PrimalEarth/Structures/TOF_ShipLoot.TOF_ShipLoot_C,/Script/ShooterGame.PrimalShipLootCrate,/Script/ShooterGame.PrimalShipLootCrate,BPTYPE_Normal,EXTRACTED,HIGH,0,NOT_AVAILABLE,23,25,0,4,0,0,0,,,1,"[""has_descendants"",""referenced_by_assets"",""cross_domain_references""]"
/Game/Aberration/CoreBlueprints/Buffs/Buff_ChargeEmitter.Buff_ChargeEmitter,Buff_ChargeEmitter,/Script/Engine.Blueprint,/Game/Aberration/CoreBlueprints/Buffs/Buff_ChargeEmitter.Buff_ChargeEmitter_C,/Game/Aberration/CoreBlueprints/Buffs/Buff_ChargeManager.Buff_ChargeManager_C,/Script/ShooterGame.PrimalBuff,BPTYPE_Normal,EXTRACTED,HIGH,0,NOT_AVAILABLE,22,45,0,6,0,0,0,,,1,"[""has_descendants"",""referenced_by_assets"",""cross_domain_references""]"
/Game/LostColony/Missions/Overworld/Outpost/Attack/Base/Modules/MissionModule_LC_Outpost_Waves_Attack_Base.MissionModule_LC_Outpost_Waves_Attack_Base,MissionModule_LC_Outpost_Waves_Attack_Base,/Script/Engine.Blueprint,/Game/LostColony/Missions/Overworld/Outpost/Attack/Base/Modules/MissionModule_LC_Outpost_Waves_Attack_Base.MissionModule_LC_Outpost_Waves_Attack_Base_C,/Game/LostColony/Missions/Overworld/Outpost/Base/Modules/MissionModule_LC_Outpost_Waves_Base.MissionModule_LC_Outpost_Waves_Base_C,/Script/ShooterGame.NewMissionModuleBase,BPTYPE_Normal,EXTRACTED,HIGH,0,NOT_AVAILABLE,22,7,0,2,0,0,0,,,1,"[""has_descendants"",""referenced_by_assets"",""cross_domain_references""]"
/Game/PrimalEarth/CoreBlueprints/Items/Armor/Base/PrimalItemArmor_Base_Tek.PrimalItemArmor_Base_Tek,PrimalItemArmor_Base_Tek,/Script/Engine.Blueprint,/Game/PrimalEarth/CoreBlueprints/Items/Armor/Base/PrimalItemArmor_Base_Tek.PrimalItemArmor_Base_Tek_C,/Game/PrimalEarth/CoreBlueprints/Items/Armor/Base/PrimalItemArmorGeneric.PrimalItemArmorGeneric_C,/Script/ShooterGame.PrimalItem,BPTYPE_Normal,EXTRACTED,HIGH,0,NOT_AVAILABLE,22,22,0,3,0,0,0,,,1,"[""has_descendants"",""referenced_by_assets"",""cross_domain_references""]"
/Game/PrimalEarth/CoreBlueprints/PrimalGameDataARKNX_BP.PrimalGameDataARKNX_BP,PrimalGameDataARKNX_BP,/Script/Engine.Blueprint,/Game/PrimalEarth/CoreBlueprints/PrimalGameDataARKNX_BP.PrimalGameDataARKNX_BP_C,/Game/PrimalEarth/CoreBlueprints/PrimalGameData_BP.PrimalGameData_BP_C,/Script/ShooterGame.PrimalGameData,BPTYPE_Normal,EXTRACTED,HIGH,1,STALE,22,24,0,1,0,0,0,,,1,"[""has_descendants"",""referenced_by_assets"",""global_entry_name_hint_low_confidence""]"
/Game/PrimalEarth/CoreBlueprints/Weapons/WeapCrossbow.WeapCrossbow,WeapCrossbow,/Script/Engine.Blueprint,/Game/PrimalEarth/CoreBlueprints/Weapons/WeapCrossbow.WeapCrossbow_C,/Script/ShooterGame.ShooterWeapon_Projectile,/Script/ShooterGame.ShooterWeapon_Projectile,BPTYPE_Normal,EXTRACTED,HIGH,0,NOT_AVAILABLE,22,15,0,6,0,0,0,,,1,"[""has_descendants"",""referenced_by_assets"",""cross_domain_references""]"
/Game/PrimalEarth/Dinos/Rex/Rex_New/Rex_New_Chibi_AnimBP_BASE.Rex_New_Chibi_AnimBP_BASE,Rex_New_Chibi_AnimBP_BASE,/Script/Engine.AnimBlueprint,/Game/PrimalEarth/Dinos/Rex/Rex_New/Rex_New_Chibi_AnimBP_BASE.Rex_New_Chibi_AnimBP_BASE_C,/Script/Engine.AnimInstance,UNKNOWN,BPTYPE_Normal,EXTRACTED,HIGH,0,NOT_AVAILABLE,22,23,0,5,0,0,0,,,1,"[""has_descendants"",""referenced_by_assets"",""cross_domain_references""]"
/Game/PrimalEarth/LightingProbes/ChildIBL_Capture_Blueprint.ChildIBL_Capture_Blueprint,ChildIBL_Capture_Blueprint,/Script/Engine.Blueprint,/Game/PrimalEarth/LightingProbes/ChildIBL_Capture_Blueprint.ChildIBL_Capture_Blueprint_C,/Script/Engine.SphereReflectionCapture,UNKNOWN,BPTYPE_Normal,EXTRACTED,HIGH,0,NOT_AVAILABLE,22,23,0,4,0,0,0,,,1,"[""has_descendants"",""referenced_by_assets"",""cross_domain_references""]"
/Game/ASA/UI/DinoHelperHUD.DinoHelperHUD,DinoHelperHUD,/Script/UMGEditor.WidgetBlueprint,/Game/ASA/UI/DinoHelperHUD.DinoHelperHUD_C,/Script/ShooterGame.PrimalUI,/Script/ShooterGame.PrimalUI,BPTYPE_Normal,EXTRACTED,HIGH,0,NOT_AVAILABLE,21,21,0,5,0,0,0,,,1,"[""has_descendants"",""referenced_by_assets"",""cross_domain_references""]"
/Game/Genesis/Missions/GauntletWaves/Buff_GauntletDamageMultiplier.Buff_GauntletDamageMultiplier,Buff_GauntletDamageMultiplier,/Script/Engine.Blueprint,/Game/Genesis/Missions/GauntletWaves/Buff_GauntletDamageMultiplier.Buff_GauntletDamageMultiplier_C,/Game/PrimalEarth/CoreBlueprints/Buffs/Buff_Base.Buff_Base_C,UNKNOWN,BPTYPE_Normal,EXTRACTED,HIGH,0,NOT_AVAILABLE,21,5,0,2,0,0,0,,,1,"[""has_descendants"",""referenced_by_assets"",""cross_domain_references""]"
/Game/Genesis/Missions/GauntletWaves/PrimalItem_GauntletDamageBuffKey.PrimalItem_GauntletDamageBuffKey,PrimalItem_GauntletDamageBuffKey,/Script/Engine.Blueprint,/Game/Genesis/Missions/GauntletWaves/PrimalItem_GauntletDamageBuffKey.PrimalItem_GauntletDamageBuffKey_C,/Script/ShooterGame.PrimalItem,UNKNOWN,BPTYPE_Normal,EXTRACTED,HIGH,0,NOT_AVAILABLE,21,14,0,2,0,0,0,,,1,"[""has_descendants"",""referenced_by_assets"",""cross_domain_references""]"
/Game/Genesis/Missions/Race/Buff_RacePowerUp_Base.Buff_RacePowerUp_Base,Buff_RacePowerUp_Base,/Script/Engine.Blueprint,/Game/Genesis/Missions/Race/Buff_RacePowerUp_Base.Buff_RacePowerUp_Base_C,/Game/PrimalEarth/CoreBlueprints/Buffs/Buff_Base.Buff_Base_C,UNKNOWN,BPTYPE_Normal,EXTRACTED,HIGH,0,NOT_AVAILABLE,21,6,0,1,0,0,0,,,1,"[""has_descendants"",""referenced_by_assets""]"
/Game/Genesis/Missions/Sports/DodoBall/MissionType_Sport_Base.MissionType_Sport_Base,MissionType_Sport_Base,/Script/Engine.Blueprint,/Game/Genesis/Missions/Sports/DodoBall/MissionType_Sport_Base.MissionType_Sport_Base_C,/Game/Genesis/Missions/MissionTypeBlueprintBase.MissionTypeBlueprintBase_C,/Script/ShooterGame.MissionType,BPTYPE_Normal,EXTRACTED,HIGH,0,NOT_AVAILABLE,21,2,0,1,0,0,0,,,1,"[""has_descendants"",""referenced_by_assets""]"
/Game/PrimalEarth/CoreBlueprints/ExplorerChest/ExplorerChest_Base.ExplorerChest_Base,ExplorerChest_Base,/Script/Engine.Blueprint,/Game/PrimalEarth/CoreBlueprints/ExplorerChest/ExplorerChest_Base.ExplorerChest_Base_C,/Script/Engine.Actor,/Script/Engine.Actor,BPTYPE_Normal,EXTRACTED,HIGH,0,NOT_AVAILABLE,21,280,0,5,0,0,0,,,1,"[""has_descendants"",""referenced_by_assets"",""cross_domain_references""]"
/Game/PrimalEarth/CoreBlueprints/Items/Armor/Base/PrimalItemArmor_BaseBoots.PrimalItemArmor_BaseBoots,PrimalItemArmor_BaseBoots,/Script/Engine.Blueprint,/Game/PrimalEarth/CoreBlueprints/Items/Armor/Base/PrimalItemArmor_BaseBoots.PrimalItemArmor_BaseBoots_C,/Game/PrimalEarth/CoreBlueprints/Items/Armor/Base/PrimalItemArmorGeneric.PrimalItemArmorGeneric_C,/Script/ShooterGame.PrimalItem,BPTYPE_Normal,EXTRACTED,HIGH,0,NOT_AVAILABLE,21,43,0,11,0,0,0,,,1,"[""has_descendants"",""referenced_by_assets"",""cross_domain_references""]"
/Game/PrimalEarth/CoreBlueprints/Items/Armor/Base/PrimalItemArmor_BasePants.PrimalItemArmor_BasePants,PrimalItemArmor_BasePants,/Script/Engine.Blueprint,/Game/PrimalEarth/CoreBlueprints/Items/Armor/Base/PrimalItemArmor_BasePants.PrimalItemArmor_BasePants_C,/Game/PrimalEarth/CoreBlueprints/Items/Armor/Base/PrimalItemArmorGeneric.PrimalItemArmorGeneric_C,/Script/ShooterGame.PrimalItem,BPTYPE_Normal,EXTRACTED,HIGH,0,NOT_AVAILABLE,21,46,0,11,0,0,0,,,1,"[""has_descendants"",""referenced_by_assets"",""cross_domain_references""]"
/Game/PrimalEarth/CoreBlueprints/Items/Artifacts/PrimalItemArtifactGeneric.PrimalItemArtifactGeneric,PrimalItemArtifactGeneric,/Script/Engine.Blueprint,/Game/PrimalEarth/CoreBlueprints/Items/Artifacts/PrimalItemArtifactGeneric.PrimalItemArtifactGeneric_C,/Game/PrimalEarth/CoreBlueprints/Items/PrimalItem_Base.PrimalItem_Base_C,/Script/ShooterGame.PrimalItem,BPTYPE_Normal,EXTRACTED,HIGH,0,NOT_AVAILABLE,21,29,0,5,0,0,0,,,1,"[""has_descendants"",""referenced_by_assets"",""cross_domain_references""]"
/Game/PrimalEarth/CoreBlueprints/Resources/PrimalItemResource_Craftable.PrimalItemResource_Craftable,PrimalItemResource_Craftable,/Script/Engine.Blueprint,/Game/PrimalEarth/CoreBlueprints/Resources/PrimalItemResource_Craftable.PrimalItemResource_Craftable_C,/Game/PrimalEarth/CoreBlueprints/Resources/PrimalItemResourceGeneric.PrimalItemResourceGeneric_C,/Script/ShooterGame.PrimalItem,BPTYPE_Normal,EXTRACTED,HIGH,0,NOT_AVAILABLE,21,14,0,4,0,0,0,,,1,"[""has_descendants"",""referenced_by_assets"",""cross_domain_references""]"
/Game/PrimalEarth/CoreBlueprints/Spawners/DinoSpawnEntriesCaveTek.DinoSpawnEntriesCaveTek,DinoSpawnEntriesCaveTek,/Script/Engine.Blueprint,/Game/PrimalEarth/CoreBlueprints/Spawners/DinoSpawnEntriesCaveTek.DinoSpawnEntriesCaveTek_C,/Script/ShooterGame.NPCSpawnEntriesContainer,/Script/ShooterGame.NPCSpawnEntriesContainer,BPTYPE_Normal,EXTRACTED,HIGH,0,NOT_AVAILABLE,21,1,0,1,0,0,0,,,1,"[""has_descendants"",""referenced_by_assets""]"
/Game/PrimalEarth/Dinos/Carno/Carno_Character_BP.Carno_Character_BP,Carno_Character_BP,/Script/Engine.Blueprint,/Game/PrimalEarth/Dinos/Carno/Carno_Character_BP.Carno_Character_BP_C,/Game/PrimalEarth/CoreBlueprints/Dino_Character_BP.Dino_Character_BP_C,/Script/ShooterGame.PrimalDinoCharacter,BPTYPE_Normal,EXTRACTED,HIGH,1,FRESH,21,101,0,1,0,0,0,,,1,"[""has_descendants"",""referenced_by_assets""]"
/Game/PrimalEarth/Structures/BaseFuelBurner_GasOnly.BaseFuelBurner_GasOnly,BaseFuelBurner_GasOnly,/Script/Engine.Blueprint,/Game/PrimalEarth/Structures/BaseFuelBurner_GasOnly.BaseFuelBurner_GasOnly_C,/Game/PrimalEarth/Structures/BaseFuelBurner.BaseFuelBurner_C,/Script/ShooterGame.PrimalStructureItemContainer,BPTYPE_Normal,EXTRACTED,HIGH,0,NOT_AVAILABLE,21,15,0,4,0,0,0,,,1,"[""has_descendants"",""referenced_by_assets"",""cross_domain_references""]"
/Game/ASA/Dinos/SpiritBear/Gameplay/ToMerge/v2/Buff_State_Base.Buff_State_Base,Buff_State_Base,/Script/Engine.Blueprint,/Game/ASA/Dinos/SpiritBear/Gameplay/ToMerge/v2/Buff_State_Base.Buff_State_Base_C,/Game/ASA/Dinos/SpiritBear/Gameplay/ToMerge/v2/Buff_GameComp_Base_V2.Buff_GameComp_Base_V2_C,/Script/ShooterGame.PrimalBuff,BPTYPE_Normal,EXTRACTED,HIGH,0,NOT_AVAILABLE,20,20,0,1,0,0,0,,,1,"[""has_descendants"",""referenced_by_assets""]"
/Game/ASA/Dinos/SpiritBear/Gameplay/ToMerge/v2/GameComp_State_Definition_Base.GameComp_State_Definition_Base,GameComp_State_Definition_Base,/Script/Engine.Blueprint,/Game/ASA/Dinos/SpiritBear/Gameplay/ToMerge/v2/GameComp_State_Definition_Base.GameComp_State_Definition_Base_C,/Script/ShooterGame.Object_WithWorldContext,/Script/ShooterGame.Object_WithWorldContext,BPTYPE_Normal,EXTRACTED,HIGH,0,NOT_AVAILABLE,20,7,0,1,0,0,0,,,1,"[""has_descendants"",""referenced_by_assets""]"
/Game/Genesis/Missions/Sports/DodoBall/MissionType_Sport_BasketBall.MissionType_Sport_BasketBall,MissionType_Sport_BasketBall,/Script/Engine.Blueprint,/Game/Genesis/Missions/Sports/DodoBall/MissionType_Sport_BasketBall.MissionType_Sport_BasketBall_C,/Game/Genesis/Missions/Sports/DodoBall/MissionType_Sport_Base.MissionType_Sport_Base_C,/Script/ShooterGame.MissionType,BPTYPE_Normal,EXTRACTED,HIGH,0,NOT_AVAILABLE,20,5,0,1,0,0,0,,,1,"[""has_descendants"",""referenced_by_assets""]"
/Game/Genesis2/Missions/ModularMission/Gauntlet2/STA/MissionModule_Kill_Gauntlet_STA.MissionModule_Kill_Gauntlet_STA,MissionModule_Kill_Gauntlet_STA,/Script/Engine.Blueprint,/Game/Genesis2/Missions/ModularMission/Gauntlet2/STA/MissionModule_Kill_Gauntlet_STA.MissionModule_Kill_Gauntlet_STA_C,/Game/Genesis2/Missions/ModularMission/Gauntlet2/MissionModule_Kill_Gauntlet.MissionModule_Kill_Gauntlet_C,UNKNOWN,BPTYPE_Normal,EXTRACTED,HIGH,0,NOT_AVAILABLE,20,11,0,1,0,0,0,,,1,"[""has_descendants"",""referenced_by_assets""]"
/Game/Genesis2/Missions/ModularMission/Gauntlet2/STA/MissionModule_zSubmodule_SpawnCreatures_Gauntlet_STA.MissionModule_zSubmodule_SpawnCreatures_Gauntlet_STA,MissionModule_zSubmodule_SpawnCreatures_Gauntlet_STA,/Script/Engine.Blueprint,/Game/Genesis2/Missions/ModularMission/Gauntlet2/STA/MissionModule_zSubmodule_SpawnCreatures_Gauntlet_STA.MissionModule_zSubmodule_SpawnCreatures_Gauntlet_STA_C,/Game/Genesis2/Missions/ModularMission/Gauntlet2/MissionModule_zSubmodule_SpawnCreatures_Gauntlet.MissionModule_zSubmodule_SpawnCreatures_Gauntlet_C,UNKNOWN,BPTYPE_Normal,EXTRACTED,HIGH,0,NOT_AVAILABLE,20,13,0,1,0,0,0,,,1,"[""has_descendants"",""referenced_by_assets""]"
/Game/LostColony/Missions/Overworld/Outpost/Attack/Base/Modules/Sub/MissionSubModule_SpawnCreatures_Outpost_Attack.MissionSubModule_SpawnCreatures_Outpost_Attack,MissionSubModule_SpawnCreatures_Outpost_Attack,/Script/Engine.Blueprint,/Game/LostColony/Missions/Overworld/Outpost/Attack/Base/Modules/Sub/MissionSubModule_SpawnCreatures_Outpost_Attack.MissionSubModule_SpawnCreatures_Outpost_Attack_C,/Game/LostColony/Missions/Overworld/Outpost/Base/Modules/MissionSubModule_SpawnCreatures_LC_Outpost_Base.MissionSubModule_SpawnCreatures_LC_Outpost_Base_C,/Script/ShooterGame.NewMissionModuleBase,BPTYPE_Normal,EXTRACTED,HIGH,0,NOT_AVAILABLE,20,21,0,1,0,0,0,,,1,"[""has_descendants"",""referenced_by_assets""]"
/Game/PrimalEarth/CoreBlueprints/Buffs/Buff_Base_OnlyRelevantToOwner.Buff_Base_OnlyRelevantToOwner,Buff_Base_OnlyRelevantToOwner,/Script/Engine.Blueprint,/Game/PrimalEarth/CoreBlueprints/Buffs/Buff_Base_OnlyRelevantToOwner.Buff_Base_OnlyRelevantToOwner_C,/Game/PrimalEarth/CoreBlueprints/Buffs/Buff_Base.Buff_Base_C,/Script/ShooterGame.PrimalBuff,BPTYPE_Normal,EXTRACTED,HIGH,0,NOT_AVAILABLE,20,14,0,6,0,0,0,,,1,"[""has_descendants"",""referenced_by_assets"",""cross_domain_references""]"
/Game/PrimalEarth/CoreBlueprints/Items/Armor/Base/PrimalItemArmor_BaseGloves.PrimalItemArmor_BaseGloves,PrimalItemArmor_BaseGloves,/Script/Engine.Blueprint,/Game/PrimalEarth/CoreBlueprints/Items/Armor/Base/PrimalItemArmor_BaseGloves.PrimalItemArmor_BaseGloves_C,/Game/PrimalEarth/CoreBlueprints/Items/Armor/Base/PrimalItemArmorGeneric.PrimalItemArmorGeneric_C,/Script/ShooterGame.PrimalItem,BPTYPE_Normal,EXTRACTED,HIGH,0,NOT_AVAILABLE,20,41,0,11,0,0,0,,,1,"[""has_descendants"",""referenced_by_assets"",""cross_domain_references""]"
/Game/PrimalEarth/CoreBlueprints/Items/Armor/Saddles/PrimalItemCostume_Ghost_Base.PrimalItemCostume_Ghost_Base,PrimalItemCostume_Ghost_Base,/Script/Engine.Blueprint,/Game/PrimalEarth/CoreBlueprints/Items/Armor/Saddles/PrimalItemCostume_Ghost_Base.PrimalItemCostume_Ghost_Base_C,/Game/PrimalEarth/CoreBlueprints/Items/Armor/Skin/DearJane/PrimalItemCostumeGeneric_DinoColorization.PrimalItemCostumeGeneric_DinoColorization_C,/Script/ShooterGame.PrimalItem,BPTYPE_Normal,EXTRACTED,HIGH,0,NOT_AVAILABLE,20,20,0,1,0,0,0,,,1,"[""has_descendants"",""referenced_by_assets""]"
/Game/PrimalEarth/CoreBlueprints/Spawners/DinoSpawnEntriesCaveTek_Easy.DinoSpawnEntriesCaveTek_Easy,DinoSpawnEntriesCaveTek_Easy,/Script/Engine.Blueprint,/Game/PrimalEarth/CoreBlueprints/Spawners/DinoSpawnEntriesCaveTek_Easy.DinoSpawnEntriesCaveTek_Easy_C,/Game/PrimalEarth/CoreBlueprints/Spawners/DinoSpawnEntriesCaveTek.DinoSpawnEntriesCaveTek_C,/Script/ShooterGame.NPCSpawnEntriesContainer,BPTYPE_Normal,EXTRACTED,HIGH,0,NOT_AVAILABLE,20,7,0,1,0,0,0,,,1,"[""has_descendants"",""referenced_by_assets""]"
/Game/PrimalEarth/CoreBlueprints/Weapons/WeapCompoundBow.WeapCompoundBow,WeapCompoundBow,/Script/Engine.Blueprint,/Game/PrimalEarth/CoreBlueprints/Weapons/WeapCompoundBow.WeapCompoundBow_C,/Script/ShooterGame.PrimalWeaponBow,/Script/ShooterGame.PrimalWeaponBow,BPTYPE_Normal,EXTRACTED,HIGH,0,NOT_AVAILABLE,20,14,0,4,0,0,0,,,1,"[""has_descendants"",""referenced_by_assets"",""cross_domain_references""]"
/Game/PrimalEarth/CoreBlueprints/Weapons/WeapSword.WeapSword,WeapSword,/Script/Engine.Blueprint,/Game/PrimalEarth/CoreBlueprints/Weapons/WeapSword.WeapSword_C,/Game/PrimalEarth/CoreBlueprints/Weapons/WeapBaseClub.WeapBaseClub_C,/Script/ShooterGame.ShooterWeapon_Melee,BPTYPE_Normal,EXTRACTED,HIGH,0,NOT_AVAILABLE,20,26,0,5,0,0,0,,,1,"[""has_descendants"",""referenced_by_assets"",""cross_domain_references""]"
/Game/PrimalEarth/Dinos/BaseBPs/DinoSettings_Carnivore_Large.DinoSettings_Carnivore_Large,DinoSettings_Carnivore_Large,/Script/Engine.Blueprint,/Game/PrimalEarth/Dinos/BaseBPs/DinoSettings_Carnivore_Large.DinoSettings_Carnivore_Large_C,/Game/PrimalEarth/Dinos/BaseBPs/DinoSettings_Carnivore.DinoSettings_Carnivore_C,/Script/ShooterGame.PrimalDinoSettings,BPTYPE_Normal,EXTRACTED,HIGH,0,NOT_AVAILABLE,20,17,0,4,0,0,0,,,1,"[""has_descendants"",""referenced_by_assets"",""cross_domain_references""]"
/Game/PrimalEarth/Structures/ArtifactCrates/ArtifactCrate_Instantaneous_Alt.ArtifactCrate_Instantaneous_Alt,ArtifactCrate_Instantaneous_Alt,/Script/Engine.Blueprint,/Game/PrimalEarth/Structures/ArtifactCrates/ArtifactCrate_Instantaneous_Alt.ArtifactCrate_Instantaneous_Alt_C,/Game/PrimalEarth/Structures/BuildingBases/SupplyCrateBaseBP_Instantaneous.SupplyCrateBaseBP_Instantaneous_C,/Script/ShooterGame.PrimalStructureItemContainer_SupplyCrate,BPTYPE_Normal,EXTRACTED,HIGH,0,NOT_AVAILABLE,20,23,0,5,0,0,0,,,1,"[""has_descendants"",""referenced_by_assets"",""cross_domain_references""]"
/DinoDefense/Base/CharacterSystem/SimpleCharacter.SimpleCharacter,SimpleCharacter,/Script/Engine.Blueprint,/DinoDefense/Base/CharacterSystem/SimpleCharacter.SimpleCharacter_C,/Script/Engine.Character,/Script/Engine.Character,BPTYPE_Normal,EXTRACTED,HIGH,0,NOT_AVAILABLE,19,91,0,4,0,0,0,,,1,"[""has_descendants"",""referenced_by_assets"",""cross_domain_references""]"
/Game/ASA/CoreBlueprints/ActorTrackFilters/CharacterTrackFilter_Base.CharacterTrackFilter_Base,CharacterTrackFilter_Base,/Script/Engine.Blueprint,/Game/ASA/CoreBlueprints/ActorTrackFilters/CharacterTrackFilter_Base.CharacterTrackFilter_Base_C,/Script/ShooterGame.DinoTrackFilterOption,/Script/ShooterGame.DinoTrackFilterOption,BPTYPE_Normal,EXTRACTED,HIGH,0,NOT_AVAILABLE,19,21,0,2,0,0,0,,,1,"[""has_descendants"",""referenced_by_assets"",""cross_domain_references""]"
/Game/ASA/Dinos/SpiritBear/Gameplay/ToMerge/v2/Buff_State_Server_Base.Buff_State_Server_Base,Buff_State_Server_Base,/Script/Engine.Blueprint,/Game/ASA/Dinos/SpiritBear/Gameplay/ToMerge/v2/Buff_State_Server_Base.Buff_State_Server_Base_C,/Game/ASA/Dinos/SpiritBear/Gameplay/ToMerge/v2/Buff_State_Base.Buff_State_Base_C,/Script/ShooterGame.PrimalBuff,BPTYPE_Normal,EXTRACTED,HIGH,0,NOT_AVAILABLE,19,12,0,1,0,0,0,,,1,"[""has_descendants"",""referenced_by_assets""]"
/Game/ASA/Dinos/SpiritBear/States/Base/GameComp_State_SpiritBear_Base.GameComp_State_SpiritBear_Base,GameComp_State_SpiritBear_Base,/Script/Engine.Blueprint,/Game/ASA/Dinos/SpiritBear/States/Base/GameComp_State_SpiritBear_Base.GameComp_State_SpiritBear_Base_C,/Game/ASA/Dinos/SpiritBear/Gameplay/ToMerge/v2/GameComp_State_Definition_Base.GameComp_State_Definition_Base_C,/Script/ShooterGame.Object_WithWorldContext,BPTYPE_Normal,EXTRACTED,HIGH,0,NOT_AVAILABLE,19,9,0,1,0,0,0,,,1,"[""has_descendants"",""referenced_by_assets""]"
/Game/Extinction/CoreBlueprints/DinoSettings_Corrupt.DinoSettings_Corrupt,DinoSettings_Corrupt,/Script/Engine.Blueprint,/Game/Extinction/CoreBlueprints/DinoSettings_Corrupt.DinoSettings_Corrupt_C,/Game/PrimalEarth/Dinos/BaseBPs/DinoSettings_Base.DinoSettings_Base_C,/Script/ShooterGame.PrimalDinoSettings,BPTYPE_Normal,EXTRACTED,HIGH,0,NOT_AVAILABLE,19,3,0,2,0,0,0,,,1,"[""has_descendants"",""referenced_by_assets"",""cross_domain_references""]"
/Game/Genesis/Missions/GauntletWaves/Buff_GauntletDamageMultiplier_TempTame.Buff_GauntletDamageMultiplier_TempTame,Buff_GauntletDamageMultiplier_TempTame,/Script/Engine.Blueprint,/Game/Genesis/Missions/GauntletWaves/Buff_GauntletDamageMultiplier_TempTame.Buff_GauntletDamageMultiplier_TempTame_C,/Game/Genesis/Missions/GauntletWaves/Buff_GauntletDamageMultiplier.Buff_GauntletDamageMultiplier_C,UNKNOWN,BPTYPE_Normal,EXTRACTED,HIGH,0,NOT_AVAILABLE,19,21,0,2,0,0,0,,,1,"[""has_descendants"",""referenced_by_assets"",""cross_domain_references""]"
/Game/Genesis/Missions/GauntletWaves/MissionType_GauntletWaves_Base.MissionType_GauntletWaves_Base,MissionType_GauntletWaves_Base,/Script/Engine.Blueprint,/Game/Genesis/Missions/GauntletWaves/MissionType_GauntletWaves_Base.MissionType_GauntletWaves_Base_C,/Game/Genesis/Missions/MissionTypeBlueprintBase.MissionTypeBlueprintBase_C,/Script/ShooterGame.MissionType,BPTYPE_Normal,EXTRACTED,HIGH,0,NOT_AVAILABLE,19,13,0,3,0,0,0,,,1,"[""has_descendants"",""referenced_by_assets"",""cross_domain_references""]"
/Game/Genesis/Missions/GauntletWaves/PrimalItem_GauntletDamageBuffKey_TempTame.PrimalItem_GauntletDamageBuffKey_TempTame,PrimalItem_GauntletDamageBuffKey_TempTame,/Script/Engine.Blueprint,/Game/Genesis/Missions/GauntletWaves/PrimalItem_GauntletDamageBuffKey_TempTame.PrimalItem_GauntletDamageBuffKey_TempTame_C,/Game/Genesis/Missions/GauntletWaves/PrimalItem_GauntletDamageBuffKey.PrimalItem_GauntletDamageBuffKey_C,UNKNOWN,BPTYPE_Normal,EXTRACTED,HIGH,0,NOT_AVAILABLE,19,20,0,2,0,0,0,,,1,"[""has_descendants"",""referenced_by_assets"",""cross_domain_references""]"
/Game/Genesis/Missions/Race/Buff_RacePowerUp_Speed.Buff_RacePowerUp_Speed,Buff_RacePowerUp_Speed,/Script/Engine.Blueprint,/Game/Genesis/Missions/Race/Buff_RacePowerUp_Speed.Buff_RacePowerUp_Speed_C,/Game/Genesis/Missions/Race/Buff_RacePowerUp_Base.Buff_RacePowerUp_Base_C,/Script/ShooterGame.PrimalBuff,BPTYPE_Normal,EXTRACTED,HIGH,0,NOT_AVAILABLE,19,24,0,3,0,0,0,,,1,"[""has_descendants"",""referenced_by_assets"",""cross_domain_references""]"
/Game/Genesis2/Missions/ModularMission/MissionModule_zSubmodule_TeleportPlayers_Base.MissionModule_zSubmodule_TeleportPlayers_Base,MissionModule_zSubmodule_TeleportPlayers_Base,/Script/Engine.Blueprint,/Game/Genesis2/Missions/ModularMission/MissionModule_zSubmodule_TeleportPlayers_Base.MissionModule_zSubmodule_TeleportPlayers_Base_C,/Game/Genesis2/Missions/ModularMission/MissionModule_Base.MissionModule_Base_C,/Script/ShooterGame.NewMissionModuleBase,BPTYPE_Normal,EXTRACTED,HIGH,0,NOT_AVAILABLE,19,17,0,3,0,0,0,,,1,"[""has_descendants"",""referenced_by_assets"",""cross_domain_references""]"
/Game/PrimalEarth/CoreBlueprints/Items/Structures/BuildingBases/PrimalItemStructure_BaseDoor.PrimalItemStructure_BaseDoor,PrimalItemStructure_BaseDoor,/Script/Engine.Blueprint,/Game/PrimalEarth/CoreBlueprints/Items/Structures/BuildingBases/PrimalItemStructure_BaseDoor.PrimalItemStructure_BaseDoor_C,/Game/PrimalEarth/CoreBlueprints/Items/Structures/BuildingBases/PrimalItemStructureGeneric.PrimalItemStructureGeneric_C,/Script/ShooterGame.PrimalItem,BPTYPE_Normal,EXTRACTED,HIGH,0,NOT_AVAILABLE,19,13,0,3,0,0,0,,,1,"[""has_descendants"",""referenced_by_assets"",""cross_domain_references""]"
/Game/PrimalEarth/Structures/BuildingBases/GenericStructureSettings.GenericStructureSettings,GenericStructureSettings,/Script/Engine.Blueprint,/Game/PrimalEarth/Structures/BuildingBases/GenericStructureSettings.GenericStructureSettings_C,/Script/ShooterGame.PrimalStructureSettings,/Script/ShooterGame.PrimalStructureSettings,BPTYPE_Normal,EXTRACTED,HIGH,0,NOT_AVAILABLE,19,17,0,4,0,0,0,,,1,"[""has_descendants"",""referenced_by_assets"",""cross_domain_references""]"
/Game/PrimalEarth/Structures/Flag_SM.Flag_SM,Flag_SM,/Script/Engine.Blueprint,/Game/PrimalEarth/Structures/Flag_SM.Flag_SM_C,/Game/PrimalEarth/Structures/BuildingBases/StructureBaseBP.StructureBaseBP_C,/Script/ShooterGame.PrimalStructure,BPTYPE_Normal,EXTRACTED,HIGH,0,NOT_AVAILABLE,19,22,0,12,0,0,0,,,1,"[""has_descendants"",""referenced_by_assets"",""cross_domain_references""]"
/Game/ASA/CoreBlueprints/ActorTrackFilters/CharacterTrackFilter_SearchName.CharacterTrackFilter_SearchName,CharacterTrackFilter_SearchName,/Script/Engine.Blueprint,/Game/ASA/CoreBlueprints/ActorTrackFilters/CharacterTrackFilter_SearchName.CharacterTrackFilter_SearchName_C,/Game/ASA/CoreBlueprints/ActorTrackFilters/CharacterTrackFilter_Base.CharacterTrackFilter_Base_C,/Script/ShooterGame.DinoTrackFilterOption,BPTYPE_Normal,EXTRACTED,HIGH,0,NOT_AVAILABLE,18,4,0,1,0,0,0,,,1,"[""has_descendants"",""referenced_by_assets""]"
/Game/ASA/Dinos/SpiritBear/States/Base/Buff_State_Server_SBear_Base.Buff_State_Server_SBear_Base,Buff_State_Server_SBear_Base,/Script/Engine.Blueprint,/Game/ASA/Dinos/SpiritBear/States/Base/Buff_State_Server_SBear_Base.Buff_State_Server_SBear_Base_C,/Game/ASA/Dinos/SpiritBear/Gameplay/ToMerge/v2/Buff_State_Server_Base.Buff_State_Server_Base_C,/Script/ShooterGame.PrimalBuff,BPTYPE_Normal,EXTRACTED,HIGH,0,NOT_AVAILABLE,18,11,0,1,0,0,0,,,1,"[""has_descendants"",""referenced_by_assets""]"
/Game/Base/GameplayComponents/Mechanics/StateMachine/v3/Buff_State_Base_v3.Buff_State_Base_v3,Buff_State_Base_v3,/Script/Engine.Blueprint,/Game/Base/GameplayComponents/Mechanics/StateMachine/v3/Buff_State_Base_v3.Buff_State_Base_v3_C,/Game/Base/GameplayComponents/v2/Buff_GameComp_Base_V3.Buff_GameComp_Base_V3_C,/Script/ShooterGame.PrimalBuff,BPTYPE_Normal,EXTRACTED,HIGH,0,NOT_AVAILABLE,18,18,0,2,0,0,0,,,1,"[""has_descendants"",""referenced_by_assets"",""cross_domain_references""]"
/Game/Genesis/Missions/Fishing/MissionType_Fishing_Base.MissionType_Fishing_Base,MissionType_Fishing_Base,/Script/Engine.Blueprint,/Game/Genesis/Missions/Fishing/MissionType_Fishing_Base.MissionType_Fishing_Base_C,/Game/Genesis/Missions/MissionTypeBlueprintBase.MissionTypeBlueprintBase_C,/Script/ShooterGame.MissionType,BPTYPE_Normal,EXTRACTED,HIGH,0,NOT_AVAILABLE,18,8,0,1,0,0,0,,,1,"[""has_descendants"",""referenced_by_assets""]"
/Game/Genesis2/Missions/ModularMission/NestProtect/MissionModule_ZSubmodule_SpawnCreatures_NestProtect.MissionModule_ZSubmodule_SpawnCreatures_NestProtect,MissionModule_ZSubmodule_SpawnCreatures_NestProtect,/Script/Engine.Blueprint,/Game/Genesis2/Missions/ModularMission/NestProtect/MissionModule_ZSubmodule_SpawnCreatures_NestProtect.MissionModule_ZSubmodule_SpawnCreatures_NestProtect_C,/Game/Genesis2/Missions/ModularMission/MissionModule_zSubmodule_SpawnCreatures_Base.MissionModule_zSubmodule_SpawnCreatures_Base_C,UNKNOWN,BPTYPE_Normal,EXTRACTED,HIGH,0,NOT_AVAILABLE,18,16,0,1,0,0,0,,,1,"[""has_descendants"",""referenced_by_assets""]"
/Game/LostColony/Missions/Overworld/Outpost/Base/Modules/MissionModule_LC_Outpost_BossFight_Base.MissionModule_LC_Outpost_BossFight_Base,MissionModule_LC_Outpost_BossFight_Base,/Script/Engine.Blueprint,/Game/LostColony/Missions/Overworld/Outpost/Base/Modules/MissionModule_LC_Outpost_BossFight_Base.MissionModule_LC_Outpost_BossFight_Base_C,/Game/Genesis2/Missions/ModularMission/MissionModule_Base.MissionModule_Base_C,/Script/ShooterGame.NewMissionModuleBase,BPTYPE_Normal,EXTRACTED,HIGH,0,NOT_AVAILABLE,18,3,0,2,0,0,0,,,1,"[""has_descendants"",""referenced_by_assets"",""cross_domain_references""]"
/Game/LostColony/Missions/Overworld/Outpost/Defend/Base/Modules/Sub/Waves/MissionSubModule_SpawnCreatures_Outpost_Defend_Wave_Base.MissionSubModule_SpawnCreatures_Outpost_Defend_Wave_Base,MissionSubModule_SpawnCreatures_Outpost_Defend_Wave_Base,/Script/Engine.Blueprint,/Game/LostColony/Missions/Overworld/Outpost/Defend/Base/Modules/Sub/Waves/MissionSubModule_SpawnCreatures_Outpost_Defend_Wave_Base.MissionSubModule_SpawnCreatures_Outpost_Defend_Wave_Base_C,/Game/LostColony/Missions/Overworld/Outpost/Base/Modules/MissionSubModule_SpawnCreatures_LC_Outpost_Base.MissionSubModule_SpawnCreatures_LC_Outpost_Base_C,/Script/ShooterGame.NewMissionModuleBase,BPTYPE_Normal,EXTRACTED,HIGH,0,NOT_AVAILABLE,18,19,0,1,0,0,0,,,1,"[""has_descendants"",""referenced_by_assets""]"
/Game/PrimalEarth/CoreAI/Dino_AIController_BP_Climber.Dino_AIController_BP_Climber,Dino_AIController_BP_Climber,/Script/Engine.Blueprint,/Game/PrimalEarth/CoreAI/Dino_AIController_BP_Climber.Dino_AIController_BP_Climber_C,/Game/PrimalEarth/CoreAI/Dino_AIController_BP.Dino_AIController_BP_C,/Script/ShooterGame.PrimalDinoAIController,BPTYPE_Normal,EXTRACTED,HIGH,0,NOT_AVAILABLE,18,14,0,5,0,0,0,,,1,"[""has_descendants"",""referenced_by_assets"",""cross_domain_references""]"
/Game/PrimalEarth/CoreBlueprints/Buffs/Buff_TekArmor.Buff_TekArmor,Buff_TekArmor,/Script/Engine.Blueprint,/Game/PrimalEarth/CoreBlueprints/Buffs/Buff_TekArmor.Buff_TekArmor_C,/Game/PrimalEarth/CoreBlueprints/Buffs/Buff_OverrideVelocity.Buff_OverrideVelocity_C,/Script/ShooterGame.PrimalBuff,BPTYPE_Normal,EXTRACTED,HIGH,0,NOT_AVAILABLE,18,23,0,6,0,0,0,,,1,"[""has_descendants"",""referenced_by_assets"",""cross_domain_references""]"
/Game/PrimalEarth/CoreBlueprints/DamageTypes/DmgType_Melee_HarvestWeapon.DmgType_Melee_HarvestWeapon,DmgType_Melee_HarvestWeapon,/Script/Engine.Blueprint,/Game/PrimalEarth/CoreBlueprints/DamageTypes/DmgType_Melee_HarvestWeapon.DmgType_Melee_HarvestWeapon_C,/Game/PrimalEarth/CoreBlueprints/DamageTypes/DmgType_Melee_Torpidity_Low.DmgType_Melee_Torpidity_Low_C,/Script/ShooterGame.ShooterDamageType,BPTYPE_Const,EXTRACTED,HIGH,0,NOT_AVAILABLE,18,55,0,8,0,0,0,,,1,"[""has_descendants"",""referenced_by_assets"",""cross_domain_references""]"
/Game/PrimalEarth/CoreBlueprints/DinoCharacterStatusComponent_BP_TorpidityControl.DinoCharacterStatusComponent_BP_TorpidityControl,DinoCharacterStatusComponent_BP_TorpidityControl,/Script/Engine.Blueprint,/Game/PrimalEarth/CoreBlueprints/DinoCharacterStatusComponent_BP_TorpidityControl.DinoCharacterStatusComponent_BP_TorpidityControl_C,/Game/PrimalEarth/CoreBlueprints/DinoCharacterStatusComponent_BP.DinoCharacterStatusComponent_BP_C,/Script/ShooterGame.PrimalDinoStatusComponent,BPTYPE_Normal,EXTRACTED,HIGH,0,NOT_AVAILABLE,18,18,0,6,0,0,0,,,1,"[""has_descendants"",""referenced_by_assets"",""cross_domain_references""]"
/Game/PrimalEarth/CoreBlueprints/Items/Consumables/Seeds/PrimalItemConsumable_Seed_BaseBerry.PrimalItemConsumable_Seed_BaseBerry,PrimalItemConsumable_Seed_BaseBerry,/Script/Engine.Blueprint,/Game/PrimalEarth/CoreBlueprints/Items/Consumables/Seeds/PrimalItemConsumable_Seed_BaseBerry.PrimalItemConsumable_Seed_BaseBerry_C,/Game/PrimalEarth/CoreBlueprints/Items/Consumables/Seeds/PrimalItemConsumableSeed.PrimalItemConsumableSeed_C,/Script/ShooterGame.PrimalItem,BPTYPE_Normal,EXTRACTED,HIGH,0,NOT_AVAILABLE,18,17,0,2,0,0,0,,,1,"[""has_descendants"",""referenced_by_assets"",""cross_domain_references""]"
/Game/PrimalEarth/CoreBlueprints/Projectiles/ProjWebBall.ProjWebBall,ProjWebBall,/Script/Engine.Blueprint,/Game/PrimalEarth/CoreBlueprints/Projectiles/ProjWebBall.ProjWebBall_C,/Script/ShooterGame.ShooterProjectile,UNKNOWN,BPTYPE_Normal,EXTRACTED,HIGH,0,NOT_AVAILABLE,18,8,0,3,0,0,0,,,1,"[""has_descendants"",""referenced_by_assets"",""cross_domain_references""]"
/Game/PrimalEarth/CoreBlueprints/Weapons/WeapBaseHatchet.WeapBaseHatchet,WeapBaseHatchet,/Script/Engine.Blueprint,/Game/PrimalEarth/CoreBlueprints/Weapons/WeapBaseHatchet.WeapBaseHatchet_C,/Game/PrimalEarth/CoreBlueprints/Weapons/WeapBaseMelee.WeapBaseMelee_C,/Script/ShooterGame.ShooterWeapon_Melee,BPTYPE_Normal,EXTRACTED,HIGH,0,NOT_AVAILABLE,18,9,0,2,0,0,0,,,1,"[""has_descendants"",""referenced_by_assets"",""cross_domain_references""]"
/Game/PrimalEarth/Structures/BuildingBases/Sign_Small_Base.Sign_Small_Base,Sign_Small_Base,/Script/Engine.Blueprint,/Game/PrimalEarth/Structures/BuildingBases/Sign_Small_Base.Sign_Small_Base_C,/Game/PrimalEarth/Structures/BuildingBases/Sign_Base.Sign_Base_C,/Script/ShooterGame.PrimalStructureSign,BPTYPE_Normal,EXTRACTED,HIGH,0,NOT_AVAILABLE,18,17,0,5,0,0,0,,,1,"[""has_descendants"",""referenced_by_assets"",""cross_domain_references""]"
/cfcore_ui/Widgets/Customization/UI_CFCore_CustomizeColorSlot.UI_CFCore_CustomizeColorSlot,UI_CFCore_CustomizeColorSlot,/Script/UMGEditor.WidgetBlueprint,/cfcore_ui/Widgets/Customization/UI_CFCore_CustomizeColorSlot.UI_CFCore_CustomizeColorSlot_C,/Script/ShooterGame.PrimalUserWidget,/Script/ShooterGame.PrimalUserWidget,BPTYPE_Normal,EXTRACTED,HIGH,0,NOT_AVAILABLE,18,19,0,1,0,0,0,,,1,"[""has_descendants"",""referenced_by_assets""]"
/Game/Aberration/CoreBlueprints/LanternPet_Character_BP.LanternPet_Character_BP,LanternPet_Character_BP,/Script/Engine.Blueprint,/Game/Aberration/CoreBlueprints/LanternPet_Character_BP.LanternPet_Character_BP_C,/Game/PrimalEarth/CoreBlueprints/Dino_Character_BP.Dino_Character_BP_C,/Script/ShooterGame.PrimalDinoCharacter,BPTYPE_Normal,EXTRACTED,HIGH,0,NOT_AVAILABLE,17,25,0,7,0,0,0,,,1,"[""has_descendants"",""referenced_by_assets"",""cross_domain_references""]"
/Game/Base/GameplayComponents/Mechanics/StateMachine/v3/GameComp_State_Definition_Base_v3.GameComp_State_Definition_Base_v3,GameComp_State_Definition_Base_v3,/Script/Engine.Blueprint,/Game/Base/GameplayComponents/Mechanics/StateMachine/v3/GameComp_State_Definition_Base_v3.GameComp_State_Definition_Base_v3_C,/Script/ShooterGame.Object_WithWorldContext,/Script/ShooterGame.Object_WithWorldContext,BPTYPE_Normal,EXTRACTED,HIGH,0,NOT_AVAILABLE,17,23,0,2,0,0,0,,,1,"[""has_descendants"",""referenced_by_assets"",""cross_domain_references""]"
/Game/Genesis/Missions/Ocean/Outpost/Base/MissionType_Gen_Outpost_Base.MissionType_Gen_Outpost_Base,MissionType_Gen_Outpost_Base,/Script/Engine.Blueprint,/Game/Genesis/Missions/Ocean/Outpost/Base/MissionType_Gen_Outpost_Base.MissionType_Gen_Outpost_Base_C,/Game/LostColony/Missions/Overworld/Base/MissionType_LC_Overworld_Base.MissionType_LC_Overworld_Base_C,/Script/ShooterGame.MissionType_ModularMissionBase,BPTYPE_Normal,EXTRACTED,HIGH,0,NOT_AVAILABLE,17,1,0,1,0,0,0,,,1,"[""has_descendants"",""referenced_by_assets""]"
/Game/Genesis/Missions/Ocean/Outpost/Ocean/Base/Modules/Sub/MissionSubModule_SpawnCreatures_Gen_Outpost_Sabotage_Base.MissionSubModule_SpawnCreatures_Gen_Outpost_Sabotage_Base,MissionSubModule_SpawnCreatures_Gen_Outpost_Sabotage_Base,/Script/Engine.Blueprint,/Game/Genesis/Missions/Ocean/Outpost/Ocean/Base/Modules/Sub/MissionSubModule_SpawnCreatures_Gen_Outpost_Sabotage_Base.MissionSubModule_SpawnCreatures_Gen_Outpost_Sabotage_Base_C,/Game/Genesis/Missions/Ocean/Outpost/Ocean/Base/Modules/Sub/MissionSubModule_SpawnCreatures_Gen_Outpost_Ocean_Base.MissionSubModule_SpawnCreatures_Gen_Outpost_Ocean_Base_C,/Script/ShooterGame.NewMissionModuleBase,BPTYPE_Normal,EXTRACTED,HIGH,0,NOT_AVAILABLE,17,17,0,1,0,0,0,,,1,"[""has_descendants"",""referenced_by_assets""]"
/Game/Genesis2/Missions/ModularMission/MissionModule_Checkpoints.MissionModule_Checkpoints,MissionModule_Checkpoints,/Script/Engine.Blueprint,/Game/Genesis2/Missions/ModularMission/MissionModule_Checkpoints.MissionModule_Checkpoints_C,/Game/Genesis2/Missions/ModularMission/MissionModule_Base.MissionModule_Base_C,/Script/ShooterGame.NewMissionModuleBase,BPTYPE_Normal,EXTRACTED,HIGH,0,NOT_AVAILABLE,17,20,0,2,0,0,0,,,1,"[""has_descendants"",""referenced_by_assets"",""cross_domain_references""]"
/Game/Genesis2/Missions/ModularMission/Proj_ModularMission_Base.Proj_ModularMission_Base,Proj_ModularMission_Base,/Script/Engine.Blueprint,/Game/Genesis2/Missions/ModularMission/Proj_ModularMission_Base.Proj_ModularMission_Base_C,/Script/ShooterGame.ShooterProjectile,UNKNOWN,BPTYPE_Normal,EXTRACTED,HIGH,0,NOT_AVAILABLE,17,5,0,1,0,0,0,,,1,"[""has_descendants"",""referenced_by_assets""]"
/Game/LostColony/Weapons/TekSpear/ProjSpear_Tek.ProjSpear_Tek,ProjSpear_Tek,/Script/Engine.Blueprint,/Game/LostColony/Weapons/TekSpear/ProjSpear_Tek.ProjSpear_Tek_C,/Game/PrimalEarth/CoreBlueprints/Projectiles/ProjSpear.ProjSpear_C,/Script/ShooterGame.PrimalProjectileArrow,BPTYPE_Normal,EXTRACTED,HIGH,0,NOT_AVAILABLE,17,16,0,1,0,0,0,,,1,"[""has_descendants"",""referenced_by_assets""]"
/Game/PrimalEarth/CoreBlueprints/Dino_Character_BP_DivingFlyer.Dino_Character_BP_DivingFlyer,Dino_Character_BP_DivingFlyer,/Script/Engine.Blueprint,/Game/PrimalEarth/CoreBlueprints/Dino_Character_BP_DivingFlyer.Dino_Character_BP_DivingFlyer_C,/Game/PrimalEarth/CoreBlueprints/Dino_Character_BP.Dino_Character_BP_C,/Script/ShooterGame.PrimalDinoCharacter,BPTYPE_Normal,EXTRACTED,HIGH,0,NOT_AVAILABLE,17,12,0,4,0,0,0,,,1,"[""has_descendants"",""referenced_by_assets"",""cross_domain_references""]"
/Game/PrimalEarth/CoreBlueprints/Dino_Character_BP_VariableAnim.Dino_Character_BP_VariableAnim,Dino_Character_BP_VariableAnim,/Script/Engine.Blueprint,/Game/PrimalEarth/CoreBlueprints/Dino_Character_BP_VariableAnim.Dino_Character_BP_VariableAnim_C,/Game/PrimalEarth/CoreBlueprints/Dino_Character_BP.Dino_Character_BP_C,/Script/ShooterGame.PrimalDinoCharacter,BPTYPE_Normal,EXTRACTED,HIGH,0,NOT_AVAILABLE,17,6,0,2,0,0,0,,,1,"[""has_descendants"",""referenced_by_assets"",""cross_domain_references""]"
/Game/PrimalEarth/CoreBlueprints/Items/Structures/BuildingBases/PrimalItemStructure_BaseGate.PrimalItemStructure_BaseGate,PrimalItemStructure_BaseGate,/Script/Engine.Blueprint,/Game/PrimalEarth/CoreBlueprints/Items/Structures/BuildingBases/PrimalItemStructure_BaseGate.PrimalItemStructure_BaseGate_C,/Game/PrimalEarth/CoreBlueprints/Items/Structures/BuildingBases/PrimalItemStructureGeneric.PrimalItemStructureGeneric_C,/Script/ShooterGame.PrimalItem,BPTYPE_Normal,EXTRACTED,HIGH,0,NOT_AVAILABLE,17,17,0,5,0,0,0,,,1,"[""has_descendants"",""referenced_by_assets"",""cross_domain_references""]"
/Game/PrimalEarth/CoreBlueprints/Weapons/PrimalItemAmmo_ArrowBase.PrimalItemAmmo_ArrowBase,PrimalItemAmmo_ArrowBase,/Script/Engine.Blueprint,/Game/PrimalEarth/CoreBlueprints/Weapons/PrimalItemAmmo_ArrowBase.PrimalItemAmmo_ArrowBase_C,/Game/PrimalEarth/CoreBlueprints/Weapons/PrimalItemAmmo_Base.PrimalItemAmmo_Base_C,/Script/ShooterGame.PrimalItem,BPTYPE_Normal,EXTRACTED,HIGH,0,NOT_AVAILABLE,17,10,0,3,0,0,0,,,1,"[""has_descendants"",""referenced_by_assets"",""cross_domain_references""]"
/Game/PrimalEarth/CoreBlueprints/Weapons/WeapMachinedPistol.WeapMachinedPistol,WeapMachinedPistol,/Script/Engine.Blueprint,/Game/PrimalEarth/CoreBlueprints/Weapons/WeapMachinedPistol.WeapMachinedPistol_C,/Script/ShooterGame.ShooterWeapon_Instant,/Script/ShooterGame.ShooterWeapon_Instant,BPTYPE_Normal,EXTRACTED,HIGH,0,NOT_AVAILABLE,17,11,0,3,0,0,0,,,1,"[""has_descendants"",""referenced_by_assets"",""cross_domain_references""]"
/Game/PrimalEarth/Dinos/Stego/Stego_Character_BP.Stego_Character_BP,Stego_Character_BP,/Script/Engine.Blueprint,/Game/PrimalEarth/Dinos/Stego/Stego_Character_BP.Stego_Character_BP_C,/Game/PrimalEarth/CoreBlueprints/Dino_Character_BP.Dino_Character_BP_C,/Script/ShooterGame.PrimalDinoCharacter,BPTYPE_Normal,EXTRACTED,HIGH,0,NOT_AVAILABLE,17,126,0,15,0,0,0,,,1,"[""has_descendants"",""referenced_by_assets"",""cross_domain_references""]"
/Game/PrimalEarth/Structures/TekTier/Door_Tek_Base.Door_Tek_Base,Door_Tek_Base,/Script/Engine.Blueprint,/Game/PrimalEarth/Structures/TekTier/Door_Tek_Base.Door_Tek_Base_C,/Game/PrimalEarth/Structures/BuildingBases/Door_Base_SM.Door_Base_SM_C,/Script/ShooterGame.PrimalStructureDoor,BPTYPE_Normal,EXTRACTED,HIGH,0,NOT_AVAILABLE,17,17,0,2,0,0,0,,,1,"[""has_descendants"",""referenced_by_assets"",""cross_domain_references""]"
